rank,player_name_raw,player_name_key,recommendation_season,league,team,source,source_id,model_setup,score,reason_summary,games,minutes,minutes_per_game,points,rebounds,assists,steals,blocks,turnovers,points_per_36,usage_proxy,ts_pct,efg_pct,fg_pct,three_pct,ft_pct,field_goal_attempts,three_point_attempts,free_throw_attempts,data_completeness_score,has_prior_cba_experience_before_t,prior_cba_seasons_before_t,prior_cba_last_seen_gap,has_previous_season_record,points_per_36_trend,usage_proxy_trend,ts_pct_trend,minutes_per_game_trend,height,weight,age,birth_year,birth_date,biodata_source,biodata_notes,position,country,last_affiliation,age_at_recommendation_season,official_player_url,official_stats_url,official_search_url,nba_stats_url,euroleague_profile_or_search_url,league_official_search_url,video_search_query,youtube_search_url,google_video_search_url,youtube_highlight_search_url,cba_video_search_query,is_current_recommendation_season,export_scope,input_dataset_used,season,source_id_playerseason,league_playerseason,nba_player_id,birthdate,school,season_exp,rosterstatus,biodata_match_confidence,biodata_match_method,cache_status,cached_at
1,Terrence Shannon Jr.,terrenceshannon,2024-2025,G League,IWA,gleague_nba_api,gleague_nba_api,common CBA source league pool + rule-based baseline,1.6742906769884196,High-ranked candidate from a common CBA source league with strong usage/scoring profile.,,,34.7,,,,,,,41.4985590778098,0.831700288184438,0.821,,,,,,,,1.0,0,0,,0,,,,,6-6,215.0,,,,nba_api,,Guard-Forward,USA,Illinois/USA,24,https://www.nba.com/stats/player/1630545,https://www.nba.com/stats/player/1630545,https://www.google.com/search?q=%22Terrence+Shannon+Jr.%22+%22G+League%22+official+basketball+stats,https://www.nba.com/stats/player/1630545,,https://www.google.com/search?q=%22Terrence+Shannon+Jr.%22+%22G+League%22+official+basketball+stats,Terrence Shannon Jr. G League basketball highlights,https://www.youtube.com/results?search_query=Terrence+Shannon+Jr.+G+League+basketball+highlights,https://www.google.com/search?tbm=vid&q=Terrence+Shannon+Jr.+G+League+basketball+highlights,https://www.youtube.com/results?search_query=Terrence+Shannon+Jr.+G+League+basketball+highlights,,True,latest_season_only,E:\Project cba\data\reports\context_feature_topk_predictions.csv,2024-2025,gleague_nba_api,G League,1630545.0,2000-07-30T00:00:00,Illinois,1.0,Active,high,exact_player_name_key_unique,commonplayerinfo_success,2026-06-03T12:33:49.190864+00:00
2,Jalen Hood-Schifino,jalenhoodschifino,2024-2025,G League,DEL,gleague_nba_api,gleague_nba_api,common CBA source league pool + rule-based baseline,1.643959532700264,High-ranked candidate from a common CBA source league with strong usage/scoring profile.,,,25.3,,,,,,,38.418972332015805,0.8872727272727271,0.696,,,,,,,,1.0,0,0,,1,16.0460909760836,0.3225269645608627,0.0429999999999999,-10.099999999999998,6-5,210.0,,,,nba_api,,Guard,USA,Indiana/USA,21,https://www.nba.com/stats/player/1641720,https://www.nba.com/stats/player/1641720,https://www.google.com/search?q=%22Jalen+Hood-Schifino%22+%22G+League%22+official+basketball+stats,https://www.nba.com/stats/player/1641720,,https://www.google.com/search?q=%22Jalen+Hood-Schifino%22+%22G+League%22+official+basketball+stats,Jalen Hood-Schifino G League basketball highlights,https://www.youtube.com/results?search_query=Jalen+Hood-Schifino+G+League+basketball+highlights,https://www.google.com/search?tbm=vid&q=Jalen+Hood-Schifino+G+League+basketball+highlights,https://www.youtube.com/results?search_query=Jalen+Hood-Schifino+G+League+basketball+highlights,,True,latest_season_only,E:\Project cba\data\reports\context_feature_topk_predictions.csv,2023-2024,gleague_nba_api,G League,1641720.0,2003-06-19T00:00:00,Indiana,3.0,Inactive,high,exact_player_name_key_unique,commonplayerinfo_success,2026-06-03T12:33:50.516057+00:00
3,Adam Flagler,adamflagler,2024-2025,G League,OKL,gleague_nba_api,gleague_nba_api,common CBA source league pool + rule-based baseline,1.6410121894851295,High-ranked candidate from a common CBA source league with strong usage/scoring profile.,,,28.3,,,,,,,39.43462897526503,0.7731448763250883,0.742,,,,,,,,1.0,0,0,,1,19.76021037061387,0.2767107677979566,0.149,2.5,6-3,180.0,,,,nba_api,,Guard,USA,Baylor/USA,24,https://www.nba.com/stats/player/1641745,https://www.nba.com/stats/player/1641745,https://www.google.com/search?q=%22Adam+Flagler%22+%22G+League%22+official+basketball+stats,https://www.nba.com/stats/player/1641745,,https://www.google.com/search?q=%22Adam+Flagler%22+%22G+League%22+official+basketball+stats,Adam Flagler G League basketball highlights,https://www.youtube.com/results?search_query=Adam+Flagler+G+League+basketball+highlights,https://www.google.com/search?tbm=vid&q=Adam+Flagler+G+League+basketball+highlights,https://www.youtube.com/results?search_query=Adam+Flagler+G+League+basketball+highlights,,True,latest_season_only,E:\Project cba\data\reports\context_feature_topk_predictions.csv,2023-2024,gleague_nba_api,G League,1641745.0,1999-12-01T00:00:00,Baylor,3.0,Inactive,high,exact_player_name_key_unique,commonplayerinfo_success,2026-06-03T12:33:51.384281+00:00
4,Isaiah Thomas,isaiahthomas,2024-2025,G League,SLC,gleague_nba_api,gleague_nba_api,common CBA source league pool + rule-based baseline,1.5572913484043935,High-ranked candidate from a common CBA source league with strong usage/scoring profile.,,,30.8,,,,,,,34.01298701298701,0.8075324675324677,0.653,,,,,,,,1.0,0,0,,1,2.30566993981628,0.0834132263400556,-0.026,-6.099999999999998,5-9,185.0,,,,nba_api,,Guard,USA,Washington/USA,35,https://www.nba.com/stats/player/202738,https://www.nba.com/stats/player/202738,https://www.google.com/search?q=%22Isaiah+Thomas%22+%22G+League%22+official+basketball+stats,https://www.nba.com/stats/player/202738,,https://www.google.com/search?q=%22Isaiah+Thomas%22+%22G+League%22+official+basketball+stats,Isaiah Thomas G League basketball highlights,https://www.youtube.com/results?search_query=Isaiah+Thomas+G+League+basketball+highlights,https://www.google.com/search?tbm=vid&q=Isaiah+Thomas+G+League+basketball+highlights,https://www.youtube.com/results?search_query=Isaiah+Thomas+G+League+basketball+highlights,,True,latest_season_only,E:\Project cba\data\reports\context_feature_topk_predictions.csv,2021-2022,gleague_nba_api,G League,202738.0,1989-02-07T00:00:00,Washington,13.0,Inactive,high,exact_player_name_key_unique,commonplayerinfo_success,2026-06-03T12:33:52.234350+00:00
5,Ricky Council IV,rickycouncil,2024-2025,G League,DEL,gleague_nba_api,gleague_nba_api,common CBA source league pool + rule-based baseline,1.506738211406185,High-ranked candidate from a common CBA source league with strong usage/scoring profile.,,,37.6,,,,,,,33.03191489361702,0.7409574468085106,0.667,,,,,,,,1.0,0,0,,1,7.04441489361702,0.0947074468085106,0.05,5.600000000000001,6-6,207.0,,,,nba_api,,Guard,USA,Arkansas/USA,23,https://www.nba.com/stats/player/1641741,https://www.nba.com/stats/player/1641741,https://www.google.com/search?q=%22Ricky+Council+IV%22+%22G+League%22+official+basketball+stats,https://www.nba.com/stats/player/1641741,,https://www.google.com/search?q=%22Ricky+Council+IV%22+%22G+League%22+official+basketball+stats,Ricky Council IV G League basketball highlights,https://www.youtube.com/results?search_query=Ricky+Council+IV+G+League+basketball+highlights,https://www.google.com/search?tbm=vid&q=Ricky+Council+IV+G+League+basketball+highlights,https://www.youtube.com/results?search_query=Ricky+Council+IV+G+League+basketball+highlights,,True,latest_season_only,E:\Project cba\data\reports\context_feature_topk_predictions.csv,2023-2024,gleague_nba_api,G League,1641741.0,2001-08-03T00:00:00,Arkansas,3.0,Inactive,high,exact_player_name_key_unique,commonplayerinfo_success,2026-06-03T12:33:53.088270+00:00
6,Elijah Harkless,elijahharkless,2024-2025,G League,SLC,gleague_nba_api,gleague_nba_api,common CBA source league pool + rule-based baseline,1.493781986139005,High-ranked candidate from a common CBA source league with strong usage/scoring profile.,,,31.4,,,,,,,30.840764331210195,0.7321019108280253,0.653,,,,,,,,1.0,0,0,,1,12.362888225015508,0.2536948311820076,0.0160000000000001,8.799999999999997,6-3,195.0,,,,nba_api,,Guard,USA,UNLV/USA,24,https://www.nba.com/stats/player/1641989,https://www.nba.com/stats/player/1641989,https://www.google.com/search?q=%22Elijah+Harkless%22+%22G+League%22+official+basketball+stats,https://www.nba.com/stats/player/1641989,,https://www.google.com/search?q=%22Elijah+Harkless%22+%22G+League%22+official+basketball+stats,Elijah Harkless G League basketball highlights,https://www.youtube.com/results?search_query=Elijah+Harkless+G+League+basketball+highlights,https://www.google.com/search?tbm=vid&q=Elijah+Harkless+G+League+basketball+highlights,https://www.youtube.com/results?search_query=Elijah+Harkless+G+League+basketball+highlights,,True,latest_season_only,E:\Project cba\data\reports\context_feature_topk_predictions.csv,2023-2024,gleague_nba_api,G League,1641989.0,2000-02-03T00:00:00,UNLV,1.0,Active,high,exact_player_name_key_unique,commonplayerinfo_success,2026-06-03T12:33:53.920107+00:00
7,Reed Sheppard,reedsheppard,2024-2025,G League,RGV,gleague_nba_api,gleague_nba_api,common CBA source league pool + rule-based baseline,1.479818769830788,High-ranked candidate from a common CBA source league with strong usage/scoring profile.,,,35.5,,,,,,,31.132394366197182,0.7414084507042253,0.639,,,,,,,,1.0,0,0,,0,,,,,6-2,185.0,,,,nba_api,,Guard,USA,Kentucky/USA,20,https://www.nba.com/stats/player/1642263,https://www.nba.com/stats/player/1642263,https://www.google.com/search?q=%22Reed+Sheppard%22+%22G+League%22+official+basketball+stats,https://www.nba.com/stats/player/1642263,,https://www.google.com/search?q=%22Reed+Sheppard%22+%22G+League%22+official+basketball+stats,Reed Sheppard G League basketball highlights,https://www.youtube.com/results?search_query=Reed+Sheppard+G+League+basketball+highlights,https://www.google.com/search?tbm=vid&q=Reed+Sheppard+G+League+basketball+highlights,https://www.youtube.com/results?search_query=Reed+Sheppard+G+League+basketball+highlights,,True,latest_season_only,E:\Project cba\data\reports\context_feature_topk_predictions.csv,2024-2025,gleague_nba_api,G League,1642263.0,2004-06-24T00:00:00,Kentucky,1.0,Active,high,exact_player_name_key_unique,commonplayerinfo_success,2026-06-03T12:33:54.850686+00:00
8,Bryce McGowens,brycemcgowens,2024-2025,G League,RCR,gleague_nba_api,gleague_nba_api,common CBA source league pool + rule-based baseline,1.4738942613278818,High-ranked candidate from a common CBA source league with strong usage/scoring profile.,,,34.6,,,,,,,29.965317919075147,0.7239306358381503,0.653,,,,,,,,1.0,0,0,,1,5.8521103719053365,0.1044337804922383,0.053,2.8000000000000007,6-6,190.0,,,,nba_api,,Guard,USA,Nebraska/USA,21,https://www.nba.com/stats/player/1631121,https://www.nba.com/stats/player/1631121,https://www.google.com/search?q=%22Bryce+McGowens%22+%22G+League%22+official+basketball+stats,https://www.nba.com/stats/player/1631121,,https://www.google.com/search?q=%22Bryce+McGowens%22+%22G+League%22+official+basketball+stats,Bryce McGowens G League basketball highlights,https://www.youtube.com/results?search_query=Bryce+McGowens+G+League+basketball+highlights,https://www.google.com/search?tbm=vid&q=Bryce+McGowens+G+League+basketball+highlights,https://www.youtube.com/results?search_query=Bryce+McGowens+G+League+basketball+highlights,,True,latest_season_only,E:\Project cba\data\reports\context_feature_topk_predictions.csv,2022-2023,gleague_nba_api,G League,1631121.0,2002-11-08T00:00:00,Nebraska,3.0,Active,high,exact_player_name_key_unique,commonplayerinfo_success,2026-06-03T12:33:55.742007+00:00
9,Cody Williams,codywilliams,2024-2025,G League,SLC,gleague_nba_api,gleague_nba_api,common CBA source league pool + rule-based baseline,1.4729358560557624,High-ranked candidate from a common CBA source league with strong usage/scoring profile.,,,33.2,,,,,,,30.903614457831324,0.739156626506024,0.662,,,,,,,,1.0,0,0,,0,,,,,6-8,190.0,,,,nba_api,,Forward,USA,Colorado/USA,19,https://www.nba.com/stats/player/1642262,https://www.nba.com/stats/player/1642262,https://www.google.com/search?q=%22Cody+Williams%22+%22G+League%22+official+basketball+stats,https://www.nba.com/stats/player/1642262,,https://www.google.com/search?q=%22Cody+Williams%22+%22G+League%22+official+basketball+stats,Cody Williams G League basketball highlights,https://www.youtube.com/results?search_query=Cody+Williams+G+League+basketball+highlights,https://www.google.com/search?tbm=vid&q=Cody+Williams+G+League+basketball+highlights,https://www.youtube.com/results?search_query=Cody+Williams+G+League+basketball+highlights,,True,latest_season_only,E:\Project cba\data\reports\context_feature_topk_predictions.csv,2024-2025,gleague_nba_api,G League,1642262.0,2004-11-20T00:00:00,Colorado,1.0,Active,high,exact_player_name_key_unique,commonplayerinfo_success,2026-06-03T12:33:56.578787+00:00
10,Jabari Walker,jabariwalker,2024-2025,G League,RCR,gleague_nba_api,gleague_nba_api,common CBA source league pool + rule-based baseline,1.4686923711282938,High-ranked candidate from a common CBA source league with strong usage/scoring profile.,,,29.2,,,,,,,32.054794520547944,0.6575342465753424,0.802,,,,,,,,1.0,0,0,,0,,,,,6-7,237.0,,,,nba_api,,Forward,USA,Colorado/USA,22,https://www.nba.com/stats/player/1631133,https://www.nba.com/stats/player/1631133,https://www.google.com/search?q=%22Jabari+Walker%22+%22G+League%22+official+basketball+stats,https://www.nba.com/stats/player/1631133,,https://www.google.com/search?q=%22Jabari+Walker%22+%22G+League%22+official+basketball+stats,Jabari Walker G League basketball highlights,https://www.youtube.com/results?search_query=Jabari+Walker+G+League+basketball+highlights,https://www.google.com/search?tbm=vid&q=Jabari+Walker+G+League+basketball+highlights,https://www.youtube.com/results?search_query=Jabari+Walker+G+League+basketball+highlights,,True,latest_season_only,E:\Project cba\data\reports\context_feature_topk_predictions.csv,2024-2025,gleague_nba_api,G League,1631133.0,2002-07-30T00:00:00,Colorado,3.0,Active,high,exact_player_name_key_unique,commonplayerinfo_success,2026-06-03T12:33:57.489454+00:00
11,Mac McClung,macmcclung,2024-2025,G League,OSC,gleague_nba_api,gleague_nba_api,common CBA source league pool + rule-based baseline,1.443449435634954,High-ranked candidate from a common CBA source league with strong usage/scoring profile.,,,32.7,,,,,,,28.29357798165137,0.7011620795107033,0.659,,,,,,,,1.0,0,0,,1,2.157984761312388,0.0496366557818898,0.01,-2.699999999999996,6-2,185.0,,,,nba_api,,Guard,USA,Texas Tech/USA,25,https://www.nba.com/stats/player/1630644,https://www.nba.com/stats/player/1630644,https://www.google.com/search?q=%22Mac+McClung%22+%22G+League%22+official+basketball+stats,https://www.nba.com/stats/player/1630644,,https://www.google.com/search?q=%22Mac+McClung%22+%22G+League%22+official+basketball+stats,Mac McClung G League basketball highlights,https://www.youtube.com/results?search_query=Mac+McClung+G+League+basketball+highlights,https://www.google.com/search?tbm=vid&q=Mac+McClung+G+League+basketball+highlights,https://www.youtube.com/results?search_query=Mac+McClung+G+League+basketball+highlights,,True,latest_season_only,E:\Project cba\data\reports\context_feature_topk_predictions.csv,2021-2022,gleague_nba_api,G League,1630644.0,1999-01-06T00:00:00,Texas Tech,3.0,Active,high,exact_player_name_key_unique,commonplayerinfo_success,2026-06-03T12:33:58.338067+00:00
12,Bones Hyland,boneshyland,2024-2025,G League,IWA,gleague_nba_api,gleague_nba_api,common CBA source league pool + rule-based baseline,1.4241795724459894,High-ranked candidate from a common CBA source league with strong usage/scoring profile.,,,40.8,,,,,,,29.558823529411768,0.6245098039215686,0.684,,,,,,,,1.0,0,0,,0,,,,,6-2,169.0,,,,nba_api,,Guard,USA,Virginia Commonwealth/USA,24,https://www.nba.com/stats/player/1630538,https://www.nba.com/stats/player/1630538,https://www.google.com/search?q=%22Bones+Hyland%22+%22G+League%22+official+basketball+stats,https://www.nba.com/stats/player/1630538,,https://www.google.com/search?q=%22Bones+Hyland%22+%22G+League%22+official+basketball+stats,Bones Hyland G League basketball highlights,https://www.youtube.com/results?search_query=Bones+Hyland+G+League+basketball+highlights,https://www.google.com/search?tbm=vid&q=Bones+Hyland+G+League+basketball+highlights,https://www.youtube.com/results?search_query=Bones+Hyland+G+League+basketball+highlights,,True,latest_season_only,E:\Project cba\data\reports\context_feature_topk_predictions.csv,2024-2025,gleague_nba_api,G League,1630538.0,2000-09-14T00:00:00,Virginia Commonwealth,4.0,Active,high,exact_player_name_key_unique,commonplayerinfo_success,2026-06-03T12:33:59.252099+00:00
13,Jordan Miller,jordanmiller,2024-2025,G League,SDC,gleague_nba_api,gleague_nba_api,common CBA source league pool + rule-based baseline,1.4118877806204049,High-ranked candidate from a common CBA source league with strong usage/scoring profile.,,,31.4,,,,,,,28.08917197452229,0.6369426751592359,0.699,,,,,,,,1.0,0,0,,1,1.3564987071955592,0.0117281537070905,0.0489999999999999,1.099999999999998,6-5,194.0,,,,nba_api,,Guard,USA,Miami/USA,24,https://www.nba.com/stats/player/1641757,https://www.nba.com/stats/player/1641757,https://www.google.com/search?q=%22Jordan+Miller%22+%22G+League%22+official+basketball+stats,https://www.nba.com/stats/player/1641757,,https://www.google.com/search?q=%22Jordan+Miller%22+%22G+League%22+official+basketball+stats,Jordan Miller G League basketball highlights,https://www.youtube.com/results?search_query=Jordan+Miller+G+League+basketball+highlights,https://www.google.com/search?tbm=vid&q=Jordan+Miller+G+League+basketball+highlights,https://www.youtube.com/results?search_query=Jordan+Miller+G+League+basketball+highlights,,True,latest_season_only,E:\Project cba\data\reports\context_feature_topk_predictions.csv,2023-2024,gleague_nba_api,G League,1641757.0,2000-01-23T00:00:00,Miami,2.0,Active,high,exact_player_name_key_unique,commonplayerinfo_success,2026-06-03T12:34:00.085476+00:00
14,Brandon Williams,brandonwilliams,2024-2025,G League,TEX,gleague_nba_api,gleague_nba_api,common CBA source league pool + rule-based baseline,1.4107963530538004,High-ranked candidate from a common CBA source league with strong usage/scoring profile.,,,40.4,,,,,,,27.17821782178218,0.6826732673267326,0.707,,,,,,,,1.0,0,0,,1,-1.0217821782178191,-0.032882288228823,0.1059999999999999,4.399999999999999,,,,,,nba_api,,,,,,,,https://www.google.com/search?q=site%3Anba.com%2Fstats+%22Brandon+Williams%22+basketball,,,https://www.google.com/search?q=site%3Anba.com%2Fstats+%22Brandon+Williams%22+basketball,Brandon Williams G League basketball highlights,https://www.youtube.com/results?search_query=Brandon+Williams+G+League+basketball+highlights,https://www.google.com/search?tbm=vid&q=Brandon+Williams+G+League+basketball+highlights,https://www.youtube.com/results?search_query=Brandon+Williams+G+League+basketball+highlights,,True,latest_season_only,E:\Project cba\data\reports\context_feature_topk_predictions.csv,2021-2022,gleague_nba_api,G League,,,,,,low,nba_static_players_name_key,no_confident_unique_match,2026-06-03T12:34:00.928714+00:00
15,Devin Carter,devincarter,2024-2025,G League,STO,gleague_nba_api,gleague_nba_api,common CBA source league pool + rule-based baseline,1.4067771608890485,High-ranked candidate from a common CBA source league with strong usage/scoring profile.,,,34.3,,,,,,,27.91836734693877,0.6682215743440233,0.696,,,,,,,,1.0,0,0,,0,,,,,6-2,195.0,,,,nba_api,,Guard,USA,Providence/USA,22,https://www.nba.com/stats/player/1642269,https://www.nba.com/stats/player/1642269,https://www.google.com/search?q=%22Devin+Carter%22+%22G+League%22+official+basketball+stats,https://www.nba.com/stats/player/1642269,,https://www.google.com/search?q=%22Devin+Carter%22+%22G+League%22+official+basketball+stats,Devin Carter G League basketball highlights,https://www.youtube.com/results?search_query=Devin+Carter+G+League+basketball+highlights,https://www.google.com/search?tbm=vid&q=Devin+Carter+G+League+basketball+highlights,https://www.youtube.com/results?search_query=Devin+Carter+G+League+basketball+highlights,,True,latest_season_only,E:\Project cba\data\reports\context_feature_topk_predictions.csv,2024-2025,gleague_nba_api,G League,1642269.0,2002-03-18T00:00:00,Providence,1.0,Active,high,exact_player_name_key_unique,commonplayerinfo_success,2026-06-03T12:34:00.928714+00:00
16,David Jones Garcia,davidjonesgarcia,2024-2025,G League,MXC,gleague_nba_api,gleague_nba_api,common CBA source league pool + rule-based baseline,1.4019536087527549,High-ranked candidate from a common CBA source league with strong usage/scoring profile.,,,32.8,,,,,,,26.890243902439025,0.6814634146341464,0.626,,,,,,,,1.0,0,0,,0,,,,,6-4,210.0,,,,nba_api,,Guard,Dominican Republic,Memphis/Dominican Republic,22,https://www.nba.com/stats/player/1642357,https://www.nba.com/stats/player/1642357,https://www.google.com/search?q=%22David+Jones+Garcia%22+%22G+League%22+official+basketball+stats,https://www.nba.com/stats/player/1642357,,https://www.google.com/search?q=%22David+Jones+Garcia%22+%22G+League%22+official+basketball+stats,David Jones Garcia G League basketball highlights,https://www.youtube.com/results?search_query=David+Jones+Garcia+G+League+basketball+highlights,https://www.google.com/search?tbm=vid&q=David+Jones+Garcia+G+League+basketball+highlights,https://www.youtube.com/results?search_query=David+Jones+Garcia+G+League+basketball+highlights,,True,latest_season_only,E:\Project cba\data\reports\context_feature_topk_predictions.csv,2024-2025,gleague_nba_api,G League,1642357.0,2001-11-24T00:00:00,Memphis,0.0,Active,high,exact_player_name_key_unique,commonplayerinfo_success,2026-06-03T12:34:01.757354+00:00
17,JD Davison,jddavison,2024-2025,G League,MNE,gleague_nba_api,gleague_nba_api,common CBA source league pool + rule-based baseline,1.3942265595102443,High-ranked candidate from a common CBA source league with strong usage/scoring profile.,,,34.5,,,,,,,26.191304347826083,0.7118840579710144,0.599,,,,,,,,1.0,0,0,,1,4.423862487360964,0.0659538254128749,0.0539999999999999,0.1000000000000014,6-1,195.0,,,,nba_api,,Guard,USA,Alabama/USA,21,https://www.nba.com/stats/player/1631120,https://www.nba.com/stats/player/1631120,https://www.google.com/search?q=%22JD+Davison%22+%22G+League%22+official+basketball+stats,https://www.nba.com/stats/player/1631120,,https://www.google.com/search?q=%22JD+Davison%22+%22G+League%22+official+basketball+stats,JD Davison G League basketball highlights,https://www.youtube.com/results?search_query=JD+Davison+G+League+basketball+highlights,https://www.google.com/search?tbm=vid&q=JD+Davison+G+League+basketball+highlights,https://www.youtube.com/results?search_query=JD+Davison+G+League+basketball+highlights,,True,latest_season_only,E:\Project cba\data\reports\context_feature_topk_predictions.csv,2022-2023,gleague_nba_api,G League,1631120.0,2002-10-03T00:00:00,Alabama,3.0,Active,high,exact_player_name_key_unique,commonplayerinfo_success,2026-06-03T12:34:02.601028+00:00
18,Nick Smith Jr.,nicksmith,2024-2025,G League,GBO,gleague_nba_api,gleague_nba_api,common CBA source league pool + rule-based baseline,1.3926813097305488,High-ranked candidate from a common CBA source league with strong usage/scoring profile.,,,31.5,,,,,,,27.77142857142857,0.6586666666666667,0.638,,,,,,,,1.0,0,0,,1,5.81248428990364,-0.0202776148582599,0.121,-2.6000000000000014,6-2,185.0,,,,nba_api,,Guard,USA,Arkansas/USA,20,https://www.nba.com/stats/player/1641733,https://www.nba.com/stats/player/1641733,https://www.google.com/search?q=%22Nick+Smith+Jr.%22+%22G+League%22+official+basketball+stats,https://www.nba.com/stats/player/1641733,,https://www.google.com/search?q=%22Nick+Smith+Jr.%22+%22G+League%22+official+basketball+stats,Nick Smith Jr. G League basketball highlights,https://www.youtube.com/results?search_query=Nick+Smith+Jr.+G+League+basketball+highlights,https://www.google.com/search?tbm=vid&q=Nick+Smith+Jr.+G+League+basketball+highlights,https://www.youtube.com/results?search_query=Nick+Smith+Jr.+G+League+basketball+highlights,,True,latest_season_only,E:\Project cba\data\reports\context_feature_topk_predictions.csv,2018 - 2019,kaggle_49leagues,Czech-NBL,1641733.0,2004-04-18T00:00:00,Arkansas,2.0,Active,high,exact_player_name_key_unique,commonplayerinfo_success,2026-06-03T12:34:03.451066+00:00
19,Duop Reath,duopreath,2024-2025,G League,RCR,gleague_nba_api,gleague_nba_api,common CBA source league pool + rule-based baseline,1.3923822174802971,Returning-import candidate with prior CBA experience and strong source-league/pathway signal.,,,32.8,,,,,,,28.53658536585366,0.8176829268292684,0.535,,,,,,,,1.0,1,1,2.0,1,15.565305992485513,0.5009074699102083,-0.0759999999999999,19.47826086956521,6-9,245.0,,,,nba_api,,Center,South Sudan,Louisiana State/South Sudan,28,https://www.nba.com/stats/player/1641871,https://www.nba.com/stats/player/1641871,https://www.google.com/search?q=%22Duop+Reath%22+%22G+League%22+official+basketball+stats,https://www.nba.com/stats/player/1641871,,https://www.google.com/search?q=%22Duop+Reath%22+%22G+League%22+official+basketball+stats,Duop Reath G League basketball highlights,https://www.youtube.com/results?search_query=Duop+Reath+G+League+basketball+highlights,https://www.google.com/search?tbm=vid&q=Duop+Reath+G+League+basketball+highlights,https://www.youtube.com/results?search_query=Duop+Reath+G+League+basketball+highlights,Duop Reath CBA basketball highlights,True,latest_season_only,E:\Project cba\data\reports\context_feature_topk_predictions.csv,2020-2021,euroleague_api,EuroLeague,1641871.0,1996-06-26T00:00:00,Louisiana State,2.0,Inactive,high,exact_player_name_key_unique,commonplayerinfo_success,2026-06-03T12:34:04.306550+00:00
20,Kevin Knox II,kevinknox,2024-2025,G League,SCW,gleague_nba_api,gleague_nba_api,common CBA source league pool + rule-based baseline,1.383293654886888,High-ranked candidate from a common CBA source league with strong usage/scoring profile.,,,33.7,,,,,,,27.026706231454007,0.6404747774480712,0.671,,,,,,,,1.0,0,0,,1,2.446645808493283,-0.030220086600267,0.097,0.6000000000000014,6-8,215.0,,,,nba_api,,Forward,USA,Kentucky/USA,25,https://www.nba.com/stats/player/1628995,https://www.nba.com/stats/player/1628995,https://www.google.com/search?q=%22Kevin+Knox+II%22+%22G+League%22+official+basketball+stats,https://www.nba.com/stats/player/1628995,,https://www.google.com/search?q=%22Kevin+Knox+II%22+%22G+League%22+official+basketball+stats,Kevin Knox II G League basketball highlights,https://www.youtube.com/results?search_query=Kevin+Knox+II+G+League+basketball+highlights,https://www.google.com/search?tbm=vid&q=Kevin+Knox+II+G+League+basketball+highlights,https://www.youtube.com/results?search_query=Kevin+Knox+II+G+League+basketball+highlights,,True,latest_season_only,E:\Project cba\data\reports\context_feature_topk_predictions.csv,2023-2024,gleague_nba_api,G League,1628995.0,1999-08-11T00:00:00,Kentucky,8.0,Inactive,high,exact_player_name_key_unique,commonplayerinfo_success,2026-06-03T12:34:05.185397+00:00
21,Dre'Shawn Allen,dreshawnallen,2024-2025,G League,MCC,gleague_nba_api,gleague_nba_api,common CBA source league pool + rule-based baseline,1.377822169018859,High-ranked candidate from a common CBA source league with strong usage/scoring profile.,,,14.6,,,,,,,29.58904109589041,0.7150684931506849,0.711,,,,,,,,1.0,0,0,,0,,,,,,,,,,nba_api,,,,,,,,https://www.google.com/search?q=site%3Anba.com%2Fstats+%22Dre%27Shawn+Allen%22+basketball,,,https://www.google.com/search?q=site%3Anba.com%2Fstats+%22Dre%27Shawn+Allen%22+basketball,Dre'Shawn Allen G League basketball highlights,https://www.youtube.com/results?search_query=Dre%27Shawn+Allen+G+League+basketball+highlights,https://www.google.com/search?tbm=vid&q=Dre%27Shawn+Allen+G+League+basketball+highlights,https://www.youtube.com/results?search_query=Dre%27Shawn+Allen+G+League+basketball+highlights,,True,latest_season_only,E:\Project cba\data\reports\context_feature_topk_predictions.csv,2024-2025,gleague_nba_api,G League,,,,,,none,nba_static_players_name_key,no_confident_unique_match,2026-06-03T12:34:06.021190+00:00
22,Rob Dillingham,robdillingham,2024-2025,G League,IWA,gleague_nba_api,gleague_nba_api,common CBA source league pool + rule-based baseline,1.3765674971420283,High-ranked candidate from a common CBA source league with strong usage/scoring profile.,,,28.0,,,,,,,25.071428571428573,1.1085714285714283,0.3889999999999999,,,,,,,,1.0,0,0,,0,,,,,6-2,175.0,,,,nba_api,,Guard,USA,Kentucky/USA,19,https://www.nba.com/stats/player/1642265,https://www.nba.com/stats/player/1642265,https://www.google.com/search?q=%22Rob+Dillingham%22+%22G+League%22+official+basketball+stats,https://www.nba.com/stats/player/1642265,,https://www.google.com/search?q=%22Rob+Dillingham%22+%22G+League%22+official+basketball+stats,Rob Dillingham G League basketball highlights,https://www.youtube.com/results?search_query=Rob+Dillingham+G+League+basketball+highlights,https://www.google.com/search?tbm=vid&q=Rob+Dillingham+G+League+basketball+highlights,https://www.youtube.com/results?search_query=Rob+Dillingham+G+League+basketball+highlights,,True,latest_season_only,E:\Project cba\data\reports\context_feature_topk_predictions.csv,2024-2025,gleague_nba_api,G League,1642265.0,2005-01-04T00:00:00,Kentucky,1.0,Active,high,exact_player_name_key_unique,commonplayerinfo_success,2026-06-03T12:34:06.021190+00:00
23,Teddy Allen,teddyallen,2024-2025,G League,RGV,gleague_nba_api,gleague_nba_api,common CBA source league pool + rule-based baseline,1.3744358582561518,High-ranked candidate from a common CBA source league with strong usage/scoring profile.,,,18.8,,,,,,,27.574468085106385,0.7065957446808512,0.612,,,,,,,,1.0,0,0,,0,,,,,,,,,,nba_api,,,,,,,,https://www.google.com/search?q=site%3Anba.com%2Fstats+%22Teddy+Allen%22+basketball,,,https://www.google.com/search?q=site%3Anba.com%2Fstats+%22Teddy+Allen%22+basketball,Teddy Allen G League basketball highlights,https://www.youtube.com/results?search_query=Teddy+Allen+G+League+basketball+highlights,https://www.google.com/search?tbm=vid&q=Teddy+Allen+G+League+basketball+highlights,https://www.youtube.com/results?search_query=Teddy+Allen+G+League+basketball+highlights,,True,latest_season_only,E:\Project cba\data\reports\context_feature_topk_predictions.csv,2024-2025,gleague_nba_api,G League,,,,,,none,nba_static_players_name_key,no_confident_unique_match,2026-06-03T12:34:06.973210+00:00
24,Jared Butler,jaredbutler,2024-2025,G League,CCG,gleague_nba_api,gleague_nba_api,common CBA source league pool + rule-based baseline,1.373516720616059,High-ranked candidate from a common CBA source league with strong usage/scoring profile.,,,30.3,,,,,,,26.73267326732673,0.5656765676567657,0.719,,,,,,,,1.0,0,0,,1,6.03542556090472,-0.0059442274502679,0.135,-2.400000000000002,,,,,,nba_api,,,,,,https://www.nba.com/stats/player/1630215,https://www.nba.com/stats/player/1630215,https://www.google.com/search?q=%22Jared+Butler%22+%22G+League%22+official+basketball+stats,https://www.nba.com/stats/player/1630215,,https://www.google.com/search?q=%22Jared+Butler%22+%22G+League%22+official+basketball+stats,Jared Butler G League basketball highlights,https://www.youtube.com/results?search_query=Jared+Butler+G+League+basketball+highlights,https://www.google.com/search?tbm=vid&q=Jared+Butler+G+League+basketball+highlights,https://www.youtube.com/results?search_query=Jared+Butler+G+League+basketball+highlights,,True,latest_season_only,E:\Project cba\data\reports\context_feature_topk_predictions.csv,2021-2022,gleague_nba_api,G League,1630215.0,,,,,high,exact_player_name_key_unique,matched_static_only_commonplayerinfo_skipped_after_limit_or_failure,2026-06-03T12:34:06.975365+00:00
25,Jahmi'us Ramsey,jahmiusramsey,2024-2025,G League,OKL,gleague_nba_api,gleague_nba_api,common CBA source league pool + rule-based baseline,1.371545556497186,High-ranked candidate from a common CBA source league with strong usage/scoring profile.,,,28.4,,,,,,,25.6056338028169,0.6509859154929577,0.625,,,,,,,,1.0,0,0,,1,-0.1924117997889638,0.033005459466899,-0.047,-2.3000000000000007,,,,,,nba_api,,,,,,https://www.nba.com/stats/player/1630186,https://www.nba.com/stats/player/1630186,https://www.google.com/search?q=%22Jahmi%27us+Ramsey%22+%22G+League%22+official+basketball+stats,https://www.nba.com/stats/player/1630186,,https://www.google.com/search?q=%22Jahmi%27us+Ramsey%22+%22G+League%22+official+basketball+stats,Jahmi'us Ramsey G League basketball highlights,https://www.youtube.com/results?search_query=Jahmi%27us+Ramsey+G+League+basketball+highlights,https://www.google.com/search?tbm=vid&q=Jahmi%27us+Ramsey+G+League+basketball+highlights,https://www.youtube.com/results?search_query=Jahmi%27us+Ramsey+G+League+basketball+highlights,,True,latest_season_only,E:\Project cba\data\reports\context_feature_topk_predictions.csv,2020-2021,gleague_nba_api,G League,1630186.0,,,,,high,exact_player_name_key_unique,matched_static_only_commonplayerinfo_skipped_after_limit_or_failure,2026-06-03T12:34:06.977367+00:00
26,Trey Alexander,treyalexander,2024-2025,G League,GRG,gleague_nba_api,gleague_nba_api,common CBA source league pool + rule-based baseline,1.3701567464241748,High-ranked candidate from a common CBA source league with strong usage/scoring profile.,,,36.8,,,,,,,25.53260869565218,0.6661956521739132,0.612,,,,,,,,1.0,0,0,,0,,,,,,,,,,nba_api,,,,,,https://www.nba.com/stats/player/1641725,https://www.nba.com/stats/player/1641725,https://www.google.com/search?q=%22Trey+Alexander%22+%22G+League%22+official+basketball+stats,https://www.nba.com/stats/player/1641725,,https://www.google.com/search?q=%22Trey+Alexander%22+%22G+League%22+official+basketball+stats,Trey Alexander G League basketball highlights,https://www.youtube.com/results?search_query=Trey+Alexander+G+League+basketball+highlights,https://www.google.com/search?tbm=vid&q=Trey+Alexander+G+League+basketball+highlights,https://www.youtube.com/results?search_query=Trey+Alexander+G+League+basketball+highlights,,True,latest_season_only,E:\Project cba\data\reports\context_feature_topk_predictions.csv,2024-2025,gleague_nba_api,G League,1641725.0,,,,,high,exact_player_name_key_unique,matched_static_only_commonplayerinfo_skipped_after_limit_or_failure,2026-06-03T12:34:06.977367+00:00
27,Malaki Branham,malakibranham,2024-2025,G League,AUS,gleague_nba_api,gleague_nba_api,common CBA source league pool + rule-based baseline,1.3696656316811842,High-ranked candidate from a common CBA source league with strong usage/scoring profile.,,,29.5,,,,,,,26.23728813559321,0.6494915254237288,0.645,,,,,,,,1.0,0,0,,0,,,,,,,,,,nba_api,,,,,,https://www.nba.com/stats/player/1631103,https://www.nba.com/stats/player/1631103,https://www.google.com/search?q=%22Malaki+Branham%22+%22G+League%22+official+basketball+stats,https://www.nba.com/stats/player/1631103,,https://www.google.com/search?q=%22Malaki+Branham%22+%22G+League%22+official+basketball+stats,Malaki Branham G League basketball highlights,https://www.youtube.com/results?search_query=Malaki+Branham+G+League+basketball+highlights,https://www.google.com/search?tbm=vid&q=Malaki+Branham+G+League+basketball+highlights,https://www.youtube.com/results?search_query=Malaki+Branham+G+League+basketball+highlights,,True,latest_season_only,E:\Project cba\data\reports\context_feature_topk_predictions.csv,2024-2025,gleague_nba_api,G League,1631103.0,,,,,high,exact_player_name_key_unique,matched_static_only_commonplayerinfo_skipped_after_limit_or_failure,2026-06-03T12:34:06.982605+00:00
28,Karlo Matković,karlomatkovic,2024-2025,G League,BHM,gleague_nba_api,gleague_nba_api,common CBA source league pool + rule-based baseline,1.3689622723425972,High-ranked candidate from a common CBA source league with strong usage/scoring profile.,,,28.9,,,,,,,27.40484429065744,0.584083044982699,0.6929999999999998,,,,,,,,1.0,0,0,,1,7.624405882657779,0.1379874638466613,-0.0014728311222218,-2.1887474015872,,,,,,nba_api,,,,,,https://www.nba.com/stats/player/1631255,https://www.nba.com/stats/player/1631255,https://www.google.com/search?q=%22Karlo+Matkovi%C4%87%22+%22G+League%22+official+basketball+stats,https://www.nba.com/stats/player/1631255,,https://www.google.com/search?q=%22Karlo+Matkovi%C4%87%22+%22G+League%22+official+basketball+stats,Karlo Matković G League basketball highlights,https://www.youtube.com/results?search_query=Karlo+Matkovi%C4%87+G+League+basketball+highlights,https://www.google.com/search?tbm=vid&q=Karlo+Matkovi%C4%87+G+League+basketball+highlights,https://www.youtube.com/results?search_query=Karlo+Matkovi%C4%87+G+League+basketball+highlights,,True,latest_season_only,E:\Project cba\data\reports\context_feature_topk_predictions.csv,2019 - 2020,kaggle_49leagues,Serbian-KLS,1631255.0,,,,,high,exact_player_name_key_unique,matched_static_only_commonplayerinfo_skipped_after_limit_or_failure,2026-06-03T12:34:06.984609+00:00
29,Jeff Dowtin Jr.,jeffdowtin,2024-2025,G League,DEL,gleague_nba_api,gleague_nba_api,common CBA source league pool + rule-based baseline,1.3672812998950867,High-ranked candidate from a common CBA source league with strong usage/scoring profile.,,,33.7,,,,,,,26.492581602373885,0.6455786350148367,0.606,,,,,,,,1.0,0,0,,1,5.270359380151664,0.1397761658790343,-0.033,1.3000000000000045,,,,,,nba_api,,,,,,https://www.nba.com/stats/player/1630288,https://www.nba.com/stats/player/1630288,https://www.google.com/search?q=%22Jeff+Dowtin+Jr.%22+%22G+League%22+official+basketball+stats,https://www.nba.com/stats/player/1630288,,https://www.google.com/search?q=%22Jeff+Dowtin+Jr.%22+%22G+League%22+official+basketball+stats,Jeff Dowtin Jr. G League basketball highlights,https://www.youtube.com/results?search_query=Jeff+Dowtin+Jr.+G+League+basketball+highlights,https://www.google.com/search?tbm=vid&q=Jeff+Dowtin+Jr.+G+League+basketball+highlights,https://www.youtube.com/results?search_query=Jeff+Dowtin+Jr.+G+League+basketball+highlights,,True,latest_season_only,E:\Project cba\data\reports\context_feature_topk_predictions.csv,2020-2021,gleague_nba_api,G League,1630288.0,,,,,high,exact_player_name_key_unique,matched_static_only_commonplayerinfo_skipped_after_limit_or_failure,2026-06-03T12:34:06.984609+00:00
30,Tristan Vukcevic,tristanvukcevic,2024-2025,G League,CCG,gleague_nba_api,gleague_nba_api,common CBA source league pool + rule-based baseline,1.3475125682781863,High-ranked candidate from a common CBA source league with strong usage/scoring profile.,,,22.1,,,,,,,25.900452488687787,0.6789140271493213,0.637,,,,,,,,1.0,0,0,,0,,,,,,,,,,nba_api,,,,,,https://www.nba.com/stats/player/1641774,https://www.nba.com/stats/player/1641774,https://www.google.com/search?q=%22Tristan+Vukcevic%22+%22G+League%22+official+basketball+stats,https://www.nba.com/stats/player/1641774,,https://www.google.com/search?q=%22Tristan+Vukcevic%22+%22G+League%22+official+basketball+stats,Tristan Vukcevic G League basketball highlights,https://www.youtube.com/results?search_query=Tristan+Vukcevic+G+League+basketball+highlights,https://www.google.com/search?tbm=vid&q=Tristan+Vukcevic+G+League+basketball+highlights,https://www.youtube.com/results?search_query=Tristan+Vukcevic+G+League+basketball+highlights,,True,latest_season_only,E:\Project cba\data\reports\context_feature_topk_predictions.csv,2024-2025,gleague_nba_api,G League,1641774.0,,,,,high,exact_player_name_key_unique,matched_static_only_commonplayerinfo_skipped_after_limit_or_failure,2026-06-03T12:34:06.989864+00:00
31,Pat Spencer,patspencer,2024-2025,G League,SCW,gleague_nba_api,gleague_nba_api,common CBA source league pool + rule-based baseline,1.3464662093706727,High-ranked candidate from a common CBA source league with strong usage/scoring profile.,,,31.8,,,,,,,24.90566037735849,0.6840251572327044,0.585,,,,,,,,1.0,0,0,,1,6.316569468267581,0.1456978845054316,0.02,4.300000000000001,,,,,,nba_api,,,,,,https://www.nba.com/stats/player/1630311,https://www.nba.com/stats/player/1630311,https://www.google.com/search?q=%22Pat+Spencer%22+%22G+League%22+official+basketball+stats,https://www.nba.com/stats/player/1630311,,https://www.google.com/search?q=%22Pat+Spencer%22+%22G+League%22+official+basketball+stats,Pat Spencer G League basketball highlights,https://www.youtube.com/results?search_query=Pat+Spencer+G+League+basketball+highlights,https://www.google.com/search?tbm=vid&q=Pat+Spencer+G+League+basketball+highlights,https://www.youtube.com/results?search_query=Pat+Spencer+G+League+basketball+highlights,,True,latest_season_only,E:\Project cba\data\reports\context_feature_topk_predictions.csv,2021-2022,gleague_nba_api,G League,1630311.0,,,,,high,exact_player_name_key_unique,matched_static_only_commonplayerinfo_skipped_after_limit_or_failure,2026-06-03T12:34:06.989864+00:00
32,Jaylen Nowell,jaylennowell,2024-2025,G League,CCG,gleague_nba_api,gleague_nba_api,common CBA source league pool + rule-based baseline,1.3424862458310585,High-ranked candidate from a common CBA source league with strong usage/scoring profile.,,,34.7,,,,,,,24.899135446685875,0.5862824207492795,0.662,,,,,,,,1.0,0,0,,1,2.447522543460068,-0.0486996581037671,0.1009999999999999,6.800000000000004,,,,,,nba_api,,,,,,https://www.nba.com/stats/player/1629669,https://www.nba.com/stats/player/1629669,https://www.google.com/search?q=%22Jaylen+Nowell%22+%22G+League%22+official+basketball+stats,https://www.nba.com/stats/player/1629669,,https://www.google.com/search?q=%22Jaylen+Nowell%22+%22G+League%22+official+basketball+stats,Jaylen Nowell G League basketball highlights,https://www.youtube.com/results?search_query=Jaylen+Nowell+G+League+basketball+highlights,https://www.google.com/search?tbm=vid&q=Jaylen+Nowell+G+League+basketball+highlights,https://www.youtube.com/results?search_query=Jaylen+Nowell+G+League+basketball+highlights,,True,latest_season_only,E:\Project cba\data\reports\context_feature_topk_predictions.csv,2019-2020,gleague_nba_api,G League,1629669.0,,,,,high,exact_player_name_key_unique,matched_static_only_commonplayerinfo_skipped_after_limit_or_failure,2026-06-03T12:34:06.989864+00:00
33,Malachi Flynn,malachiflynn,2024-2025,G League,AUS,gleague_nba_api,gleague_nba_api,common CBA source league pool + rule-based baseline,1.3424036275222582,High-ranked candidate from a common CBA source league with strong usage/scoring profile.,,,32.6,,,,,,,24.95705521472393,0.5801226993865031,0.67,,,,,,,,1.0,0,0,,1,13.707055214723932,0.0941851993865032,0.31,7.0,,,,,,nba_api,,,,,,https://www.nba.com/stats/player/1630201,https://www.nba.com/stats/player/1630201,https://www.google.com/search?q=%22Malachi+Flynn%22+%22G+League%22+official+basketball+stats,https://www.nba.com/stats/player/1630201,,https://www.google.com/search?q=%22Malachi+Flynn%22+%22G+League%22+official+basketball+stats,Malachi Flynn G League basketball highlights,https://www.youtube.com/results?search_query=Malachi+Flynn+G+League+basketball+highlights,https://www.google.com/search?tbm=vid&q=Malachi+Flynn+G+League+basketball+highlights,https://www.youtube.com/results?search_query=Malachi+Flynn+G+League+basketball+highlights,,True,latest_season_only,E:\Project cba\data\reports\context_feature_topk_predictions.csv,2020-2021,gleague_nba_api,G League,1630201.0,,,,,high,exact_player_name_key_unique,matched_static_only_commonplayerinfo_skipped_after_limit_or_failure,2026-06-03T12:34:06.997001+00:00
34,Jared Harper,jaredharper,2024-2025,EuroCup,Hapoel Jerusalem Basketball Club,euroleague_api,euroleague_api,common CBA source league pool + rule-based baseline,1.3334719390500775,High-ranked candidate from a common CBA source league with strong usage/scoring profile.,,,30.49351851851852,,,,,,,26.91719551817326,0.6487936112713693,0.664,,,,,,,,1.0,0,0,,1,8.319654194907915,0.0796845362679159,0.138,14.039730639730642,,,,,,,,,,,,,,https://www.google.com/search?q=%22Jared+Harper%22+%22EuroCup%22+official+basketball+stats,,https://www.google.com/search?q=site%3Aeuroleaguebasketball.net%2Feuroleague%2Fplayers+%22Jared+Harper%22,https://www.google.com/search?q=site%3Aeuroleaguebasketball.net%2Feuroleague%2Fplayers+%22Jared+Harper%22,Jared Harper EuroCup basketball highlights,https://www.youtube.com/results?search_query=Jared+Harper+EuroCup+basketball+highlights,https://www.google.com/search?tbm=vid&q=Jared+Harper+EuroCup+basketball+highlights,https://www.youtube.com/results?search_query=Jared+Harper+EuroCup+basketball+highlights,,True,latest_season_only,E:\Project cba\data\reports\context_feature_topk_predictions.csv,2019-2020,gleague_nba_api,G League,,,,,,,,,
35,Eugene Omoruyi,eugeneomoruyi,2024-2025,G League,RAP,gleague_nba_api,gleague_nba_api,common CBA source league pool + rule-based baseline,1.3301249172965428,High-ranked candidate from a common CBA source league with strong usage/scoring profile.,,,27.4,,,,,,,23.124087591240883,0.6544525547445256,0.604,,,,,,,,1.0,0,0,,1,1.117443072968463,0.0612299633823992,-0.007,-2.700000000000003,,,,,,nba_api,,,,,,https://www.nba.com/stats/player/1630647,https://www.nba.com/stats/player/1630647,https://www.google.com/search?q=%22Eugene+Omoruyi%22+%22G+League%22+official+basketball+stats,https://www.nba.com/stats/player/1630647,,https://www.google.com/search?q=%22Eugene+Omoruyi%22+%22G+League%22+official+basketball+stats,Eugene Omoruyi G League basketball highlights,https://www.youtube.com/results?search_query=Eugene+Omoruyi+G+League+basketball+highlights,https://www.google.com/search?tbm=vid&q=Eugene+Omoruyi+G+League+basketball+highlights,https://www.youtube.com/results?search_query=Eugene+Omoruyi+G+League+basketball+highlights,,True,latest_season_only,E:\Project cba\data\reports\context_feature_topk_predictions.csv,2022-2023,gleague_nba_api,G League,1630647.0,,,,,high,exact_player_name_key_unique,matched_static_only_commonplayerinfo_skipped_after_limit_or_failure,2026-06-03T12:34:06.999007+00:00
36,Blake Hinson,blakehinson,2024-2025,G League,SCW,gleague_nba_api,gleague_nba_api,common CBA source league pool + rule-based baseline,1.3274680455233503,High-ranked candidate from a common CBA source league with strong usage/scoring profile.,,,29.3,,,,,,,24.6962457337884,0.6136518771331058,0.613,,,,,,,,1.0,0,0,,0,,,,,,,,,,nba_api,,,,,,,,https://www.google.com/search?q=site%3Anba.com%2Fstats+%22Blake+Hinson%22+basketball,,,https://www.google.com/search?q=site%3Anba.com%2Fstats+%22Blake+Hinson%22+basketball,Blake Hinson G League basketball highlights,https://www.youtube.com/results?search_query=Blake+Hinson+G+League+basketball+highlights,https://www.google.com/search?tbm=vid&q=Blake+Hinson+G+League+basketball+highlights,https://www.youtube.com/results?search_query=Blake+Hinson+G+League+basketball+highlights,,True,latest_season_only,E:\Project cba\data\reports\context_feature_topk_predictions.csv,2024-2025,gleague_nba_api,G League,,,,,,none,nba_static_players_name_key,no_confident_unique_match,2026-06-03T12:34:07.003016+00:00
37,TyTy Washington Jr.,tytywashington,2024-2025,G League,VAL,gleague_nba_api,gleague_nba_api,common CBA source league pool + rule-based baseline,1.3268690810137225,High-ranked candidate from a common CBA source league with strong usage/scoring profile.,,,33.2,,,,,,,24.18072289156627,0.6392771084337349,0.598,,,,,,,,1.0,0,0,,1,0.0675153443964582,-0.0033644010002272,0.008,1.400000000000002,,,,,,nba_api,,,,,,https://www.nba.com/stats/player/1631102,https://www.nba.com/stats/player/1631102,https://www.google.com/search?q=%22TyTy+Washington+Jr.%22+%22G+League%22+official+basketball+stats,https://www.nba.com/stats/player/1631102,,https://www.google.com/search?q=%22TyTy+Washington+Jr.%22+%22G+League%22+official+basketball+stats,TyTy Washington Jr. G League basketball highlights,https://www.youtube.com/results?search_query=TyTy+Washington+Jr.+G+League+basketball+highlights,https://www.google.com/search?tbm=vid&q=TyTy+Washington+Jr.+G+League+basketball+highlights,https://www.youtube.com/results?search_query=TyTy+Washington+Jr.+G+League+basketball+highlights,,True,latest_season_only,E:\Project cba\data\reports\context_feature_topk_predictions.csv,2022-2023,gleague_nba_api,G League,1631102.0,,,,,high,exact_player_name_key_unique,matched_static_only_commonplayerinfo_skipped_after_limit_or_failure,2026-06-03T12:34:07.003016+00:00
38,Quinten Post,quintenpost,2024-2025,G League,SCW,gleague_nba_api,gleague_nba_api,common CBA source league pool + rule-based baseline,1.3262173785400555,High-ranked candidate from a common CBA source league with strong usage/scoring profile.,,,29.6,,,,,,,26.391891891891888,0.5612162162162162,0.729,,,,,,,,1.0,0,0,,0,,,,,,,,,,nba_api,,,,,,https://www.nba.com/stats/player/1642366,https://www.nba.com/stats/player/1642366,https://www.google.com/search?q=%22Quinten+Post%22+%22G+League%22+official+basketball+stats,https://www.nba.com/stats/player/1642366,,https://www.google.com/search?q=%22Quinten+Post%22+%22G+League%22+official+basketball+stats,Quinten Post G League basketball highlights,https://www.youtube.com/results?search_query=Quinten+Post+G+League+basketball+highlights,https://www.google.com/search?tbm=vid&q=Quinten+Post+G+League+basketball+highlights,https://www.youtube.com/results?search_query=Quinten+Post+G+League+basketball+highlights,,True,latest_season_only,E:\Project cba\data\reports\context_feature_topk_predictions.csv,2024-2025,gleague_nba_api,G League,1642366.0,,,,,high,exact_player_name_key_unique,matched_static_only_commonplayerinfo_skipped_after_limit_or_failure,2026-06-03T12:34:07.005021+00:00
39,Leonard Miller,leonardmiller,2024-2025,G League,IWA,gleague_nba_api,gleague_nba_api,common CBA source league pool + rule-based baseline,1.3255041980131976,High-ranked candidate from a common CBA source league with strong usage/scoring profile.,,,36.9,,,,,,,24.585365853658537,0.6756639566395664,0.593,,,,,,,,1.0,0,0,,1,0.5458921694480097,0.0250060619027242,0.007,6.5,,,,,,nba_api,,,,,,https://www.nba.com/stats/player/1631159,https://www.nba.com/stats/player/1631159,https://www.google.com/search?q=%22Leonard+Miller%22+%22G+League%22+official+basketball+stats,https://www.nba.com/stats/player/1631159,,https://www.google.com/search?q=%22Leonard+Miller%22+%22G+League%22+official+basketball+stats,Leonard Miller G League basketball highlights,https://www.youtube.com/results?search_query=Leonard+Miller+G+League+basketball+highlights,https://www.google.com/search?tbm=vid&q=Leonard+Miller+G+League+basketball+highlights,https://www.youtube.com/results?search_query=Leonard+Miller+G+League+basketball+highlights,,True,latest_season_only,E:\Project cba\data\reports\context_feature_topk_predictions.csv,2022-2023,gleague_nba_api,G League,1631159.0,,,,,high,exact_player_name_key_unique,matched_static_only_commonplayerinfo_skipped_after_limit_or_failure,2026-06-03T12:34:07.008106+00:00
40,Erik Stevenson,erikstevenson,2024-2025,G League,CCG,gleague_nba_api,gleague_nba_api,common CBA source league pool + rule-based baseline,1.3250033607621703,High-ranked candidate from a common CBA source league with strong usage/scoring profile.,,,22.5,,,,,,,23.52,0.6529777777777778,0.612,,,,,,,,1.0,0,0,,1,5.959024390243901,0.1003924119241193,0.0619999999999999,2.0,,,,,,nba_api,,,,,,,,https://www.google.com/search?q=site%3Anba.com%2Fstats+%22Erik+Stevenson%22+basketball,,,https://www.google.com/search?q=site%3Anba.com%2Fstats+%22Erik+Stevenson%22+basketball,Erik Stevenson G League basketball highlights,https://www.youtube.com/results?search_query=Erik+Stevenson+G+League+basketball+highlights,https://www.google.com/search?tbm=vid&q=Erik+Stevenson+G+League+basketball+highlights,https://www.youtube.com/results?search_query=Erik+Stevenson+G+League+basketball+highlights,,True,latest_season_only,E:\Project cba\data\reports\context_feature_topk_predictions.csv,2023-2024,gleague_nba_api,G League,,,,,,none,nba_static_players_name_key,no_confident_unique_match,2026-06-03T12:34:07.008106+00:00
41,Jules Bernard,julesbernard,2024-2025,G League,CLC,gleague_nba_api,gleague_nba_api,common CBA source league pool + rule-based baseline,1.3231307509537564,High-ranked candidate from a common CBA source league with strong usage/scoring profile.,,,30.0,,,,,,,23.040000000000003,0.5882666666666667,0.639,,,,,,,,1.0,0,0,,1,1.174969325153377,0.0233586912065439,0.008,-2.6000000000000014,,,,,,nba_api,,,,,,https://www.nba.com/stats/player/1631262,https://www.nba.com/stats/player/1631262,https://www.google.com/search?q=%22Jules+Bernard%22+%22G+League%22+official+basketball+stats,https://www.nba.com/stats/player/1631262,,https://www.google.com/search?q=%22Jules+Bernard%22+%22G+League%22+official+basketball+stats,Jules Bernard G League basketball highlights,https://www.youtube.com/results?search_query=Jules+Bernard+G+League+basketball+highlights,https://www.google.com/search?tbm=vid&q=Jules+Bernard+G+League+basketball+highlights,https://www.youtube.com/results?search_query=Jules+Bernard+G+League+basketball+highlights,,True,latest_season_only,E:\Project cba\data\reports\context_feature_topk_predictions.csv,2022-2023,gleague_nba_api,G League,1631262.0,,,,,high,exact_player_name_key_unique,matched_static_only_commonplayerinfo_skipped_after_limit_or_failure,2026-06-03T12:34:07.011949+00:00
42,Drew Timme,drewtimme,2024-2025,G League,LIN,gleague_nba_api,gleague_nba_api,common CBA source league pool + rule-based baseline,1.3153425471759592,High-ranked candidate from a common CBA source league with strong usage/scoring profile.,,,35.6,,,,,,,24.16853932584269,0.5541573033707864,0.681,,,,,,,,1.0,0,0,,1,8.591616248919614,0.1622342264477095,0.067,14.8,,,,,,nba_api,,,,,,https://www.nba.com/stats/player/1631166,https://www.nba.com/stats/player/1631166,https://www.google.com/search?q=%22Drew+Timme%22+%22G+League%22+official+basketball+stats,https://www.nba.com/stats/player/1631166,,https://www.google.com/search?q=%22Drew+Timme%22+%22G+League%22+official+basketball+stats,Drew Timme G League basketball highlights,https://www.youtube.com/results?search_query=Drew+Timme+G+League+basketball+highlights,https://www.google.com/search?tbm=vid&q=Drew+Timme+G+League+basketball+highlights,https://www.youtube.com/results?search_query=Drew+Timme+G+League+basketball+highlights,,True,latest_season_only,E:\Project cba\data\reports\context_feature_topk_predictions.csv,2023-2024,gleague_nba_api,G League,1631166.0,,,,,high,exact_player_name_key_unique,matched_static_only_commonplayerinfo_skipped_after_limit_or_failure,2026-06-03T12:34:07.013972+00:00
43,Mason Jones,masonjones,2024-2025,G League,STO,gleague_nba_api,gleague_nba_api,common CBA source league pool + rule-based baseline,1.3127088237295657,High-ranked candidate from a common CBA source league with strong usage/scoring profile.,,,36.0,,,,,,,23.5,0.59,0.663,,,,,,,,1.0,0,0,,1,6.202702702702702,0.1739039039039038,-0.0799999999999998,2.700000000000003,,,,,,nba_api,,,,,,https://www.nba.com/stats/player/1630222,https://www.nba.com/stats/player/1630222,https://www.google.com/search?q=%22Mason+Jones%22+%22G+League%22+official+basketball+stats,https://www.nba.com/stats/player/1630222,,https://www.google.com/search?q=%22Mason+Jones%22+%22G+League%22+official+basketball+stats,Mason Jones G League basketball highlights,https://www.youtube.com/results?search_query=Mason+Jones+G+League+basketball+highlights,https://www.google.com/search?tbm=vid&q=Mason+Jones+G+League+basketball+highlights,https://www.youtube.com/results?search_query=Mason+Jones+G+League+basketball+highlights,,True,latest_season_only,E:\Project cba\data\reports\context_feature_topk_predictions.csv,2021-2022,gleague_nba_api,G League,1630222.0,,,,,high,exact_player_name_key_unique,matched_static_only_commonplayerinfo_skipped_after_limit_or_failure,2026-06-03T12:34:07.015977+00:00
44,David Johnson,davidjohnson,2024-2025,G League,MHU,gleague_nba_api,gleague_nba_api,common CBA source league pool + rule-based baseline,1.31250691750746,High-ranked candidate from a common CBA source league with strong usage/scoring profile.,,,25.5,,,,,,,23.294117647058822,0.5949803921568627,0.639,,,,,,,,1.0,0,0,,1,2.3667820069204133,0.0150495963091117,0.0869999999999999,-3.3999999999999986,,,,,,nba_api,,,,,,,,https://www.google.com/search?q=site%3Anba.com%2Fstats+%22David+Johnson%22+basketball,,,https://www.google.com/search?q=site%3Anba.com%2Fstats+%22David+Johnson%22+basketball,David Johnson G League basketball highlights,https://www.youtube.com/results?search_query=David+Johnson+G+League+basketball+highlights,https://www.google.com/search?tbm=vid&q=David+Johnson+G+League+basketball+highlights,https://www.youtube.com/results?search_query=David+Johnson+G+League+basketball+highlights,,True,latest_season_only,E:\Project cba\data\reports\context_feature_topk_predictions.csv,2021-2022,gleague_nba_api,G League,,,,,,low,nba_static_players_name_key,no_confident_unique_match,2026-06-03T12:34:07.017981+00:00
45,Greg Brown III,gregbrown,2024-2025,G League,MXC,gleague_nba_api,gleague_nba_api,common CBA source league pool + rule-based baseline,1.3103043149773126,High-ranked candidate from a common CBA source league with strong usage/scoring profile.,,,23.9,,,,,,,24.100418410041843,0.6266108786610879,0.629,,,,,,,,1.0,0,0,,1,-0.308672499049063,0.0375199695701787,-0.046,-2.5,,,,,,nba_api,,,,,,https://www.nba.com/stats/player/1630535,https://www.nba.com/stats/player/1630535,https://www.google.com/search?q=%22Greg+Brown+III%22+%22G+League%22+official+basketball+stats,https://www.nba.com/stats/player/1630535,,https://www.google.com/search?q=%22Greg+Brown+III%22+%22G+League%22+official+basketball+stats,Greg Brown III G League basketball highlights,https://www.youtube.com/results?search_query=Greg+Brown+III+G+League+basketball+highlights,https://www.google.com/search?tbm=vid&q=Greg+Brown+III+G+League+basketball+highlights,https://www.youtube.com/results?search_query=Greg+Brown+III+G+League+basketball+highlights,,True,latest_season_only,E:\Project cba\data\reports\context_feature_topk_predictions.csv,2016 - 2017,kaggle_49leagues,Brazilian-NBB,1630535.0,,,,,high,exact_player_name_key_unique,matched_static_only_commonplayerinfo_skipped_after_limit_or_failure,2026-06-03T12:34:07.017981+00:00
46,Kevon Harris,kevonharris,2024-2025,G League,CPS,gleague_nba_api,gleague_nba_api,common CBA source league pool + rule-based baseline,1.3078710517478749,High-ranked candidate from a common CBA source league with strong usage/scoring profile.,,,31.8,,,,,,,22.41509433962264,0.5942138364779874,0.601,,,,,,,,1.0,0,0,,1,1.915094339622641,0.1031027253668764,-0.041,3.0,,,,,,nba_api,,,,,,https://www.nba.com/stats/player/1630284,https://www.nba.com/stats/player/1630284,https://www.google.com/search?q=%22Kevon+Harris%22+%22G+League%22+official+basketball+stats,https://www.nba.com/stats/player/1630284,,https://www.google.com/search?q=%22Kevon+Harris%22+%22G+League%22+official+basketball+stats,Kevon Harris G League basketball highlights,https://www.youtube.com/results?search_query=Kevon+Harris+G+League+basketball+highlights,https://www.google.com/search?tbm=vid&q=Kevon+Harris+G+League+basketball+highlights,https://www.youtube.com/results?search_query=Kevon+Harris+G+League+basketball+highlights,,True,latest_season_only,E:\Project cba\data\reports\context_feature_topk_predictions.csv,2020-2021,gleague_nba_api,G League,1630284.0,,,,,high,exact_player_name_key_unique,matched_static_only_commonplayerinfo_skipped_after_limit_or_failure,2026-06-03T12:34:07.021808+00:00
47,Jay Scrubb,jayscrubb,2024-2025,G League,MNE,gleague_nba_api,gleague_nba_api,common CBA source league pool + rule-based baseline,1.3078030555220987,High-ranked candidate from a common CBA source league with strong usage/scoring profile.,,,24.7,,,,,,,23.319838056680165,0.6586234817813765,0.558,,,,,,,,1.0,0,0,,1,-2.327220766849248,-0.0322261914212377,-0.0219999999999999,-5.900000000000002,,,,,,nba_api,,,,,,https://www.nba.com/stats/player/1630206,https://www.nba.com/stats/player/1630206,https://www.google.com/search?q=%22Jay+Scrubb%22+%22G+League%22+official+basketball+stats,https://www.nba.com/stats/player/1630206,,https://www.google.com/search?q=%22Jay+Scrubb%22+%22G+League%22+official+basketball+stats,Jay Scrubb G League basketball highlights,https://www.youtube.com/results?search_query=Jay+Scrubb+G+League+basketball+highlights,https://www.google.com/search?tbm=vid&q=Jay+Scrubb+G+League+basketball+highlights,https://www.youtube.com/results?search_query=Jay+Scrubb+G+League+basketball+highlights,,True,latest_season_only,E:\Project cba\data\reports\context_feature_topk_predictions.csv,2021-2022,gleague_nba_api,G League,1630206.0,,,,,high,exact_player_name_key_unique,matched_static_only_commonplayerinfo_skipped_after_limit_or_failure,2026-06-03T12:34:07.023813+00:00
48,Jaelen House,jaelenhouse,2024-2025,G League,SDC,gleague_nba_api,gleague_nba_api,common CBA source league pool + rule-based baseline,1.3071190542145803,High-ranked candidate from a common CBA source league with strong usage/scoring profile.,,,23.1,,,,,,,24.46753246753246,0.707012987012987,0.537,,,,,,,,1.0,0,0,,0,,,,,,,,,,nba_api,,,,,,,,https://www.google.com/search?q=site%3Anba.com%2Fstats+%22Jaelen+House%22+basketball,,,https://www.google.com/search?q=site%3Anba.com%2Fstats+%22Jaelen+House%22+basketball,Jaelen House G League basketball highlights,https://www.youtube.com/results?search_query=Jaelen+House+G+League+basketball+highlights,https://www.google.com/search?tbm=vid&q=Jaelen+House+G+League+basketball+highlights,https://www.youtube.com/results?search_query=Jaelen+House+G+League+basketball+highlights,,True,latest_season_only,E:\Project cba\data\reports\context_feature_topk_predictions.csv,2024-2025,gleague_nba_api,G League,,,,,,none,nba_static_players_name_key,no_confident_unique_match,2026-06-03T12:34:07.027823+00:00
49,Bronny James,bronnyjames,2024-2025,G League,SBL,gleague_nba_api,gleague_nba_api,common CBA source league pool + rule-based baseline,1.3054556062032865,High-ranked candidate from a common CBA source league with strong usage/scoring profile.,,,34.2,,,,,,,23.052631578947363,0.6461988304093567,0.588,,,,,,,,1.0,0,0,,0,,,,,,,,,,nba_api,,,,,,https://www.nba.com/stats/player/1642355,https://www.nba.com/stats/player/1642355,https://www.google.com/search?q=%22Bronny+James%22+%22G+League%22+official+basketball+stats,https://www.nba.com/stats/player/1642355,,https://www.google.com/search?q=%22Bronny+James%22+%22G+League%22+official+basketball+stats,Bronny James G League basketball highlights,https://www.youtube.com/results?search_query=Bronny+James+G+League+basketball+highlights,https://www.google.com/search?tbm=vid&q=Bronny+James+G+League+basketball+highlights,https://www.youtube.com/results?search_query=Bronny+James+G+League+basketball+highlights,,True,latest_season_only,E:\Project cba\data\reports\context_feature_topk_predictions.csv,2024-2025,gleague_nba_api,G League,1642355.0,,,,,high,exact_player_name_key_unique,matched_static_only_commonplayerinfo_skipped_after_limit_or_failure,2026-06-03T12:34:07.027823+00:00
50,Donovan Williams,donovanwilliams,2024-2025,G League,WES,gleague_nba_api,gleague_nba_api,common CBA source league pool + rule-based baseline,1.3015356849704818,High-ranked candidate from a common CBA source league with strong usage/scoring profile.,,,30.9,,,,,,,23.417475728155345,0.6163106796116505,0.601,,,,,,,,1.0,0,0,,1,-1.448503653287954,-0.0231394922096552,-0.0159999999999999,1.7999999999999972,,,,,,nba_api,,,,,,https://www.nba.com/stats/player/1631495,https://www.nba.com/stats/player/1631495,https://www.google.com/search?q=%22Donovan+Williams%22+%22G+League%22+official+basketball+stats,https://www.nba.com/stats/player/1631495,,https://www.google.com/search?q=%22Donovan+Williams%22+%22G+League%22+official+basketball+stats,Donovan Williams G League basketball highlights,https://www.youtube.com/results?search_query=Donovan+Williams+G+League+basketball+highlights,https://www.google.com/search?tbm=vid&q=Donovan+Williams+G+League+basketball+highlights,https://www.youtube.com/results?search_query=Donovan+Williams+G+League+basketball+highlights,,True,latest_season_only,E:\Project cba\data\reports\context_feature_topk_predictions.csv,2022-2023,gleague_nba_api,G League,1631495.0,,,,,high,exact_player_name_key_unique,matched_static_only_commonplayerinfo_skipped_after_limit_or_failure,2026-06-03T12:34:07.027823+00:00
51,Reggie Perry,reggieperry,2024-2025,G League,GBO,gleague_nba_api,gleague_nba_api,common CBA source league pool + rule-based baseline,1.2962334265356716,High-ranked candidate from a common CBA source league with strong usage/scoring profile.,,,27.5,,,,,,,23.301818181818184,0.6372363636363637,0.581,,,,,,,,1.0,0,0,,1,-3.600708893994096,-0.0544603872661634,-0.051,-0.1999999999999993,,,,,,nba_api,,,,,,https://www.nba.com/stats/player/1629617,https://www.nba.com/stats/player/1629617,https://www.google.com/search?q=%22Reggie+Perry%22+%22G+League%22+official+basketball+stats,https://www.nba.com/stats/player/1629617,,https://www.google.com/search?q=%22Reggie+Perry%22+%22G+League%22+official+basketball+stats,Reggie Perry G League basketball highlights,https://www.youtube.com/results?search_query=Reggie+Perry+G+League+basketball+highlights,https://www.google.com/search?tbm=vid&q=Reggie+Perry+G+League+basketball+highlights,https://www.youtube.com/results?search_query=Reggie+Perry+G+League+basketball+highlights,,True,latest_season_only,E:\Project cba\data\reports\context_feature_topk_predictions.csv,2020-2021,gleague_nba_api,G League,1629617.0,,,,,high,exact_player_name_key_unique,matched_static_only_commonplayerinfo_skipped_after_limit_or_failure,2026-06-03T12:34:07.032221+00:00
52,Sterling Manley,sterlingmanley,2024-2025,G League,RCR,gleague_nba_api,gleague_nba_api,common CBA source league pool + rule-based baseline,1.292520807834486,Returning-import candidate with prior CBA experience and strong source-league/pathway signal.,,,17.7,,,,,,,25.016949152542374,0.5712994350282486,0.693,,,,,,,,1.0,1,1,3.0,0,,,,,,,,,,nba_api,,,,,,,,https://www.google.com/search?q=site%3Anba.com%2Fstats+%22Sterling+Manley%22+basketball,,,https://www.google.com/search?q=site%3Anba.com%2Fstats+%22Sterling+Manley%22+basketball,Sterling Manley G League basketball highlights,https://www.youtube.com/results?search_query=Sterling+Manley+G+League+basketball+highlights,https://www.google.com/search?tbm=vid&q=Sterling+Manley+G+League+basketball+highlights,https://www.youtube.com/results?search_query=Sterling+Manley+G+League+basketball+highlights,Sterling Manley CBA basketball highlights,True,latest_season_only,E:\Project cba\data\reports\context_feature_topk_predictions.csv,2024-2025,gleague_nba_api,G League,,,,,,none,nba_static_players_name_key,no_confident_unique_match,2026-06-03T12:34:07.034226+00:00
53,Ousmane Dieng,ousmanedieng,2024-2025,G League,OKL,gleague_nba_api,gleague_nba_api,common CBA source league pool + rule-based baseline,1.292350400332119,High-ranked candidate from a common CBA source league with strong usage/scoring profile.,,,33.0,,,,,,,22.25454545454545,0.6207272727272726,0.622,,,,,,,,1.0,0,0,,1,2.6696397941680914,0.0431172098341907,0.037,1.1999999999999993,,,,,,nba_api,,,,,,https://www.nba.com/stats/player/1631172,https://www.nba.com/stats/player/1631172,https://www.google.com/search?q=%22Ousmane+Dieng%22+%22G+League%22+official+basketball+stats,https://www.nba.com/stats/player/1631172,,https://www.google.com/search?q=%22Ousmane+Dieng%22+%22G+League%22+official+basketball+stats,Ousmane Dieng G League basketball highlights,https://www.youtube.com/results?search_query=Ousmane+Dieng+G+League+basketball+highlights,https://www.google.com/search?tbm=vid&q=Ousmane+Dieng+G+League+basketball+highlights,https://www.youtube.com/results?search_query=Ousmane+Dieng+G+League+basketball+highlights,,True,latest_season_only,E:\Project cba\data\reports\context_feature_topk_predictions.csv,2022-2023,gleague_nba_api,G League,1631172.0,,,,,high,exact_player_name_key_unique,matched_static_only_commonplayerinfo_skipped_after_limit_or_failure,2026-06-03T12:34:07.034226+00:00
54,Javonte Cooke,javontecooke,2024-2025,G League,OKL,gleague_nba_api,gleague_nba_api,common CBA source league pool + rule-based baseline,1.2905411916495415,High-ranked candidate from a common CBA source league with strong usage/scoring profile.,,,27.3,,,,,,,21.890109890109887,0.6357509157509158,0.555,,,,,,,,1.0,0,0,,1,4.708291708291707,0.1485918248418249,-0.0259999999999999,-7.900000000000002,,,,,,nba_api,,,,,,https://www.nba.com/stats/player/1631451,https://www.nba.com/stats/player/1631451,https://www.google.com/search?q=%22Javonte+Cooke%22+%22G+League%22+official+basketball+stats,https://www.nba.com/stats/player/1631451,,https://www.google.com/search?q=%22Javonte+Cooke%22+%22G+League%22+official+basketball+stats,Javonte Cooke G League basketball highlights,https://www.youtube.com/results?search_query=Javonte+Cooke+G+League+basketball+highlights,https://www.google.com/search?tbm=vid&q=Javonte+Cooke+G+League+basketball+highlights,https://www.youtube.com/results?search_query=Javonte+Cooke+G+League+basketball+highlights,,True,latest_season_only,E:\Project cba\data\reports\context_feature_topk_predictions.csv,2022-2023,gleague_nba_api,G League,1631451.0,,,,,high,exact_player_name_key_unique,matched_static_only_commonplayerinfo_skipped_after_limit_or_failure,2026-06-03T12:34:07.034226+00:00
55,Sir'Jabari Rice,sirjabaririce,2024-2025,G League,SBL,gleague_nba_api,gleague_nba_api,common CBA source league pool + rule-based baseline,1.289779034401492,High-ranked candidate from a common CBA source league with strong usage/scoring profile.,,,21.9,,,,,,,22.356164383561648,0.5687671232876713,0.666,,,,,,,,1.0,0,0,,1,5.740779768177035,0.0909390689890288,0.097,-0.2000000000000028,,,,,,nba_api,,,,,,,,https://www.google.com/search?q=site%3Anba.com%2Fstats+%22Sir%27Jabari+Rice%22+basketball,,,https://www.google.com/search?q=site%3Anba.com%2Fstats+%22Sir%27Jabari+Rice%22+basketball,Sir'Jabari Rice G League basketball highlights,https://www.youtube.com/results?search_query=Sir%27Jabari+Rice+G+League+basketball+highlights,https://www.google.com/search?tbm=vid&q=Sir%27Jabari+Rice+G+League+basketball+highlights,https://www.youtube.com/results?search_query=Sir%27Jabari+Rice+G+League+basketball+highlights,,True,latest_season_only,E:\Project cba\data\reports\context_feature_topk_predictions.csv,2023-2024,gleague_nba_api,G League,,,,,,none,nba_static_players_name_key,no_confident_unique_match,2026-06-03T12:34:07.034226+00:00
56,Isaac Jones,isaacjones,2024-2025,G League,STO,gleague_nba_api,gleague_nba_api,common CBA source league pool + rule-based baseline,1.2896725386262036,High-ranked candidate from a common CBA source league with strong usage/scoring profile.,,,31.9,,,,,,,23.811912225705324,0.5815673981191224,0.648,,,,,,,,1.0,0,0,,0,,,,,,,,,,nba_api,,,,,,https://www.nba.com/stats/player/1642403,https://www.nba.com/stats/player/1642403,https://www.google.com/search?q=%22Isaac+Jones%22+%22G+League%22+official+basketball+stats,https://www.nba.com/stats/player/1642403,,https://www.google.com/search?q=%22Isaac+Jones%22+%22G+League%22+official+basketball+stats,Isaac Jones G League basketball highlights,https://www.youtube.com/results?search_query=Isaac+Jones+G+League+basketball+highlights,https://www.google.com/search?tbm=vid&q=Isaac+Jones+G+League+basketball+highlights,https://www.youtube.com/results?search_query=Isaac+Jones+G+League+basketball+highlights,,True,latest_season_only,E:\Project cba\data\reports\context_feature_topk_predictions.csv,2024-2025,gleague_nba_api,G League,1642403.0,,,,,high,exact_player_name_key_unique,matched_static_only_commonplayerinfo_skipped_after_limit_or_failure,2026-06-03T12:34:07.043817+00:00
57,Jahmir Young,jahmiryoung,2024-2025,G League,WCB,gleague_nba_api,gleague_nba_api,common CBA source league pool + rule-based baseline,1.286474482017645,High-ranked candidate from a common CBA source league with strong usage/scoring profile.,,,34.5,,,,,,,22.43478260869565,0.6476521739130435,0.553,,,,,,,,1.0,0,0,,0,,,,,,,,,,nba_api,,,,,,https://www.nba.com/stats/player/1642443,https://www.nba.com/stats/player/1642443,https://www.google.com/search?q=%22Jahmir+Young%22+%22G+League%22+official+basketball+stats,https://www.nba.com/stats/player/1642443,,https://www.google.com/search?q=%22Jahmir+Young%22+%22G+League%22+official+basketball+stats,Jahmir Young G League basketball highlights,https://www.youtube.com/results?search_query=Jahmir+Young+G+League+basketball+highlights,https://www.google.com/search?tbm=vid&q=Jahmir+Young+G+League+basketball+highlights,https://www.youtube.com/results?search_query=Jahmir+Young+G+League+basketball+highlights,,True,latest_season_only,E:\Project cba\data\reports\context_feature_topk_predictions.csv,2024-2025,gleague_nba_api,G League,1642443.0,,,,,high,exact_player_name_key_unique,matched_static_only_commonplayerinfo_skipped_after_limit_or_failure,2026-06-03T12:34:07.043817+00:00
58,Craig Randall II,craigrandall,2024-2025,G League,RCR,gleague_nba_api,gleague_nba_api,common CBA source league pool + rule-based baseline,1.2858940146677325,High-ranked candidate from a common CBA source league with strong usage/scoring profile.,,,33.6,,,,,,,22.82142857142857,0.6823809523809523,0.527,,,,,,,,1.0,0,0,,1,0.5056390977443606,0.0236675020885546,-0.001,-0.6000000000000014,,,,,,nba_api,,,,,,,,https://www.google.com/search?q=site%3Anba.com%2Fstats+%22Craig+Randall+II%22+basketball,,,https://www.google.com/search?q=site%3Anba.com%2Fstats+%22Craig+Randall+II%22+basketball,Craig Randall II G League basketball highlights,https://www.youtube.com/results?search_query=Craig+Randall+II+G+League+basketball+highlights,https://www.google.com/search?tbm=vid&q=Craig+Randall+II+G+League+basketball+highlights,https://www.youtube.com/results?search_query=Craig+Randall+II+G+League+basketball+highlights,,True,latest_season_only,E:\Project cba\data\reports\context_feature_topk_predictions.csv,2021-2022,gleague_nba_api,G League,,,,,,none,nba_static_players_name_key,no_confident_unique_match,2026-06-03T12:34:07.048924+00:00
59,T.J. Warren,tjwarren,2024-2025,G League,WES,gleague_nba_api,gleague_nba_api,common CBA source league pool + rule-based baseline,1.2841770555127352,High-ranked candidate from a common CBA source league with strong usage/scoring profile.,,,36.2,,,,,,,22.57458563535912,0.5662983425414364,0.618,,,,,,,,1.0,0,0,,0,,,,,,,,,,nba_api,,,,,,https://www.nba.com/stats/player/203933,https://www.nba.com/stats/player/203933,https://www.google.com/search?q=%22T.J.+Warren%22+%22G+League%22+official+basketball+stats,https://www.nba.com/stats/player/203933,,https://www.google.com/search?q=%22T.J.+Warren%22+%22G+League%22+official+basketball+stats,T.J. Warren G League basketball highlights,https://www.youtube.com/results?search_query=T.J.+Warren+G+League+basketball+highlights,https://www.google.com/search?tbm=vid&q=T.J.+Warren+G+League+basketball+highlights,https://www.youtube.com/results?search_query=T.J.+Warren+G+League+basketball+highlights,,True,latest_season_only,E:\Project cba\data\reports\context_feature_topk_predictions.csv,2024-2025,gleague_nba_api,G League,203933.0,,,,,high,exact_player_name_key_unique,matched_static_only_commonplayerinfo_skipped_after_limit_or_failure,2026-06-03T12:34:07.048924+00:00
60,Chris Livingston,chrislivingston,2024-2025,G League,WIS,gleague_nba_api,gleague_nba_api,common CBA source league pool + rule-based baseline,1.2823702817890787,High-ranked candidate from a common CBA source league with strong usage/scoring profile.,,,28.6,,,,,,,22.657342657342657,0.5818181818181818,0.64,,,,,,,,1.0,0,0,,1,4.528771228771234,0.0573896103896104,0.1009999999999999,0.6000000000000014,,,,,,nba_api,,,,,,https://www.nba.com/stats/player/1641753,https://www.nba.com/stats/player/1641753,https://www.google.com/search?q=%22Chris+Livingston%22+%22G+League%22+official+basketball+stats,https://www.nba.com/stats/player/1641753,,https://www.google.com/search?q=%22Chris+Livingston%22+%22G+League%22+official+basketball+stats,Chris Livingston G League basketball highlights,https://www.youtube.com/results?search_query=Chris+Livingston+G+League+basketball+highlights,https://www.google.com/search?tbm=vid&q=Chris+Livingston+G+League+basketball+highlights,https://www.youtube.com/results?search_query=Chris+Livingston+G+League+basketball+highlights,,True,latest_season_only,E:\Project cba\data\reports\context_feature_topk_predictions.csv,2023-2024,gleague_nba_api,G League,1641753.0,,,,,high,exact_player_name_key_unique,matched_static_only_commonplayerinfo_skipped_after_limit_or_failure,2026-06-03T12:34:07.050929+00:00
61,Killian Hayes,killianhayes,2024-2025,G League,LIN,gleague_nba_api,gleague_nba_api,common CBA source league pool + rule-based baseline,1.28104856018576,High-ranked candidate from a common CBA source league with strong usage/scoring profile.,,,33.3,,,,,,,22.486486486486488,0.6277477477477479,0.586,,,,,,,,1.0,0,0,,1,5.676264053926147,0.0966229646589325,-0.0033468161621923,7.924006941157906,,,,,,nba_api,,,,,,https://www.nba.com/stats/player/1630165,https://www.nba.com/stats/player/1630165,https://www.google.com/search?q=%22Killian+Hayes%22+%22G+League%22+official+basketball+stats,https://www.nba.com/stats/player/1630165,,https://www.google.com/search?q=%22Killian+Hayes%22+%22G+League%22+official+basketball+stats,Killian Hayes G League basketball highlights,https://www.youtube.com/results?search_query=Killian+Hayes+G+League+basketball+highlights,https://www.google.com/search?tbm=vid&q=Killian+Hayes+G+League+basketball+highlights,https://www.youtube.com/results?search_query=Killian+Hayes+G+League+basketball+highlights,,True,latest_season_only,E:\Project cba\data\reports\context_feature_topk_predictions.csv,2018 - 2019,kaggle_49leagues,French-Jeep-Elite,1630165.0,,,,,high,exact_player_name_key_unique,matched_static_only_commonplayerinfo_skipped_after_limit_or_failure,2026-06-03T12:34:07.050929+00:00
62,Jay Huff,jayhuff,2024-2025,G League,MHU,gleague_nba_api,gleague_nba_api,common CBA source league pool + rule-based baseline,1.2809059851709783,High-ranked candidate from a common CBA source league with strong usage/scoring profile.,,,33.5,,,,,,,22.56716417910448,0.7223880597014926,0.52,,,,,,,,1.0,0,0,,1,-1.590730557737622,0.1408091123330714,-0.132,3.1000000000000014,,,,,,nba_api,,,,,,https://www.nba.com/stats/player/1630643,https://www.nba.com/stats/player/1630643,https://www.google.com/search?q=%22Jay+Huff%22+%22G+League%22+official+basketball+stats,https://www.nba.com/stats/player/1630643,,https://www.google.com/search?q=%22Jay+Huff%22+%22G+League%22+official+basketball+stats,Jay Huff G League basketball highlights,https://www.youtube.com/results?search_query=Jay+Huff+G+League+basketball+highlights,https://www.google.com/search?tbm=vid&q=Jay+Huff+G+League+basketball+highlights,https://www.youtube.com/results?search_query=Jay+Huff+G+League+basketball+highlights,,True,latest_season_only,E:\Project cba\data\reports\context_feature_topk_predictions.csv,2021-2022,gleague_nba_api,G League,1630643.0,,,,,high,exact_player_name_key_unique,matched_static_only_commonplayerinfo_skipped_after_limit_or_failure,2026-06-03T12:34:07.055334+00:00
63,Stanley Umude,stanleyumude,2024-2025,G League,WIS,gleague_nba_api,gleague_nba_api,common CBA source league pool + rule-based baseline,1.2800979770448402,High-ranked candidate from a common CBA source league with strong usage/scoring profile.,,,29.6,,,,,,,22.74324324324325,0.6104054054054054,0.586,,,,,,,,1.0,0,0,,1,4.02324324324325,0.0635746361746363,0.0459999999999999,-2.8999999999999986,,,,,,nba_api,,,,,,https://www.nba.com/stats/player/1630649,https://www.nba.com/stats/player/1630649,https://www.google.com/search?q=%22Stanley+Umude%22+%22G+League%22+official+basketball+stats,https://www.nba.com/stats/player/1630649,,https://www.google.com/search?q=%22Stanley+Umude%22+%22G+League%22+official+basketball+stats,Stanley Umude G League basketball highlights,https://www.youtube.com/results?search_query=Stanley+Umude+G+League+basketball+highlights,https://www.google.com/search?tbm=vid&q=Stanley+Umude+G+League+basketball+highlights,https://www.youtube.com/results?search_query=Stanley+Umude+G+League+basketball+highlights,,True,latest_season_only,E:\Project cba\data\reports\context_feature_topk_predictions.csv,2022-2023,gleague_nba_api,G League,1630649.0,,,,,high,exact_player_name_key_unique,matched_static_only_commonplayerinfo_skipped_after_limit_or_failure,2026-06-03T12:34:07.055334+00:00
64,Jared Rhoden,jaredrhoden,2024-2025,G League,RAP,gleague_nba_api,gleague_nba_api,common CBA source league pool + rule-based baseline,1.2799444363419774,High-ranked candidate from a common CBA source league with strong usage/scoring profile.,,,31.4,,,,,,,21.783439490445858,0.5644585987261146,0.613,,,,,,,,1.0,0,0,,1,1.2820770926256984,-0.0010999843801523,0.047,-5.300000000000004,,,,,,nba_api,,,,,,https://www.nba.com/stats/player/1631197,https://www.nba.com/stats/player/1631197,https://www.google.com/search?q=%22Jared+Rhoden%22+%22G+League%22+official+basketball+stats,https://www.nba.com/stats/player/1631197,,https://www.google.com/search?q=%22Jared+Rhoden%22+%22G+League%22+official+basketball+stats,Jared Rhoden G League basketball highlights,https://www.youtube.com/results?search_query=Jared+Rhoden+G+League+basketball+highlights,https://www.google.com/search?tbm=vid&q=Jared+Rhoden+G+League+basketball+highlights,https://www.youtube.com/results?search_query=Jared+Rhoden+G+League+basketball+highlights,,True,latest_season_only,E:\Project cba\data\reports\context_feature_topk_predictions.csv,2022-2023,gleague_nba_api,G League,1631197.0,,,,,high,exact_player_name_key_unique,matched_static_only_commonplayerinfo_skipped_after_limit_or_failure,2026-06-03T12:34:07.055334+00:00
65,Jazian Gortman,jaziangortman,2024-2025,G League,TEX,gleague_nba_api,gleague_nba_api,common CBA source league pool + rule-based baseline,1.2798920594511136,High-ranked candidate from a common CBA source league with strong usage/scoring profile.,,,34.6,,,,,,,21.84971098265896,0.6917919075144509,0.554,,,,,,,,1.0,0,0,,1,4.039184666869485,0.0469498022512929,0.051,15.6,,,,,,nba_api,,,,,,https://www.nba.com/stats/player/1641789,https://www.nba.com/stats/player/1641789,https://www.google.com/search?q=%22Jazian+Gortman%22+%22G+League%22+official+basketball+stats,https://www.nba.com/stats/player/1641789,,https://www.google.com/search?q=%22Jazian+Gortman%22+%22G+League%22+official+basketball+stats,Jazian Gortman G League basketball highlights,https://www.youtube.com/results?search_query=Jazian+Gortman+G+League+basketball+highlights,https://www.google.com/search?tbm=vid&q=Jazian+Gortman+G+League+basketball+highlights,https://www.youtube.com/results?search_query=Jazian+Gortman+G+League+basketball+highlights,,True,latest_season_only,E:\Project cba\data\reports\context_feature_topk_predictions.csv,2023-2024,gleague_nba_api,G League,1641789.0,,,,,high,exact_player_name_key_unique,matched_static_only_commonplayerinfo_skipped_after_limit_or_failure,2026-06-03T12:34:07.055334+00:00
66,Mo Bamba,mobamba,2024-2025,G League,BHM,gleague_nba_api,gleague_nba_api,common CBA source league pool + rule-based baseline,1.2791789832611975,High-ranked candidate from a common CBA source league with strong usage/scoring profile.,,,30.800000000000004,,,,,,,24.545454545454543,0.5945454545454546,0.657,,,,,,,,1.0,0,0,,0,,,,,,,,,,nba_api,,,,,,https://www.nba.com/stats/player/1628964,https://www.nba.com/stats/player/1628964,https://www.google.com/search?q=%22Mo+Bamba%22+%22G+League%22+official+basketball+stats,https://www.nba.com/stats/player/1628964,,https://www.google.com/search?q=%22Mo+Bamba%22+%22G+League%22+official+basketball+stats,Mo Bamba G League basketball highlights,https://www.youtube.com/results?search_query=Mo+Bamba+G+League+basketball+highlights,https://www.google.com/search?tbm=vid&q=Mo+Bamba+G+League+basketball+highlights,https://www.youtube.com/results?search_query=Mo+Bamba+G+League+basketball+highlights,,True,latest_season_only,E:\Project cba\data\reports\context_feature_topk_predictions.csv,2024-2025,gleague_nba_api,G League,1628964.0,,,,,high,exact_player_name_key_unique,matched_static_only_commonplayerinfo_skipped_after_limit_or_failure,2026-06-03T12:34:07.066608+00:00
67,Dominick Barlow,dominickbarlow,2024-2025,G League,CPS,gleague_nba_api,gleague_nba_api,common CBA source league pool + rule-based baseline,1.2788646085328677,High-ranked candidate from a common CBA source league with strong usage/scoring profile.,,,32.6,,,,,,,24.07361963190184,0.5585276073619633,0.649,,,,,,,,1.0,0,0,,1,0.5521472392637996,0.0044171779141105,-0.024,0.0,,,,,,nba_api,,,,,,https://www.nba.com/stats/player/1631230,https://www.nba.com/stats/player/1631230,https://www.google.com/search?q=%22Dominick+Barlow%22+%22G+League%22+official+basketball+stats,https://www.nba.com/stats/player/1631230,,https://www.google.com/search?q=%22Dominick+Barlow%22+%22G+League%22+official+basketball+stats,Dominick Barlow G League basketball highlights,https://www.youtube.com/results?search_query=Dominick+Barlow+G+League+basketball+highlights,https://www.google.com/search?tbm=vid&q=Dominick+Barlow+G+League+basketball+highlights,https://www.youtube.com/results?search_query=Dominick+Barlow+G+League+basketball+highlights,,True,latest_season_only,E:\Project cba\data\reports\context_feature_topk_predictions.csv,2022-2023,gleague_nba_api,G League,1631230.0,,,,,high,exact_player_name_key_unique,matched_static_only_commonplayerinfo_skipped_after_limit_or_failure,2026-06-03T12:34:07.068614+00:00
68,GG Jackson,ggjackson,2024-2025,G League,MHU,gleague_nba_api,gleague_nba_api,common CBA source league pool + rule-based baseline,1.2787561272807606,High-ranked candidate from a common CBA source league with strong usage/scoring profile.,,,30.5,,,,,,,21.24590163934426,0.6237377049180328,0.566,,,,,,,,1.0,0,0,,1,2.3140215303524343,0.1365442444275696,-0.049,-6.200000000000003,,,,,,nba_api,,,,,,https://www.nba.com/stats/player/1641713,https://www.nba.com/stats/player/1641713,https://www.google.com/search?q=%22GG+Jackson%22+%22G+League%22+official+basketball+stats,https://www.nba.com/stats/player/1641713,,https://www.google.com/search?q=%22GG+Jackson%22+%22G+League%22+official+basketball+stats,GG Jackson G League basketball highlights,https://www.youtube.com/results?search_query=GG+Jackson+G+League+basketball+highlights,https://www.google.com/search?tbm=vid&q=GG+Jackson+G+League+basketball+highlights,https://www.youtube.com/results?search_query=GG+Jackson+G+League+basketball+highlights,,True,latest_season_only,E:\Project cba\data\reports\context_feature_topk_predictions.csv,2023-2024,gleague_nba_api,G League,1641713.0,,,,,high,exact_player_name_key_unique,matched_static_only_commonplayerinfo_skipped_after_limit_or_failure,2026-06-03T12:34:07.070619+00:00
69,Collin Gillespie,collingillespie,2024-2025,G League,VAL,gleague_nba_api,gleague_nba_api,common CBA source league pool + rule-based baseline,1.2781188621197943,High-ranked candidate from a common CBA source league with strong usage/scoring profile.,,,33.4,,,,,,,22.850299401197606,0.6269461077844312,0.598,,,,,,,,1.0,0,0,,1,4.048319203177808,0.1162530384775004,-0.029,-7.0,,,,,,nba_api,,,,,,https://www.nba.com/stats/player/1631221,https://www.nba.com/stats/player/1631221,https://www.google.com/search?q=%22Collin+Gillespie%22+%22G+League%22+official+basketball+stats,https://www.nba.com/stats/player/1631221,,https://www.google.com/search?q=%22Collin+Gillespie%22+%22G+League%22+official+basketball+stats,Collin Gillespie G League basketball highlights,https://www.youtube.com/results?search_query=Collin+Gillespie+G+League+basketball+highlights,https://www.google.com/search?tbm=vid&q=Collin+Gillespie+G+League+basketball+highlights,https://www.youtube.com/results?search_query=Collin+Gillespie+G+League+basketball+highlights,,True,latest_season_only,E:\Project cba\data\reports\context_feature_topk_predictions.csv,2023-2024,gleague_nba_api,G League,1631221.0,,,,,high,exact_player_name_key_unique,matched_static_only_commonplayerinfo_skipped_after_limit_or_failure,2026-06-03T12:34:07.072624+00:00
70,Isaiah Mobley,isaiahmobley,2024-2025,G League,DEL,gleague_nba_api,gleague_nba_api,common CBA source league pool + rule-based baseline,1.2774512699282363,High-ranked candidate from a common CBA source league with strong usage/scoring profile.,,,28.3,,,,,,,22.13427561837456,0.5779505300353357,0.597,,,,,,,,1.0,0,0,,1,2.1472626313615706,0.0393791014639071,-0.019,-2.500000000000004,,,,,,nba_api,,,,,,https://www.nba.com/stats/player/1630600,https://www.nba.com/stats/player/1630600,https://www.google.com/search?q=%22Isaiah+Mobley%22+%22G+League%22+official+basketball+stats,https://www.nba.com/stats/player/1630600,,https://www.google.com/search?q=%22Isaiah+Mobley%22+%22G+League%22+official+basketball+stats,Isaiah Mobley G League basketball highlights,https://www.youtube.com/results?search_query=Isaiah+Mobley+G+League+basketball+highlights,https://www.google.com/search?tbm=vid&q=Isaiah+Mobley+G+League+basketball+highlights,https://www.youtube.com/results?search_query=Isaiah+Mobley+G+League+basketball+highlights,,True,latest_season_only,E:\Project cba\data\reports\context_feature_topk_predictions.csv,2022-2023,gleague_nba_api,G League,1630600.0,,,,,high,exact_player_name_key_unique,matched_static_only_commonplayerinfo_skipped_after_limit_or_failure,2026-06-03T12:34:07.072624+00:00
71,Trentyn Flowers,trentynflowers,2024-2025,G League,SDC,gleague_nba_api,gleague_nba_api,common CBA source league pool + rule-based baseline,1.2765898992827394,High-ranked candidate from a common CBA source league with strong usage/scoring profile.,,,32.5,,,,,,,22.15384615384616,0.5619692307692307,0.6239999999999999,,,,,,,,1.0,0,0,,0,,,,,,,,,,nba_api,,,,,,https://www.nba.com/stats/player/1642280,https://www.nba.com/stats/player/1642280,https://www.google.com/search?q=%22Trentyn+Flowers%22+%22G+League%22+official+basketball+stats,https://www.nba.com/stats/player/1642280,,https://www.google.com/search?q=%22Trentyn+Flowers%22+%22G+League%22+official+basketball+stats,Trentyn Flowers G League basketball highlights,https://www.youtube.com/results?search_query=Trentyn+Flowers+G+League+basketball+highlights,https://www.google.com/search?tbm=vid&q=Trentyn+Flowers+G+League+basketball+highlights,https://www.youtube.com/results?search_query=Trentyn+Flowers+G+League+basketball+highlights,,True,latest_season_only,E:\Project cba\data\reports\context_feature_topk_predictions.csv,2024-2025,gleague_nba_api,G League,1642280.0,,,,,high,exact_player_name_key_unique,matched_static_only_commonplayerinfo_skipped_after_limit_or_failure,2026-06-03T12:34:07.072624+00:00
72,Henry Ellenson,henryellenson,2024-2025,G League,WIS,gleague_nba_api,gleague_nba_api,common CBA source league pool + rule-based baseline,1.27571818717491,High-ranked candidate from a common CBA source league with strong usage/scoring profile.,,,34.5,,,,,,,22.53913043478261,0.5404057971014492,0.64,,,,,,,,1.0,0,0,,1,6.139631374043727,0.1055279010463459,0.027,13.206666666666669,,,,,,nba_api,,,,,,https://www.nba.com/stats/player/1627740,https://www.nba.com/stats/player/1627740,https://www.google.com/search?q=%22Henry+Ellenson%22+%22G+League%22+official+basketball+stats,https://www.nba.com/stats/player/1627740,,https://www.google.com/search?q=%22Henry+Ellenson%22+%22G+League%22+official+basketball+stats,Henry Ellenson G League basketball highlights,https://www.youtube.com/results?search_query=Henry+Ellenson+G+League+basketball+highlights,https://www.google.com/search?tbm=vid&q=Henry+Ellenson+G+League+basketball+highlights,https://www.youtube.com/results?search_query=Henry+Ellenson+G+League+basketball+highlights,,True,latest_season_only,E:\Project cba\data\reports\context_feature_topk_predictions.csv,2018-2019,gleague_nba_api,G League,1627740.0,,,,,high,exact_player_name_key_unique,matched_static_only_commonplayerinfo_skipped_after_limit_or_failure,2026-06-03T12:34:07.080399+00:00
73,Ja'Kobe Walter,jakobewalter,2024-2025,G League,RAP,gleague_nba_api,gleague_nba_api,common CBA source league pool + rule-based baseline,1.2744346010286698,High-ranked candidate from a common CBA source league with strong usage/scoring profile.,,,32.9,,,,,,,22.21276595744681,0.534711246200608,0.6530000000000001,,,,,,,,1.0,0,0,,0,,,,,,,,,,nba_api,,,,,,https://www.nba.com/stats/player/1642266,https://www.nba.com/stats/player/1642266,https://www.google.com/search?q=%22Ja%27Kobe+Walter%22+%22G+League%22+official+basketball+stats,https://www.nba.com/stats/player/1642266,,https://www.google.com/search?q=%22Ja%27Kobe+Walter%22+%22G+League%22+official+basketball+stats,Ja'Kobe Walter G League basketball highlights,https://www.youtube.com/results?search_query=Ja%27Kobe+Walter+G+League+basketball+highlights,https://www.google.com/search?tbm=vid&q=Ja%27Kobe+Walter+G+League+basketball+highlights,https://www.youtube.com/results?search_query=Ja%27Kobe+Walter+G+League+basketball+highlights,,True,latest_season_only,E:\Project cba\data\reports\context_feature_topk_predictions.csv,2024-2025,gleague_nba_api,G League,1642266.0,,,,,high,exact_player_name_key_unique,matched_static_only_commonplayerinfo_skipped_after_limit_or_failure,2026-06-03T12:34:07.084408+00:00
74,DJ Steward,djsteward,2024-2025,G League,MHU,gleague_nba_api,gleague_nba_api,common CBA source league pool + rule-based baseline,1.2726847113734732,High-ranked candidate from a common CBA source league with strong usage/scoring profile.,,,32.0,,,,,,,21.375,0.55875,0.6079999999999999,,,,,,,,1.0,0,0,,1,-2.140151515151512,-0.083270202020202,0.0139999999999999,2.3000000000000007,,,,,,nba_api,,,,,,,,https://www.google.com/search?q=site%3Anba.com%2Fstats+%22DJ+Steward%22+basketball,,,https://www.google.com/search?q=site%3Anba.com%2Fstats+%22DJ+Steward%22+basketball,DJ Steward G League basketball highlights,https://www.youtube.com/results?search_query=DJ+Steward+G+League+basketball+highlights,https://www.google.com/search?tbm=vid&q=DJ+Steward+G+League+basketball+highlights,https://www.youtube.com/results?search_query=DJ+Steward+G+League+basketball+highlights,,True,latest_season_only,E:\Project cba\data\reports\context_feature_topk_predictions.csv,2021-2022,gleague_nba_api,G League,,,,,,none,nba_static_players_name_key,no_confident_unique_match,2026-06-03T12:34:07.084408+00:00
75,Judah Mintz,judahmintz,2024-2025,G League,DEL,gleague_nba_api,gleague_nba_api,common CBA source league pool + rule-based baseline,1.2717191035057556,High-ranked candidate from a common CBA source league with strong usage/scoring profile.,,,35.6,,,,,,,21.438202247191008,0.5426966292134832,0.615,,,,,,,,1.0,0,0,,0,,,,,,,,,,nba_api,,,,,,,,https://www.google.com/search?q=site%3Anba.com%2Fstats+%22Judah+Mintz%22+basketball,,,https://www.google.com/search?q=site%3Anba.com%2Fstats+%22Judah+Mintz%22+basketball,Judah Mintz G League basketball highlights,https://www.youtube.com/results?search_query=Judah+Mintz+G+League+basketball+highlights,https://www.google.com/search?tbm=vid&q=Judah+Mintz+G+League+basketball+highlights,https://www.youtube.com/results?search_query=Judah+Mintz+G+League+basketball+highlights,,True,latest_season_only,E:\Project cba\data\reports\context_feature_topk_predictions.csv,2024-2025,gleague_nba_api,G League,,,,,,none,nba_static_players_name_key,no_confident_unique_match,2026-06-03T12:34:07.084408+00:00
76,Josh Christopher,joshchristopher,2024-2025,G League,SXF,gleague_nba_api,gleague_nba_api,common CBA source league pool + rule-based baseline,1.2701174418521195,High-ranked candidate from a common CBA source league with strong usage/scoring profile.,,,34.3,,,,,,,21.935860058309043,0.6543440233236152,0.539,,,,,,,,1.0,0,0,,1,0.000376187341299,0.0357060304920738,-0.0349999999999999,6.399999999999999,,,,,,nba_api,,,,,,https://www.nba.com/stats/player/1630528,https://www.nba.com/stats/player/1630528,https://www.google.com/search?q=%22Josh+Christopher%22+%22G+League%22+official+basketball+stats,https://www.nba.com/stats/player/1630528,,https://www.google.com/search?q=%22Josh+Christopher%22+%22G+League%22+official+basketball+stats,Josh Christopher G League basketball highlights,https://www.youtube.com/results?search_query=Josh+Christopher+G+League+basketball+highlights,https://www.google.com/search?tbm=vid&q=Josh+Christopher+G+League+basketball+highlights,https://www.youtube.com/results?search_query=Josh+Christopher+G+League+basketball+highlights,,True,latest_season_only,E:\Project cba\data\reports\context_feature_topk_predictions.csv,2023-2024,gleague_nba_api,G League,1630528.0,,,,,high,exact_player_name_key_unique,matched_static_only_commonplayerinfo_skipped_after_limit_or_failure,2026-06-03T12:34:07.084408+00:00
77,Justise Winslow,justisewinslow,2024-2025,G League,WIS,gleague_nba_api,gleague_nba_api,common CBA source league pool + rule-based baseline,1.269720577935815,High-ranked candidate from a common CBA source league with strong usage/scoring profile.,,,21.4,,,,,,,22.71028037383177,0.6091588785046729,0.587,,,,,,,,1.0,0,0,,1,2.3994695630209577,0.0040237433695377,0.0259999999999999,-8.200000000000003,,,,,,nba_api,,,,,,https://www.nba.com/stats/player/1626159,https://www.nba.com/stats/player/1626159,https://www.google.com/search?q=%22Justise+Winslow%22+%22G+League%22+official+basketball+stats,https://www.nba.com/stats/player/1626159,,https://www.google.com/search?q=%22Justise+Winslow%22+%22G+League%22+official+basketball+stats,Justise Winslow G League basketball highlights,https://www.youtube.com/results?search_query=Justise+Winslow+G+League+basketball+highlights,https://www.google.com/search?tbm=vid&q=Justise+Winslow+G+League+basketball+highlights,https://www.youtube.com/results?search_query=Justise+Winslow+G+League+basketball+highlights,,True,latest_season_only,E:\Project cba\data\reports\context_feature_topk_predictions.csv,2023-2024,gleague_nba_api,G League,1626159.0,,,,,high,exact_player_name_key_unique,matched_static_only_commonplayerinfo_skipped_after_limit_or_failure,2026-06-03T12:34:07.084408+00:00
78,Lester Quinones,lesterquinones,2024-2025,G League,BHM,gleague_nba_api,gleague_nba_api,common CBA source league pool + rule-based baseline,1.2689656136151393,High-ranked candidate from a common CBA source league with strong usage/scoring profile.,,,36.2,,,,,,,21.18232044198895,0.6134806629834254,0.576,,,,,,,,1.0,0,0,,1,-9.046687191598838,-0.2078933828181013,0.012,10.000000000000004,,,,,,nba_api,,,,,,https://www.nba.com/stats/player/1631311,https://www.nba.com/stats/player/1631311,https://www.google.com/search?q=%22Lester+Quinones%22+%22G+League%22+official+basketball+stats,https://www.nba.com/stats/player/1631311,,https://www.google.com/search?q=%22Lester+Quinones%22+%22G+League%22+official+basketball+stats,Lester Quinones G League basketball highlights,https://www.youtube.com/results?search_query=Lester+Quinones+G+League+basketball+highlights,https://www.google.com/search?tbm=vid&q=Lester+Quinones+G+League+basketball+highlights,https://www.youtube.com/results?search_query=Lester+Quinones+G+League+basketball+highlights,,True,latest_season_only,E:\Project cba\data\reports\context_feature_topk_predictions.csv,2022-2023,gleague_nba_api,G League,1631311.0,,,,,high,exact_player_name_key_unique,matched_static_only_commonplayerinfo_skipped_after_limit_or_failure,2026-06-03T12:34:07.084408+00:00
79,Quenton Jackson,quentonjackson,2024-2025,G League,IMA,gleague_nba_api,gleague_nba_api,common CBA source league pool + rule-based baseline,1.2683006715943788,High-ranked candidate from a common CBA source league with strong usage/scoring profile.,,,37.7,,,,,,,22.344827586206893,0.5492838196286473,0.648,,,,,,,,1.0,0,0,,1,2.321158947153645,0.0290471332381146,0.02,3.9000000000000057,,,,,,nba_api,,,,,,https://www.nba.com/stats/player/1631245,https://www.nba.com/stats/player/1631245,https://www.google.com/search?q=%22Quenton+Jackson%22+%22G+League%22+official+basketball+stats,https://www.nba.com/stats/player/1631245,,https://www.google.com/search?q=%22Quenton+Jackson%22+%22G+League%22+official+basketball+stats,Quenton Jackson G League basketball highlights,https://www.youtube.com/results?search_query=Quenton+Jackson+G+League+basketball+highlights,https://www.google.com/search?tbm=vid&q=Quenton+Jackson+G+League+basketball+highlights,https://www.youtube.com/results?search_query=Quenton+Jackson+G+League+basketball+highlights,,True,latest_season_only,E:\Project cba\data\reports\context_feature_topk_predictions.csv,2022-2023,gleague_nba_api,G League,1631245.0,,,,,high,exact_player_name_key_unique,matched_static_only_commonplayerinfo_skipped_after_limit_or_failure,2026-06-03T12:34:07.084408+00:00
80,Justin Edwards,justinedwards,2024-2025,G League,DEL,gleague_nba_api,gleague_nba_api,common CBA source league pool + rule-based baseline,1.2672941604544157,High-ranked candidate from a common CBA source league with strong usage/scoring profile.,,,31.0,,,,,,,22.877419354838707,0.6313548387096775,0.549,,,,,,,,1.0,0,0,,1,4.415880893300248,0.1224585176394433,-0.0389206175293471,3.804108934543717,,,,,,nba_api,,,,,,https://www.nba.com/stats/player/1642348,https://www.nba.com/stats/player/1642348,https://www.google.com/search?q=%22Justin+Edwards%22+%22G+League%22+official+basketball+stats,https://www.nba.com/stats/player/1642348,,https://www.google.com/search?q=%22Justin+Edwards%22+%22G+League%22+official+basketball+stats,Justin Edwards G League basketball highlights,https://www.youtube.com/results?search_query=Justin+Edwards+G+League+basketball+highlights,https://www.google.com/search?tbm=vid&q=Justin+Edwards+G+League+basketball+highlights,https://www.youtube.com/results?search_query=Justin+Edwards+G+League+basketball+highlights,,True,latest_season_only,E:\Project cba\data\reports\context_feature_topk_predictions.csv,2016 - 2017,kaggle_49leagues,Hungarian-NBIA,1642348.0,,,,,high,exact_player_name_key_unique,matched_static_only_commonplayerinfo_skipped_after_limit_or_failure,2026-06-03T12:34:07.098418+00:00
81,Jarron Cumberland,jarroncumberland,2024-2025,G League,DEL,gleague_nba_api,gleague_nba_api,common CBA source league pool + rule-based baseline,1.2667443475851463,High-ranked candidate from a common CBA source league with strong usage/scoring profile.,,,32.0,,,,,,,22.05,0.5225,0.6629999999999999,,,,,,,,1.0,0,0,,1,6.913636363636364,0.113560606060606,0.0799999999999999,5.600000000000001,,,,,,nba_api,,,,,,https://www.nba.com/stats/player/1629600,https://www.nba.com/stats/player/1629600,https://www.google.com/search?q=%22Jarron+Cumberland%22+%22G+League%22+official+basketball+stats,https://www.nba.com/stats/player/1629600,,https://www.google.com/search?q=%22Jarron+Cumberland%22+%22G+League%22+official+basketball+stats,Jarron Cumberland G League basketball highlights,https://www.youtube.com/results?search_query=Jarron+Cumberland+G+League+basketball+highlights,https://www.google.com/search?tbm=vid&q=Jarron+Cumberland+G+League+basketball+highlights,https://www.youtube.com/results?search_query=Jarron+Cumberland+G+League+basketball+highlights,,True,latest_season_only,E:\Project cba\data\reports\context_feature_topk_predictions.csv,2020-2021,gleague_nba_api,G League,1629600.0,,,,,high,exact_player_name_key_unique,matched_static_only_commonplayerinfo_skipped_after_limit_or_failure,2026-06-03T12:34:07.098418+00:00
82,Jameer Nelson Jr.,jameernelson,2024-2025,G League,AUS,gleague_nba_api,gleague_nba_api,common CBA source league pool + rule-based baseline,1.2657000910200369,High-ranked candidate from a common CBA source league with strong usage/scoring profile.,,,19.0,,,,,,,21.410526315789472,0.5936842105263157,0.591,,,,,,,,1.0,0,0,,0,,,,,,,,,,nba_api,,,,,,https://www.nba.com/stats/player/2749,https://www.nba.com/stats/player/2749,https://www.google.com/search?q=%22Jameer+Nelson+Jr.%22+%22G+League%22+official+basketball+stats,https://www.nba.com/stats/player/2749,,https://www.google.com/search?q=%22Jameer+Nelson+Jr.%22+%22G+League%22+official+basketball+stats,Jameer Nelson Jr. G League basketball highlights,https://www.youtube.com/results?search_query=Jameer+Nelson+Jr.+G+League+basketball+highlights,https://www.google.com/search?tbm=vid&q=Jameer+Nelson+Jr.+G+League+basketball+highlights,https://www.youtube.com/results?search_query=Jameer+Nelson+Jr.+G+League+basketball+highlights,,True,latest_season_only,E:\Project cba\data\reports\context_feature_topk_predictions.csv,2024-2025,gleague_nba_api,G League,2749.0,,,,,high,exact_player_name_key_unique,matched_static_only_commonplayerinfo_skipped_after_limit_or_failure,2026-06-03T12:34:07.098418+00:00
83,Kent Bazemore,kentbazemore,2024-2025,G League,CCG,gleague_nba_api,gleague_nba_api,common CBA source league pool + rule-based baseline,1.264614684201279,High-ranked candidate from a common CBA source league with strong usage/scoring profile.,,,26.5,,,,,,,22.1433962264151,0.5781132075471698,0.545,,,,,,,,1.0,0,0,,1,6.243396226415097,0.0787798742138363,0.016,2.5,,,,,,nba_api,,,,,,https://www.nba.com/stats/player/203145,https://www.nba.com/stats/player/203145,https://www.google.com/search?q=%22Kent+Bazemore%22+%22G+League%22+official+basketball+stats,https://www.nba.com/stats/player/203145,,https://www.google.com/search?q=%22Kent+Bazemore%22+%22G+League%22+official+basketball+stats,Kent Bazemore G League basketball highlights,https://www.youtube.com/results?search_query=Kent+Bazemore+G+League+basketball+highlights,https://www.google.com/search?tbm=vid&q=Kent+Bazemore+G+League+basketball+highlights,https://www.youtube.com/results?search_query=Kent+Bazemore+G+League+basketball+highlights,,True,latest_season_only,E:\Project cba\data\reports\context_feature_topk_predictions.csv,2023-2024,gleague_nba_api,G League,203145.0,,,,,high,exact_player_name_key_unique,matched_static_only_commonplayerinfo_skipped_after_limit_or_failure,2026-06-03T12:34:07.104494+00:00
84,Nae'Qwan Tomlin,naeqwantomlin,2024-2025,G League,CLC,gleague_nba_api,gleague_nba_api,common CBA source league pool + rule-based baseline,1.2637466310630336,High-ranked candidate from a common CBA source league with strong usage/scoring profile.,,,33.3,,,,,,,22.37837837837838,0.5435435435435436,0.64,,,,,,,,1.0,0,0,,0,,,,,,,,,,nba_api,,,,,,https://www.nba.com/stats/player/1641772,https://www.nba.com/stats/player/1641772,https://www.google.com/search?q=%22Nae%27Qwan+Tomlin%22+%22G+League%22+official+basketball+stats,https://www.nba.com/stats/player/1641772,,https://www.google.com/search?q=%22Nae%27Qwan+Tomlin%22+%22G+League%22+official+basketball+stats,Nae'Qwan Tomlin G League basketball highlights,https://www.youtube.com/results?search_query=Nae%27Qwan+Tomlin+G+League+basketball+highlights,https://www.google.com/search?tbm=vid&q=Nae%27Qwan+Tomlin+G+League+basketball+highlights,https://www.youtube.com/results?search_query=Nae%27Qwan+Tomlin+G+League+basketball+highlights,,True,latest_season_only,E:\Project cba\data\reports\context_feature_topk_predictions.csv,2024-2025,gleague_nba_api,G League,1641772.0,,,,,high,exact_player_name_key_unique,matched_static_only_commonplayerinfo_skipped_after_limit_or_failure,2026-06-03T12:34:07.108452+00:00
85,A.J. Lawson,ajlawson,2024-2025,G League,RAP,gleague_nba_api,gleague_nba_api,common CBA source league pool + rule-based baseline,1.2625349498190013,High-ranked candidate from a common CBA source league with strong usage/scoring profile.,,,32.2,,,,,,,21.24223602484472,0.5765217391304347,0.573,,,,,,,,1.0,0,0,,1,-3.121400338791645,-0.0452964426877471,-0.027,2.500000000000004,,,,,,nba_api,,,,,,https://www.nba.com/stats/player/1630639,https://www.nba.com/stats/player/1630639,https://www.google.com/search?q=%22A.J.+Lawson%22+%22G+League%22+official+basketball+stats,https://www.nba.com/stats/player/1630639,,https://www.google.com/search?q=%22A.J.+Lawson%22+%22G+League%22+official+basketball+stats,A.J. Lawson G League basketball highlights,https://www.youtube.com/results?search_query=A.J.+Lawson+G+League+basketball+highlights,https://www.google.com/search?tbm=vid&q=A.J.+Lawson+G+League+basketball+highlights,https://www.youtube.com/results?search_query=A.J.+Lawson+G+League+basketball+highlights,,True,latest_season_only,E:\Project cba\data\reports\context_feature_topk_predictions.csv,2021-2022,gleague_nba_api,G League,1630639.0,,,,,high,exact_player_name_key_unique,matched_static_only_commonplayerinfo_skipped_after_limit_or_failure,2026-06-03T12:34:07.110457+00:00
86,Matas Buzelis,matasbuzelis,2024-2025,G League,WCB,gleague_nba_api,gleague_nba_api,common CBA source league pool + rule-based baseline,1.2618010321330595,High-ranked candidate from a common CBA source league with strong usage/scoring profile.,,,34.4,,,,,,,21.97674418604651,0.8488372093023256,0.401,,,,,,,,1.0,0,0,,1,5.889244186046508,0.3717122093023256,-0.145,2.3999999999999986,,,,,,nba_api,,,,,,https://www.nba.com/stats/player/1641824,https://www.nba.com/stats/player/1641824,https://www.google.com/search?q=%22Matas+Buzelis%22+%22G+League%22+official+basketball+stats,https://www.nba.com/stats/player/1641824,,https://www.google.com/search?q=%22Matas+Buzelis%22+%22G+League%22+official+basketball+stats,Matas Buzelis G League basketball highlights,https://www.youtube.com/results?search_query=Matas+Buzelis+G+League+basketball+highlights,https://www.google.com/search?tbm=vid&q=Matas+Buzelis+G+League+basketball+highlights,https://www.youtube.com/results?search_query=Matas+Buzelis+G+League+basketball+highlights,,True,latest_season_only,E:\Project cba\data\reports\context_feature_topk_predictions.csv,2023-2024,gleague_nba_api,G League,1641824.0,,,,,high,exact_player_name_key_unique,matched_static_only_commonplayerinfo_skipped_after_limit_or_failure,2026-06-03T12:34:07.110457+00:00
87,KJ Simpson,kjsimpson,2024-2025,G League,GBO,gleague_nba_api,gleague_nba_api,common CBA source league pool + rule-based baseline,1.2617374296529875,High-ranked candidate from a common CBA source league with strong usage/scoring profile.,,,35.2,,,,,,,21.375,0.5614772727272728,0.616,,,,,,,,1.0,0,0,,0,,,,,,,,,,nba_api,,,,,,https://www.nba.com/stats/player/1642354,https://www.nba.com/stats/player/1642354,https://www.google.com/search?q=%22KJ+Simpson%22+%22G+League%22+official+basketball+stats,https://www.nba.com/stats/player/1642354,,https://www.google.com/search?q=%22KJ+Simpson%22+%22G+League%22+official+basketball+stats,KJ Simpson G League basketball highlights,https://www.youtube.com/results?search_query=KJ+Simpson+G+League+basketball+highlights,https://www.google.com/search?tbm=vid&q=KJ+Simpson+G+League+basketball+highlights,https://www.youtube.com/results?search_query=KJ+Simpson+G+League+basketball+highlights,,True,latest_season_only,E:\Project cba\data\reports\context_feature_topk_predictions.csv,2024-2025,gleague_nba_api,G League,1642354.0,,,,,high,exact_player_name_key_unique,matched_static_only_commonplayerinfo_skipped_after_limit_or_failure,2026-06-03T12:34:07.116300+00:00
88,Terence Davis,terencedavis,2024-2025,G League,WIS,gleague_nba_api,gleague_nba_api,common CBA source league pool + rule-based baseline,1.2590143100016429,High-ranked candidate from a common CBA source league with strong usage/scoring profile.,,,26.4,,,,,,,19.5,0.5386363636363637,0.591,,,,,,,,1.0,0,0,,1,0.8793103448275836,-0.1746641289744738,0.175,6.099999999999998,,,,,,nba_api,,,,,,https://www.nba.com/stats/player/1629056,https://www.nba.com/stats/player/1629056,https://www.google.com/search?q=%22Terence+Davis%22+%22G+League%22+official+basketball+stats,https://www.nba.com/stats/player/1629056,,https://www.google.com/search?q=%22Terence+Davis%22+%22G+League%22+official+basketball+stats,Terence Davis G League basketball highlights,https://www.youtube.com/results?search_query=Terence+Davis+G+League+basketball+highlights,https://www.google.com/search?tbm=vid&q=Terence+Davis+G+League+basketball+highlights,https://www.youtube.com/results?search_query=Terence+Davis+G+League+basketball+highlights,,True,latest_season_only,E:\Project cba\data\reports\context_feature_topk_predictions.csv,2023-2024,gleague_nba_api,G League,1629056.0,,,,,high,exact_player_name_key_unique,matched_static_only_commonplayerinfo_skipped_after_limit_or_failure,2026-06-03T12:34:07.116300+00:00
89,Jaylen Sims,jaylensims,2024-2025,G League,GBO,gleague_nba_api,gleague_nba_api,common CBA source league pool + rule-based baseline,1.2584368748453885,High-ranked candidate from a common CBA source league with strong usage/scoring profile.,,,33.0,,,,,,,21.27272727272728,0.5088484848484848,0.652,,,,,,,,1.0,0,0,,1,3.799043062200965,0.0875619351408824,-0.004,-1.2000000000000028,,,,,,nba_api,,,,,,https://www.nba.com/stats/player/1631301,https://www.nba.com/stats/player/1631301,https://www.google.com/search?q=%22Jaylen+Sims%22+%22G+League%22+official+basketball+stats,https://www.nba.com/stats/player/1631301,,https://www.google.com/search?q=%22Jaylen+Sims%22+%22G+League%22+official+basketball+stats,Jaylen Sims G League basketball highlights,https://www.youtube.com/results?search_query=Jaylen+Sims+G+League+basketball+highlights,https://www.google.com/search?tbm=vid&q=Jaylen+Sims+G+League+basketball+highlights,https://www.youtube.com/results?search_query=Jaylen+Sims+G+League+basketball+highlights,,True,latest_season_only,E:\Project cba\data\reports\context_feature_topk_predictions.csv,2022-2023,gleague_nba_api,G League,1631301.0,,,,,high,exact_player_name_key_unique,matched_static_only_commonplayerinfo_skipped_after_limit_or_failure,2026-06-03T12:34:07.116300+00:00
90,Antonio Reeves,antonioreeves,2024-2025,G League,BHM,gleague_nba_api,gleague_nba_api,common CBA source league pool + rule-based baseline,1.2578932654059267,High-ranked candidate from a common CBA source league with strong usage/scoring profile.,,,38.3,,,,,,,23.31070496083551,0.5585378590078329,0.633,,,,,,,,1.0,0,0,,0,,,,,,,,,,nba_api,,,,,,https://www.nba.com/stats/player/1641810,https://www.nba.com/stats/player/1641810,https://www.google.com/search?q=%22Antonio+Reeves%22+%22G+League%22+official+basketball+stats,https://www.nba.com/stats/player/1641810,,https://www.google.com/search?q=%22Antonio+Reeves%22+%22G+League%22+official+basketball+stats,Antonio Reeves G League basketball highlights,https://www.youtube.com/results?search_query=Antonio+Reeves+G+League+basketball+highlights,https://www.google.com/search?tbm=vid&q=Antonio+Reeves+G+League+basketball+highlights,https://www.youtube.com/results?search_query=Antonio+Reeves+G+League+basketball+highlights,,True,latest_season_only,E:\Project cba\data\reports\context_feature_topk_predictions.csv,2024-2025,gleague_nba_api,G League,1641810.0,,,,,high,exact_player_name_key_unique,matched_static_only_commonplayerinfo_skipped_after_limit_or_failure,2026-06-03T12:34:07.116300+00:00
91,Johnathan Motley,johnathanmotley,2024-2025,EuroCup,Hapoel Tel Aviv,euroleague_api,euroleague_api,common CBA source league pool + rule-based baseline,1.2548466512352574,High-ranked candidate from a common CBA source league with strong usage/scoring profile.,,,25.824166666666663,,,,,,,23.280518893801023,0.609041918099971,0.6399999999999999,,,,,,,,1.0,0,0,,1,1.7456788759977542,0.0681072462241982,-0.041,7.101018518518515,,,,,,,,,,,,,,https://www.google.com/search?q=%22Johnathan+Motley%22+%22EuroCup%22+official+basketball+stats,,https://www.google.com/search?q=site%3Aeuroleaguebasketball.net%2Feuroleague%2Fplayers+%22Johnathan+Motley%22,https://www.google.com/search?q=site%3Aeuroleaguebasketball.net%2Feuroleague%2Fplayers+%22Johnathan+Motley%22,Johnathan Motley EuroCup basketball highlights,https://www.youtube.com/results?search_query=Johnathan+Motley+EuroCup+basketball+highlights,https://www.google.com/search?tbm=vid&q=Johnathan+Motley+EuroCup+basketball+highlights,https://www.youtube.com/results?search_query=Johnathan+Motley+EuroCup+basketball+highlights,,True,latest_season_only,E:\Project cba\data\reports\context_feature_topk_predictions.csv,2018-2019,gleague_nba_api,G League,,,,,,,,,
92,Jaden Shackelford,jadenshackelford,2024-2025,G League,VAL,gleague_nba_api,gleague_nba_api,common CBA source league pool + rule-based baseline,1.2500234839930218,High-ranked candidate from a common CBA source league with strong usage/scoring profile.,,,31.2,,,,,,,20.192307692307693,0.571923076923077,0.551,,,,,,,,1.0,0,0,,1,3.2890818858560813,0.092639922801213,-0.005,3.3000000000000007,,,,,,nba_api,,,,,,,,https://www.google.com/search?q=site%3Anba.com%2Fstats+%22Jaden+Shackelford%22+basketball,,,https://www.google.com/search?q=site%3Anba.com%2Fstats+%22Jaden+Shackelford%22+basketball,Jaden Shackelford G League basketball highlights,https://www.youtube.com/results?search_query=Jaden+Shackelford+G+League+basketball+highlights,https://www.google.com/search?tbm=vid&q=Jaden+Shackelford+G+League+basketball+highlights,https://www.youtube.com/results?search_query=Jaden+Shackelford+G+League+basketball+highlights,,True,latest_season_only,E:\Project cba\data\reports\context_feature_topk_predictions.csv,2022-2023,gleague_nba_api,G League,,,,,,none,nba_static_players_name_key,no_confident_unique_match,2026-06-03T12:34:07.116300+00:00
93,Nadir Hifi,nadirhifi,2024-2025,EuroLeague,Paris Basketball,euroleague_api,euroleague_api,common CBA source league pool + rule-based baseline,1.249731606599824,High-ranked candidate from a common CBA source league with strong usage/scoring profile.,,,19.967543859649123,,,,,,,27.22417958968501,0.7594324122479463,0.552,,,,,,,,1.0,0,0,,1,0.0668048078494685,0.057230680104501,-0.0609999999999999,-2.0375286041189966,,,,,,,,,,,,,,https://www.google.com/search?q=%22Nadir+Hifi%22+%22EuroLeague%22+official+basketball+stats,,https://www.google.com/search?q=site%3Aeuroleaguebasketball.net%2Feuroleague%2Fplayers+%22Nadir+Hifi%22,https://www.google.com/search?q=site%3Aeuroleaguebasketball.net%2Feuroleague%2Fplayers+%22Nadir+Hifi%22,Nadir Hifi EuroLeague basketball highlights,https://www.youtube.com/results?search_query=Nadir+Hifi+EuroLeague+basketball+highlights,https://www.google.com/search?tbm=vid&q=Nadir+Hifi+EuroLeague+basketball+highlights,https://www.youtube.com/results?search_query=Nadir+Hifi+EuroLeague+basketball+highlights,,True,latest_season_only,E:\Project cba\data\reports\context_feature_topk_predictions.csv,2023-2024,euroleague_api,EuroCup,,,,,,,,,
94,Armando Bacot,armandobacot,2024-2025,G League,MHU,gleague_nba_api,gleague_nba_api,common CBA source league pool + rule-based baseline,1.2476806698549523,High-ranked candidate from a common CBA source league with strong usage/scoring profile.,,,30.9,,,,,,,21.203883495145632,0.5631067961165049,0.605,,,,,,,,1.0,0,0,,0,,,,,,,,,,nba_api,,,,,,,,https://www.google.com/search?q=site%3Anba.com%2Fstats+%22Armando+Bacot%22+basketball,,,https://www.google.com/search?q=site%3Anba.com%2Fstats+%22Armando+Bacot%22+basketball,Armando Bacot G League basketball highlights,https://www.youtube.com/results?search_query=Armando+Bacot+G+League+basketball+highlights,https://www.google.com/search?tbm=vid&q=Armando+Bacot+G+League+basketball+highlights,https://www.youtube.com/results?search_query=Armando+Bacot+G+League+basketball+highlights,,True,latest_season_only,E:\Project cba\data\reports\context_feature_topk_predictions.csv,2024-2025,gleague_nba_api,G League,,,,,,none,nba_static_players_name_key,no_confident_unique_match,2026-06-03T12:34:07.116300+00:00
95,Nate Williams,natewilliams,2024-2025,G League,RGV,gleague_nba_api,gleague_nba_api,common CBA source league pool + rule-based baseline,1.2467806027944253,High-ranked candidate from a common CBA source league with strong usage/scoring profile.,,,30.7,,,,,,,20.286644951140065,0.5809771986970683,0.582,,,,,,,,1.0,0,0,,1,-0.797467198392642,-0.0205181284057353,-0.002,-1.400000000000002,,,,,,nba_api,,,,,,,,https://www.google.com/search?q=site%3Anba.com%2Fstats+%22Nate+Williams%22+basketball,,,https://www.google.com/search?q=site%3Anba.com%2Fstats+%22Nate+Williams%22+basketball,Nate Williams G League basketball highlights,https://www.youtube.com/results?search_query=Nate+Williams+G+League+basketball+highlights,https://www.google.com/search?tbm=vid&q=Nate+Williams+G+League+basketball+highlights,https://www.youtube.com/results?search_query=Nate+Williams+G+League+basketball+highlights,,True,latest_season_only,E:\Project cba\data\reports\context_feature_topk_predictions.csv,2022-2023,gleague_nba_api,G League,,,,,,low,nba_static_players_name_key,no_confident_unique_match,2026-06-03T12:34:07.116300+00:00
96,Daniss Jenkins,danissjenkins,2024-2025,G League,MCC,gleague_nba_api,gleague_nba_api,common CBA source league pool + rule-based baseline,1.2435143774794026,High-ranked candidate from a common CBA source league with strong usage/scoring profile.,,,36.4,,,,,,,20.967032967032967,0.6215384615384615,0.546,,,,,,,,1.0,0,0,,0,,,,,,,,,,nba_api,,,,,,https://www.nba.com/stats/player/1642450,https://www.nba.com/stats/player/1642450,https://www.google.com/search?q=%22Daniss+Jenkins%22+%22G+League%22+official+basketball+stats,https://www.nba.com/stats/player/1642450,,https://www.google.com/search?q=%22Daniss+Jenkins%22+%22G+League%22+official+basketball+stats,Daniss Jenkins G League basketball highlights,https://www.youtube.com/results?search_query=Daniss+Jenkins+G+League+basketball+highlights,https://www.google.com/search?tbm=vid&q=Daniss+Jenkins+G+League+basketball+highlights,https://www.youtube.com/results?search_query=Daniss+Jenkins+G+League+basketball+highlights,,True,latest_season_only,E:\Project cba\data\reports\context_feature_topk_predictions.csv,2024-2025,gleague_nba_api,G League,1642450.0,,,,,high,exact_player_name_key_unique,matched_static_only_commonplayerinfo_skipped_after_limit_or_failure,2026-06-03T12:34:07.116300+00:00
97,Carsen Edwards,carsenedwards,2024-2025,EuroLeague,FC Bayern Munich,euroleague_api,euroleague_api,common CBA source league pool + rule-based baseline,1.2432212522543558,High-ranked candidate from a common CBA source league with strong usage/scoring profile.,,,28.82523809523809,,,,,,,25.477673335205587,0.6882857284456412,0.58,,,,,,,,1.0,0,0,,1,7.333821827084936,0.1208301986699258,0.0689999999999999,6.007591036414564,,,,,,,,,,,,,,https://www.google.com/search?q=%22Carsen+Edwards%22+%22EuroLeague%22+official+basketball+stats,,https://www.google.com/search?q=site%3Aeuroleaguebasketball.net%2Feuroleague%2Fplayers+%22Carsen+Edwards%22,https://www.google.com/search?q=site%3Aeuroleaguebasketball.net%2Feuroleague%2Fplayers+%22Carsen+Edwards%22,Carsen Edwards EuroLeague basketball highlights,https://www.youtube.com/results?search_query=Carsen+Edwards+EuroLeague+basketball+highlights,https://www.google.com/search?tbm=vid&q=Carsen+Edwards+EuroLeague+basketball+highlights,https://www.youtube.com/results?search_query=Carsen+Edwards+EuroLeague+basketball+highlights,,True,latest_season_only,E:\Project cba\data\reports\context_feature_topk_predictions.csv,2019-2020,gleague_nba_api,G League,,,,,,,,,
98,Zyon Pullin,zyonpullin,2024-2025,G League,MHU,gleague_nba_api,gleague_nba_api,common CBA source league pool + rule-based baseline,1.2420081787842077,High-ranked candidate from a common CBA source league with strong usage/scoring profile.,,,35.1,,,,,,,21.435897435897434,0.5184045584045585,0.645,,,,,,,,1.0,0,0,,0,,,,,,,,,,nba_api,,,,,,https://www.nba.com/stats/player/1642389,https://www.nba.com/stats/player/1642389,https://www.google.com/search?q=%22Zyon+Pullin%22+%22G+League%22+official+basketball+stats,https://www.nba.com/stats/player/1642389,,https://www.google.com/search?q=%22Zyon+Pullin%22+%22G+League%22+official+basketball+stats,Zyon Pullin G League basketball highlights,https://www.youtube.com/results?search_query=Zyon+Pullin+G+League+basketball+highlights,https://www.google.com/search?tbm=vid&q=Zyon+Pullin+G+League+basketball+highlights,https://www.youtube.com/results?search_query=Zyon+Pullin+G+League+basketball+highlights,,True,latest_season_only,E:\Project cba\data\reports\context_feature_topk_predictions.csv,2024-2025,gleague_nba_api,G League,1642389.0,,,,,high,exact_player_name_key_unique,matched_static_only_commonplayerinfo_skipped_after_limit_or_failure,2026-06-03T12:34:07.130140+00:00
99,David Duke Jr.,davidduke,2024-2025,G League,AUS,gleague_nba_api,gleague_nba_api,common CBA source league pool + rule-based baseline,1.2411824502539228,High-ranked candidate from a common CBA source league with strong usage/scoring profile.,,,30.2,,,,,,,20.145695364238414,0.5952317880794702,0.546,,,,,,,,1.0,0,0,,1,-1.3678181492750987,0.0295861424338244,-0.0839999999999999,-3.099999999999998,,,,,,nba_api,,,,,,https://www.nba.com/stats/player/1630561,https://www.nba.com/stats/player/1630561,https://www.google.com/search?q=%22David+Duke+Jr.%22+%22G+League%22+official+basketball+stats,https://www.nba.com/stats/player/1630561,,https://www.google.com/search?q=%22David+Duke+Jr.%22+%22G+League%22+official+basketball+stats,David Duke Jr. G League basketball highlights,https://www.youtube.com/results?search_query=David+Duke+Jr.+G+League+basketball+highlights,https://www.google.com/search?tbm=vid&q=David+Duke+Jr.+G+League+basketball+highlights,https://www.youtube.com/results?search_query=David+Duke+Jr.+G+League+basketball+highlights,,True,latest_season_only,E:\Project cba\data\reports\context_feature_topk_predictions.csv,2021-2022,gleague_nba_api,G League,1630561.0,,,,,high,exact_player_name_key_unique,matched_static_only_commonplayerinfo_skipped_after_limit_or_failure,2026-06-03T12:34:07.134153+00:00
100,Cam Spencer,camspencer,2024-2025,G League,MHU,gleague_nba_api,gleague_nba_api,common CBA source league pool + rule-based baseline,1.2400575282702655,High-ranked candidate from a common CBA source league with strong usage/scoring profile.,,,32.4,,,,,,,22.666666666666668,0.4886419753086418,0.688,,,,,,,,1.0,0,0,,0,,,,,,,,,,nba_api,,,,,,https://www.nba.com/stats/player/1642285,https://www.nba.com/stats/player/1642285,https://www.google.com/search?q=%22Cam+Spencer%22+%22G+League%22+official+basketball+stats,https://www.nba.com/stats/player/1642285,,https://www.google.com/search?q=%22Cam+Spencer%22+%22G+League%22+official+basketball+stats,Cam Spencer G League basketball highlights,https://www.youtube.com/results?search_query=Cam+Spencer+G+League+basketball+highlights,https://www.google.com/search?tbm=vid&q=Cam+Spencer+G+League+basketball+highlights,https://www.youtube.com/results?search_query=Cam+Spencer+G+League+basketball+highlights,,True,latest_season_only,E:\Project cba\data\reports\context_feature_topk_predictions.csv,2024-2025,gleague_nba_api,G League,1642285.0,,,,,high,exact_player_name_key_unique,matched_static_only_commonplayerinfo_skipped_after_limit_or_failure,2026-06-03T12:34:07.136158+00:00
101,Markquis Nowell,markquisnowell,2024-2025,G League,RGV,gleague_nba_api,gleague_nba_api,common CBA source league pool + rule-based baseline,1.2362789142298891,High-ranked candidate from a common CBA source league with strong usage/scoring profile.,,,30.1,,,,,,,20.691029900332225,0.6058471760797342,0.581,,,,,,,,1.0,0,0,,1,5.117362188733477,0.0988879284308312,0.0649999999999999,-1.7999999999999972,,,,,,nba_api,,,,,,https://www.nba.com/stats/player/1641806,https://www.nba.com/stats/player/1641806,https://www.google.com/search?q=%22Markquis+Nowell%22+%22G+League%22+official+basketball+stats,https://www.nba.com/stats/player/1641806,,https://www.google.com/search?q=%22Markquis+Nowell%22+%22G+League%22+official+basketball+stats,Markquis Nowell G League basketball highlights,https://www.youtube.com/results?search_query=Markquis+Nowell+G+League+basketball+highlights,https://www.google.com/search?tbm=vid&q=Markquis+Nowell+G+League+basketball+highlights,https://www.youtube.com/results?search_query=Markquis+Nowell+G+League+basketball+highlights,,True,latest_season_only,E:\Project cba\data\reports\context_feature_topk_predictions.csv,2023-2024,gleague_nba_api,G League,1641806.0,,,,,high,exact_player_name_key_unique,matched_static_only_commonplayerinfo_skipped_after_limit_or_failure,2026-06-03T12:34:07.138163+00:00
102,Tj Shorts,tjshorts,2024-2025,EuroLeague,Paris Basketball,euroleague_api,euroleague_api,common CBA source league pool + rule-based baseline,1.2360884881792376,High-ranked candidate from a common CBA source league with strong usage/scoring profile.,,,27.32927927927928,,,,,,,25.02810238829094,0.693907797794663,0.57,,,,,,,,1.0,0,0,,1,0.1251532669007602,0.0218356153334416,-0.0020000000000001,1.3082647865256547,,,,,,,,,,,,,,https://www.google.com/search?q=%22Tj+Shorts%22+%22EuroLeague%22+official+basketball+stats,,https://www.google.com/search?q=site%3Aeuroleaguebasketball.net%2Feuroleague%2Fplayers+%22Tj+Shorts%22,https://www.google.com/search?q=site%3Aeuroleaguebasketball.net%2Feuroleague%2Fplayers+%22Tj+Shorts%22,Tj Shorts EuroLeague basketball highlights,https://www.youtube.com/results?search_query=Tj+Shorts+EuroLeague+basketball+highlights,https://www.google.com/search?tbm=vid&q=Tj+Shorts+EuroLeague+basketball+highlights,https://www.youtube.com/results?search_query=Tj+Shorts+EuroLeague+basketball+highlights,,True,latest_season_only,E:\Project cba\data\reports\context_feature_topk_predictions.csv,2019 - 2020,kaggle_49leagues,FIBA-Europe-Cup,,,,,,,,,
103,David Roddy,davidroddy,2024-2025,G League,RGV,gleague_nba_api,gleague_nba_api,common CBA source league pool + rule-based baseline,1.2354643543927033,High-ranked candidate from a common CBA source league with strong usage/scoring profile.,,,28.7,,,,,,,20.94773519163764,0.5205574912891986,0.636,,,,,,,,1.0,0,0,,1,-1.415901171998723,-0.1024728117411044,0.0749999999999999,-4.300000000000001,,,,,,nba_api,,,,,,https://www.nba.com/stats/player/1631223,https://www.nba.com/stats/player/1631223,https://www.google.com/search?q=%22David+Roddy%22+%22G+League%22+official+basketball+stats,https://www.nba.com/stats/player/1631223,,https://www.google.com/search?q=%22David+Roddy%22+%22G+League%22+official+basketball+stats,David Roddy G League basketball highlights,https://www.youtube.com/results?search_query=David+Roddy+G+League+basketball+highlights,https://www.google.com/search?tbm=vid&q=David+Roddy+G+League+basketball+highlights,https://www.youtube.com/results?search_query=David+Roddy+G+League+basketball+highlights,,True,latest_season_only,E:\Project cba\data\reports\context_feature_topk_predictions.csv,2022-2023,gleague_nba_api,G League,1631223.0,,,,,high,exact_player_name_key_unique,matched_static_only_commonplayerinfo_skipped_after_limit_or_failure,2026-06-03T12:34:07.138163+00:00
104,Baylor Scheierman,baylorscheierman,2024-2025,G League,MNE,gleague_nba_api,gleague_nba_api,common CBA source league pool + rule-based baseline,1.234777393485719,High-ranked candidate from a common CBA source league with strong usage/scoring profile.,,,35.4,,,,,,,20.745762711864405,0.5436158192090396,0.622,,,,,,,,1.0,0,0,,0,,,,,,,,,,nba_api,,,,,,https://www.nba.com/stats/player/1631248,https://www.nba.com/stats/player/1631248,https://www.google.com/search?q=%22Baylor+Scheierman%22+%22G+League%22+official+basketball+stats,https://www.nba.com/stats/player/1631248,,https://www.google.com/search?q=%22Baylor+Scheierman%22+%22G+League%22+official+basketball+stats,Baylor Scheierman G League basketball highlights,https://www.youtube.com/results?search_query=Baylor+Scheierman+G+League+basketball+highlights,https://www.google.com/search?tbm=vid&q=Baylor+Scheierman+G+League+basketball+highlights,https://www.youtube.com/results?search_query=Baylor+Scheierman+G+League+basketball+highlights,,True,latest_season_only,E:\Project cba\data\reports\context_feature_topk_predictions.csv,2024-2025,gleague_nba_api,G League,1631248.0,,,,,high,exact_player_name_key_unique,matched_static_only_commonplayerinfo_skipped_after_limit_or_failure,2026-06-03T12:34:07.138163+00:00
105,Jacob Toppin,jacobtoppin,2024-2025,G League,CPS,gleague_nba_api,gleague_nba_api,common CBA source league pool + rule-based baseline,1.234381914727975,High-ranked candidate from a common CBA source league with strong usage/scoring profile.,,,38.0,,,,,,,21.410526315789472,0.528,0.632,,,,,,,,1.0,0,0,,1,1.988182991538789,0.0315422343324251,0.019,1.2999999999999972,,,,,,nba_api,,,,,,https://www.nba.com/stats/player/1631210,https://www.nba.com/stats/player/1631210,https://www.google.com/search?q=%22Jacob+Toppin%22+%22G+League%22+official+basketball+stats,https://www.nba.com/stats/player/1631210,,https://www.google.com/search?q=%22Jacob+Toppin%22+%22G+League%22+official+basketball+stats,Jacob Toppin G League basketball highlights,https://www.youtube.com/results?search_query=Jacob+Toppin+G+League+basketball+highlights,https://www.google.com/search?tbm=vid&q=Jacob+Toppin+G+League+basketball+highlights,https://www.youtube.com/results?search_query=Jacob+Toppin+G+League+basketball+highlights,,True,latest_season_only,E:\Project cba\data\reports\context_feature_topk_predictions.csv,2023-2024,gleague_nba_api,G League,1631210.0,,,,,high,exact_player_name_key_unique,matched_static_only_commonplayerinfo_skipped_after_limit_or_failure,2026-06-03T12:34:07.145805+00:00
106,Cam Christie,camchristie,2024-2025,G League,SDC,gleague_nba_api,gleague_nba_api,common CBA source league pool + rule-based baseline,1.2325797048736564,High-ranked candidate from a common CBA source league with strong usage/scoring profile.,,,32.0,,,,,,,20.475,0.5663750000000001,0.548,,,,,,,,1.0,0,0,,0,,,,,,,,,,nba_api,,,,,,https://www.nba.com/stats/player/1642353,https://www.nba.com/stats/player/1642353,https://www.google.com/search?q=%22Cam+Christie%22+%22G+League%22+official+basketball+stats,https://www.nba.com/stats/player/1642353,,https://www.google.com/search?q=%22Cam+Christie%22+%22G+League%22+official+basketball+stats,Cam Christie G League basketball highlights,https://www.youtube.com/results?search_query=Cam+Christie+G+League+basketball+highlights,https://www.google.com/search?tbm=vid&q=Cam+Christie+G+League+basketball+highlights,https://www.youtube.com/results?search_query=Cam+Christie+G+League+basketball+highlights,,True,latest_season_only,E:\Project cba\data\reports\context_feature_topk_predictions.csv,2024-2025,gleague_nba_api,G League,1642353.0,,,,,high,exact_player_name_key_unique,matched_static_only_commonplayerinfo_skipped_after_limit_or_failure,2026-06-03T12:34:07.149502+00:00
107,Trayce Jackson-Davis,traycejacksondavis,2024-2025,G League,SCW,gleague_nba_api,gleague_nba_api,common CBA source league pool + rule-based baseline,1.2321066937073135,High-ranked candidate from a common CBA source league with strong usage/scoring profile.,,,34.7,,,,,,,22.824207492795384,0.4991354466858789,0.635,,,,,,,,1.0,0,0,,0,,,,,,,,,,nba_api,,,,,,https://www.nba.com/stats/player/1631218,https://www.nba.com/stats/player/1631218,https://www.google.com/search?q=%22Trayce+Jackson-Davis%22+%22G+League%22+official+basketball+stats,https://www.nba.com/stats/player/1631218,,https://www.google.com/search?q=%22Trayce+Jackson-Davis%22+%22G+League%22+official+basketball+stats,Trayce Jackson-Davis G League basketball highlights,https://www.youtube.com/results?search_query=Trayce+Jackson-Davis+G+League+basketball+highlights,https://www.google.com/search?tbm=vid&q=Trayce+Jackson-Davis+G+League+basketball+highlights,https://www.youtube.com/results?search_query=Trayce+Jackson-Davis+G+League+basketball+highlights,,True,latest_season_only,E:\Project cba\data\reports\context_feature_topk_predictions.csv,2024-2025,gleague_nba_api,G League,1631218.0,,,,,high,exact_player_name_key_unique,matched_static_only_commonplayerinfo_skipped_after_limit_or_failure,2026-06-03T12:34:07.149502+00:00
108,Colin Castleton,colincastleton,2024-2025,G League,OSC,gleague_nba_api,gleague_nba_api,common CBA source league pool + rule-based baseline,1.2312456497406878,High-ranked candidate from a common CBA source league with strong usage/scoring profile.,,,30.3,,,,,,,21.62376237623762,0.523960396039604,0.673,,,,,,,,1.0,0,0,,1,3.875510627985875,0.0667575988368069,0.04,1.6999999999999993,,,,,,nba_api,,,,,,https://www.nba.com/stats/player/1630658,https://www.nba.com/stats/player/1630658,https://www.google.com/search?q=%22Colin+Castleton%22+%22G+League%22+official+basketball+stats,https://www.nba.com/stats/player/1630658,,https://www.google.com/search?q=%22Colin+Castleton%22+%22G+League%22+official+basketball+stats,Colin Castleton G League basketball highlights,https://www.youtube.com/results?search_query=Colin+Castleton+G+League+basketball+highlights,https://www.google.com/search?tbm=vid&q=Colin+Castleton+G+League+basketball+highlights,https://www.youtube.com/results?search_query=Colin+Castleton+G+League+basketball+highlights,,True,latest_season_only,E:\Project cba\data\reports\context_feature_topk_predictions.csv,2023-2024,gleague_nba_api,G League,1630658.0,,,,,high,exact_player_name_key_unique,matched_static_only_commonplayerinfo_skipped_after_limit_or_failure,2026-06-03T12:34:07.149502+00:00
109,Braxton Key,braxtonkey,2024-2025,G League,SCW,gleague_nba_api,gleague_nba_api,common CBA source league pool + rule-based baseline,1.2311546457902465,High-ranked candidate from a common CBA source league with strong usage/scoring profile.,,,32.7,,,,,,,20.25688073394496,0.5466666666666666,0.601,,,,,,,,1.0,0,0,,1,-0.4703919933277696,-0.0123415977961434,0.009,-3.5999999999999943,,,,,,nba_api,,,,,,https://www.nba.com/stats/player/1630296,https://www.nba.com/stats/player/1630296,https://www.google.com/search?q=%22Braxton+Key%22+%22G+League%22+official+basketball+stats,https://www.nba.com/stats/player/1630296,,https://www.google.com/search?q=%22Braxton+Key%22+%22G+League%22+official+basketball+stats,Braxton Key G League basketball highlights,https://www.youtube.com/results?search_query=Braxton+Key+G+League+basketball+highlights,https://www.google.com/search?tbm=vid&q=Braxton+Key+G+League+basketball+highlights,https://www.youtube.com/results?search_query=Braxton+Key+G+League+basketball+highlights,,True,latest_season_only,E:\Project cba\data\reports\context_feature_topk_predictions.csv,2020-2021,gleague_nba_api,G League,1630296.0,,,,,high,exact_player_name_key_unique,matched_static_only_commonplayerinfo_skipped_after_limit_or_failure,2026-06-03T12:34:07.149502+00:00
110,Javon Freeman-Liberty,javonfreemanliberty,2024-2025,G League,WCB,gleague_nba_api,gleague_nba_api,common CBA source league pool + rule-based baseline,1.2305037842559288,High-ranked candidate from a common CBA source league with strong usage/scoring profile.,,,33.4,,,,,,,20.69461077844312,0.5857485029940119,0.541,,,,,,,,1.0,0,0,,1,-4.196817792985449,-0.0499086398631309,-0.0649999999999999,-1.6000000000000014,,,,,,nba_api,,,,,,https://www.nba.com/stats/player/1631241,https://www.nba.com/stats/player/1631241,https://www.google.com/search?q=%22Javon+Freeman-Liberty%22+%22G+League%22+official+basketball+stats,https://www.nba.com/stats/player/1631241,,https://www.google.com/search?q=%22Javon+Freeman-Liberty%22+%22G+League%22+official+basketball+stats,Javon Freeman-Liberty G League basketball highlights,https://www.youtube.com/results?search_query=Javon+Freeman-Liberty+G+League+basketball+highlights,https://www.google.com/search?tbm=vid&q=Javon+Freeman-Liberty+G+League+basketball+highlights,https://www.youtube.com/results?search_query=Javon+Freeman-Liberty+G+League+basketball+highlights,,True,latest_season_only,E:\Project cba\data\reports\context_feature_topk_predictions.csv,2022-2023,gleague_nba_api,G League,1631241.0,,,,,high,exact_player_name_key_unique,matched_static_only_commonplayerinfo_skipped_after_limit_or_failure,2026-06-03T12:34:07.149502+00:00
111,Isaiah Miller,isaiahmiller,2024-2025,G League,AUS,gleague_nba_api,gleague_nba_api,common CBA source league pool + rule-based baseline,1.2296970688407527,High-ranked candidate from a common CBA source league with strong usage/scoring profile.,,,25.5,,,,,,,20.894117647058824,0.6092549019607842,0.535,,,,,,,,1.0,0,0,,1,-0.1790530846484905,0.0215475848876135,-0.011,5.0,,,,,,nba_api,,,,,,,,https://www.google.com/search?q=site%3Anba.com%2Fstats+%22Isaiah+Miller%22+basketball,,,https://www.google.com/search?q=site%3Anba.com%2Fstats+%22Isaiah+Miller%22+basketball,Isaiah Miller G League basketball highlights,https://www.youtube.com/results?search_query=Isaiah+Miller+G+League+basketball+highlights,https://www.google.com/search?tbm=vid&q=Isaiah+Miller+G+League+basketball+highlights,https://www.youtube.com/results?search_query=Isaiah+Miller+G+League+basketball+highlights,,True,latest_season_only,E:\Project cba\data\reports\context_feature_topk_predictions.csv,2021-2022,gleague_nba_api,G League,,,,,,none,nba_static_players_name_key,no_confident_unique_match,2026-06-03T12:34:07.161575+00:00
112,Tosan Evbuomwan,tosanevbuomwan,2024-2025,G League,LIN,gleague_nba_api,gleague_nba_api,common CBA source league pool + rule-based baseline,1.2287198801324424,High-ranked candidate from a common CBA source league with strong usage/scoring profile.,,,33.8,,,,,,,21.088757396449704,0.5071005917159764,0.645,,,,,,,,1.0,0,0,,1,4.914844352971443,0.0995643598319185,-0.017,-0.7000000000000028,,,,,,nba_api,,,,,,https://www.nba.com/stats/player/1641787,https://www.nba.com/stats/player/1641787,https://www.google.com/search?q=%22Tosan+Evbuomwan%22+%22G+League%22+official+basketball+stats,https://www.nba.com/stats/player/1641787,,https://www.google.com/search?q=%22Tosan+Evbuomwan%22+%22G+League%22+official+basketball+stats,Tosan Evbuomwan G League basketball highlights,https://www.youtube.com/results?search_query=Tosan+Evbuomwan+G+League+basketball+highlights,https://www.google.com/search?tbm=vid&q=Tosan+Evbuomwan+G+League+basketball+highlights,https://www.youtube.com/results?search_query=Tosan+Evbuomwan+G+League+basketball+highlights,,True,latest_season_only,E:\Project cba\data\reports\context_feature_topk_predictions.csv,2023-2024,gleague_nba_api,G League,1641787.0,,,,,high,exact_player_name_key_unique,matched_static_only_commonplayerinfo_skipped_after_limit_or_failure,2026-06-03T12:34:07.161575+00:00
113,Kobe Brown,kobebrown,2024-2025,G League,SDC,gleague_nba_api,gleague_nba_api,common CBA source league pool + rule-based baseline,1.2285475622818225,High-ranked candidate from a common CBA source league with strong usage/scoring profile.,,,34.1,,,,,,,20.269794721407628,0.6090322580645161,0.559,,,,,,,,1.0,0,0,,1,-1.262915558966203,0.0318359963822733,-0.0319999999999999,2.0,,,,,,nba_api,,,,,,https://www.nba.com/stats/player/1641738,https://www.nba.com/stats/player/1641738,https://www.google.com/search?q=%22Kobe+Brown%22+%22G+League%22+official+basketball+stats,https://www.nba.com/stats/player/1641738,,https://www.google.com/search?q=%22Kobe+Brown%22+%22G+League%22+official+basketball+stats,Kobe Brown G League basketball highlights,https://www.youtube.com/results?search_query=Kobe+Brown+G+League+basketball+highlights,https://www.google.com/search?tbm=vid&q=Kobe+Brown+G+League+basketball+highlights,https://www.youtube.com/results?search_query=Kobe+Brown+G+League+basketball+highlights,,True,latest_season_only,E:\Project cba\data\reports\context_feature_topk_predictions.csv,2023-2024,gleague_nba_api,G League,1641738.0,,,,,high,exact_player_name_key_unique,matched_static_only_commonplayerinfo_skipped_after_limit_or_failure,2026-06-03T12:34:07.165654+00:00
114,Alondes Williams,alondeswilliams,2024-2025,G League,SXF,gleague_nba_api,gleague_nba_api,common CBA source league pool + rule-based baseline,1.2279037829807673,High-ranked candidate from a common CBA source league with strong usage/scoring profile.,,,33.1,,,,,,,19.685800604229605,0.5564954682779456,0.613,,,,,,,,1.0,0,0,,1,-0.8181364036444059,0.0085689590915938,-0.042,-5.0,,,,,,nba_api,,,,,,https://www.nba.com/stats/player/1631214,https://www.nba.com/stats/player/1631214,https://www.google.com/search?q=%22Alondes+Williams%22+%22G+League%22+official+basketball+stats,https://www.nba.com/stats/player/1631214,,https://www.google.com/search?q=%22Alondes+Williams%22+%22G+League%22+official+basketball+stats,Alondes Williams G League basketball highlights,https://www.youtube.com/results?search_query=Alondes+Williams+G+League+basketball+highlights,https://www.google.com/search?tbm=vid&q=Alondes+Williams+G+League+basketball+highlights,https://www.youtube.com/results?search_query=Alondes+Williams+G+League+basketball+highlights,,True,latest_season_only,E:\Project cba\data\reports\context_feature_topk_predictions.csv,2022-2023,gleague_nba_api,G League,1631214.0,,,,,high,exact_player_name_key_unique,matched_static_only_commonplayerinfo_skipped_after_limit_or_failure,2026-06-03T12:34:07.168678+00:00
115,Sidy Cissoko,sidycissoko,2024-2025,G League,RCR,gleague_nba_api,gleague_nba_api,common CBA source league pool + rule-based baseline,1.2271252212411996,High-ranked candidate from a common CBA source league with strong usage/scoring profile.,,,29.5,,,,,,,19.89152542372881,0.5011525423728814,0.629,,,,,,,,1.0,0,0,,1,0.8471568230462196,-0.0501102562619308,0.0739999999999999,0.1999999999999993,,,,,,nba_api,,,,,,https://www.nba.com/stats/player/1631321,https://www.nba.com/stats/player/1631321,https://www.google.com/search?q=%22Sidy+Cissoko%22+%22G+League%22+official+basketball+stats,https://www.nba.com/stats/player/1631321,,https://www.google.com/search?q=%22Sidy+Cissoko%22+%22G+League%22+official+basketball+stats,Sidy Cissoko G League basketball highlights,https://www.youtube.com/results?search_query=Sidy+Cissoko+G+League+basketball+highlights,https://www.google.com/search?tbm=vid&q=Sidy+Cissoko+G+League+basketball+highlights,https://www.youtube.com/results?search_query=Sidy+Cissoko+G+League+basketball+highlights,,True,latest_season_only,E:\Project cba\data\reports\context_feature_topk_predictions.csv,2022-2023,gleague_nba_api,G League,1631321.0,,,,,high,exact_player_name_key_unique,matched_static_only_commonplayerinfo_skipped_after_limit_or_failure,2026-06-03T12:34:07.171225+00:00
116,PJ Hall,pjhall,2024-2025,G League,GRG,gleague_nba_api,gleague_nba_api,common CBA source league pool + rule-based baseline,1.2265502844238227,High-ranked candidate from a common CBA source league with strong usage/scoring profile.,,,31.4,,,,,,,22.012738853503183,0.5857324840764332,0.594,,,,,,,,1.0,0,0,,0,,,,,,,,,,nba_api,,,,,,https://www.nba.com/stats/player/1641790,https://www.nba.com/stats/player/1641790,https://www.google.com/search?q=%22PJ+Hall%22+%22G+League%22+official+basketball+stats,https://www.nba.com/stats/player/1641790,,https://www.google.com/search?q=%22PJ+Hall%22+%22G+League%22+official+basketball+stats,PJ Hall G League basketball highlights,https://www.youtube.com/results?search_query=PJ+Hall+G+League+basketball+highlights,https://www.google.com/search?tbm=vid&q=PJ+Hall+G+League+basketball+highlights,https://www.youtube.com/results?search_query=PJ+Hall+G+League+basketball+highlights,,True,latest_season_only,E:\Project cba\data\reports\context_feature_topk_predictions.csv,2024-2025,gleague_nba_api,G League,1641790.0,,,,,high,exact_player_name_key_unique,matched_static_only_commonplayerinfo_skipped_after_limit_or_failure,2026-06-03T12:34:07.173230+00:00
117,Javan Johnson,javanjohnson,2024-2025,G League,SCW,gleague_nba_api,gleague_nba_api,common CBA source league pool + rule-based baseline,1.2254617324570605,High-ranked candidate from a common CBA source league with strong usage/scoring profile.,,,29.1,,,,,,,20.04123711340206,0.5221993127147766,0.595,,,,,,,,1.0,0,0,,1,2.582009645590901,0.0468345058478238,0.0439999999999999,5.800000000000001,,,,,,nba_api,,,,,,,,https://www.google.com/search?q=site%3Anba.com%2Fstats+%22Javan+Johnson%22+basketball,,,https://www.google.com/search?q=site%3Anba.com%2Fstats+%22Javan+Johnson%22+basketball,Javan Johnson G League basketball highlights,https://www.youtube.com/results?search_query=Javan+Johnson+G+League+basketball+highlights,https://www.google.com/search?tbm=vid&q=Javan+Johnson+G+League+basketball+highlights,https://www.youtube.com/results?search_query=Javan+Johnson+G+League+basketball+highlights,,True,latest_season_only,E:\Project cba\data\reports\context_feature_topk_predictions.csv,2023-2024,gleague_nba_api,G League,,,,,,none,nba_static_players_name_key,no_confident_unique_match,2026-06-03T12:34:07.175687+00:00
118,Branden Carlson,brandencarlson,2024-2025,G League,OKL,gleague_nba_api,gleague_nba_api,common CBA source league pool + rule-based baseline,1.2250155541193846,High-ranked candidate from a common CBA source league with strong usage/scoring profile.,,,30.1,,,,,,,22.24584717607974,0.5117607973421927,0.6710000000000002,,,,,,,,1.0,0,0,,0,,,,,,,,,,nba_api,,,,,,https://www.nba.com/stats/player/1642382,https://www.nba.com/stats/player/1642382,https://www.google.com/search?q=%22Branden+Carlson%22+%22G+League%22+official+basketball+stats,https://www.nba.com/stats/player/1642382,,https://www.google.com/search?q=%22Branden+Carlson%22+%22G+League%22+official+basketball+stats,Branden Carlson G League basketball highlights,https://www.youtube.com/results?search_query=Branden+Carlson+G+League+basketball+highlights,https://www.google.com/search?tbm=vid&q=Branden+Carlson+G+League+basketball+highlights,https://www.youtube.com/results?search_query=Branden+Carlson+G+League+basketball+highlights,,True,latest_season_only,E:\Project cba\data\reports\context_feature_topk_predictions.csv,2024-2025,gleague_nba_api,G League,1642382.0,,,,,high,exact_player_name_key_unique,matched_static_only_commonplayerinfo_skipped_after_limit_or_failure,2026-06-03T12:34:07.177692+00:00
119,Drew Peterson,drewpeterson,2024-2025,G League,MNE,gleague_nba_api,gleague_nba_api,common CBA source league pool + rule-based baseline,1.2241720693706863,High-ranked candidate from a common CBA source league with strong usage/scoring profile.,,,35.2,,,,,,,20.454545454545457,0.5540909090909091,0.616,,,,,,,,1.0,0,0,,1,4.081664098613249,0.0935259373394966,0.026,-0.1999999999999957,,,,,,nba_api,,,,,,https://www.nba.com/stats/player/1641809,https://www.nba.com/stats/player/1641809,https://www.google.com/search?q=%22Drew+Peterson%22+%22G+League%22+official+basketball+stats,https://www.nba.com/stats/player/1641809,,https://www.google.com/search?q=%22Drew+Peterson%22+%22G+League%22+official+basketball+stats,Drew Peterson G League basketball highlights,https://www.youtube.com/results?search_query=Drew+Peterson+G+League+basketball+highlights,https://www.google.com/search?tbm=vid&q=Drew+Peterson+G+League+basketball+highlights,https://www.youtube.com/results?search_query=Drew+Peterson+G+League+basketball+highlights,,True,latest_season_only,E:\Project cba\data\reports\context_feature_topk_predictions.csv,2023-2024,gleague_nba_api,G League,1641809.0,,,,,high,exact_player_name_key_unique,matched_static_only_commonplayerinfo_skipped_after_limit_or_failure,2026-06-03T12:34:07.177692+00:00
120,Keyontae Johnson,keyontaejohnson,2024-2025,G League,GBO,gleague_nba_api,gleague_nba_api,common CBA source league pool + rule-based baseline,1.2232518824744802,High-ranked candidate from a common CBA source league with strong usage/scoring profile.,,,32.4,,,,,,,19.666666666666664,0.5227160493827161,0.612,,,,,,,,1.0,0,0,,1,-2.581780538302276,-0.0225013419216316,-0.02,0.1999999999999957,,,,,,nba_api,,,,,,https://www.nba.com/stats/player/1641749,https://www.nba.com/stats/player/1641749,https://www.google.com/search?q=%22Keyontae+Johnson%22+%22G+League%22+official+basketball+stats,https://www.nba.com/stats/player/1641749,,https://www.google.com/search?q=%22Keyontae+Johnson%22+%22G+League%22+official+basketball+stats,Keyontae Johnson G League basketball highlights,https://www.youtube.com/results?search_query=Keyontae+Johnson+G+League+basketball+highlights,https://www.google.com/search?tbm=vid&q=Keyontae+Johnson+G+League+basketball+highlights,https://www.youtube.com/results?search_query=Keyontae+Johnson+G+League+basketball+highlights,,True,latest_season_only,E:\Project cba\data\reports\context_feature_topk_predictions.csv,2023-2024,gleague_nba_api,G League,1641749.0,,,,,high,exact_player_name_key_unique,matched_static_only_commonplayerinfo_skipped_after_limit_or_failure,2026-06-03T12:34:07.177692+00:00
121,Javante McCoy,javantemccoy,2024-2025,G League,MCC,gleague_nba_api,gleague_nba_api,common CBA source league pool + rule-based baseline,1.2220201289620554,High-ranked candidate from a common CBA source league with strong usage/scoring profile.,,,17.0,,,,,,,21.81176470588236,0.5894117647058824,0.571,,,,,,,,1.0,0,0,,1,4.759133126934998,0.0867217062263502,0.0189999999999999,-0.1000000000000014,,,,,,nba_api,,,,,,,,https://www.google.com/search?q=site%3Anba.com%2Fstats+%22Javante+McCoy%22+basketball,,,https://www.google.com/search?q=site%3Anba.com%2Fstats+%22Javante+McCoy%22+basketball,Javante McCoy G League basketball highlights,https://www.youtube.com/results?search_query=Javante+McCoy+G+League+basketball+highlights,https://www.google.com/search?tbm=vid&q=Javante+McCoy+G+League+basketball+highlights,https://www.youtube.com/results?search_query=Javante+McCoy+G+League+basketball+highlights,,True,latest_season_only,E:\Project cba\data\reports\context_feature_topk_predictions.csv,2022-2023,gleague_nba_api,G League,,,,,,none,nba_static_players_name_key,no_confident_unique_match,2026-06-03T12:34:07.185338+00:00
122,Phillip Wheeler,phillipwheeler,2024-2025,G League,MNE,gleague_nba_api,gleague_nba_api,common CBA source league pool + rule-based baseline,1.2207100101987003,High-ranked candidate from a common CBA source league with strong usage/scoring profile.,,,27.4,,,,,,,20.1021897810219,0.5572262773722627,0.584,,,,,,,,1.0,0,0,,1,3.376526064207741,0.1405891092306699,-0.024,4.799999999999997,,,,,,nba_api,,,,,,https://www.nba.com/stats/player/1630762,https://www.nba.com/stats/player/1630762,https://www.google.com/search?q=%22Phillip+Wheeler%22+%22G+League%22+official+basketball+stats,https://www.nba.com/stats/player/1630762,,https://www.google.com/search?q=%22Phillip+Wheeler%22+%22G+League%22+official+basketball+stats,Phillip Wheeler G League basketball highlights,https://www.youtube.com/results?search_query=Phillip+Wheeler+G+League+basketball+highlights,https://www.google.com/search?tbm=vid&q=Phillip+Wheeler+G+League+basketball+highlights,https://www.youtube.com/results?search_query=Phillip+Wheeler+G+League+basketball+highlights,,True,latest_season_only,E:\Project cba\data\reports\context_feature_topk_predictions.csv,2021-2022,gleague_nba_api,G League,1630762.0,,,,,high,exact_player_name_key_unique,matched_static_only_commonplayerinfo_skipped_after_limit_or_failure,2026-06-03T12:34:07.185853+00:00
123,Emoni Bates,emonibates,2024-2025,G League,CLC,gleague_nba_api,gleague_nba_api,common CBA source league pool + rule-based baseline,1.2185110957408978,High-ranked candidate from a common CBA source league with strong usage/scoring profile.,,,32.4,,,,,,,20.55555555555556,0.6320987654320988,0.517,,,,,,,,1.0,0,0,,1,-0.0456005138085977,0.0514051238136017,-0.033,-2.200000000000003,,,,,,nba_api,,,,,,https://www.nba.com/stats/player/1641734,https://www.nba.com/stats/player/1641734,https://www.google.com/search?q=%22Emoni+Bates%22+%22G+League%22+official+basketball+stats,https://www.nba.com/stats/player/1641734,,https://www.google.com/search?q=%22Emoni+Bates%22+%22G+League%22+official+basketball+stats,Emoni Bates G League basketball highlights,https://www.youtube.com/results?search_query=Emoni+Bates+G+League+basketball+highlights,https://www.google.com/search?tbm=vid&q=Emoni+Bates+G+League+basketball+highlights,https://www.youtube.com/results?search_query=Emoni+Bates+G+League+basketball+highlights,,True,latest_season_only,E:\Project cba\data\reports\context_feature_topk_predictions.csv,2023-2024,gleague_nba_api,G League,1641734.0,,,,,high,exact_player_name_key_unique,matched_static_only_commonplayerinfo_skipped_after_limit_or_failure,2026-06-03T12:34:07.185853+00:00
124,Trevor Keels,trevorkeels,2024-2025,G League,IWA,gleague_nba_api,gleague_nba_api,common CBA source league pool + rule-based baseline,1.2164119216228997,High-ranked candidate from a common CBA source league with strong usage/scoring profile.,,,36.9,,,,,,,20.390243902439025,0.5842818428184283,0.544,,,,,,,,1.0,0,0,,1,5.202743902439025,0.1615318428184283,-0.0249999999999999,4.899999999999999,,,,,,nba_api,,,,,,https://www.nba.com/stats/player/1631211,https://www.nba.com/stats/player/1631211,https://www.google.com/search?q=%22Trevor+Keels%22+%22G+League%22+official+basketball+stats,https://www.nba.com/stats/player/1631211,,https://www.google.com/search?q=%22Trevor+Keels%22+%22G+League%22+official+basketball+stats,Trevor Keels G League basketball highlights,https://www.youtube.com/results?search_query=Trevor+Keels+G+League+basketball+highlights,https://www.google.com/search?tbm=vid&q=Trevor+Keels+G+League+basketball+highlights,https://www.youtube.com/results?search_query=Trevor+Keels+G+League+basketball+highlights,,True,latest_season_only,E:\Project cba\data\reports\context_feature_topk_predictions.csv,2022-2023,gleague_nba_api,G League,1631211.0,,,,,high,exact_player_name_key_unique,matched_static_only_commonplayerinfo_skipped_after_limit_or_failure,2026-06-03T12:34:07.189766+00:00
125,RayJ Dennis,rayjdennis,2024-2025,G League,IMA,gleague_nba_api,gleague_nba_api,common CBA source league pool + rule-based baseline,1.2163389462015253,High-ranked candidate from a common CBA source league with strong usage/scoring profile.,,,39.0,,,,,,,20.4,0.6065641025641025,0.563,,,,,,,,1.0,0,0,,0,,,,,,,,,,nba_api,,,,,,https://www.nba.com/stats/player/1642484,https://www.nba.com/stats/player/1642484,https://www.google.com/search?q=%22RayJ+Dennis%22+%22G+League%22+official+basketball+stats,https://www.nba.com/stats/player/1642484,,https://www.google.com/search?q=%22RayJ+Dennis%22+%22G+League%22+official+basketball+stats,RayJ Dennis G League basketball highlights,https://www.youtube.com/results?search_query=RayJ+Dennis+G+League+basketball+highlights,https://www.google.com/search?tbm=vid&q=RayJ+Dennis+G+League+basketball+highlights,https://www.youtube.com/results?search_query=RayJ+Dennis+G+League+basketball+highlights,,True,latest_season_only,E:\Project cba\data\reports\context_feature_topk_predictions.csv,2024-2025,gleague_nba_api,G League,1642484.0,,,,,high,exact_player_name_key_unique,matched_static_only_commonplayerinfo_skipped_after_limit_or_failure,2026-06-03T12:34:07.194362+00:00
126,Antonio Blakeney,antonioblakeney,2024-2025,EuroCup,Hapoel Tel Aviv,euroleague_api,euroleague_api,common CBA source league pool + rule-based baseline,1.2159897443570824,Returning-import candidate with prior CBA experience and strong source-league/pathway signal.,,,20.04019607843137,,,,,,,24.071620762193632,0.6063812925003669,0.625,,,,,,,,1.0,1,3,1.0,1,3.635530536629712,-0.0103104368229414,0.0809999999999999,-6.5598039215686335,,,,,,,,,,,,,,https://www.google.com/search?q=%22Antonio+Blakeney%22+%22EuroCup%22+official+basketball+stats,,https://www.google.com/search?q=site%3Aeuroleaguebasketball.net%2Feuroleague%2Fplayers+%22Antonio+Blakeney%22,https://www.google.com/search?q=site%3Aeuroleaguebasketball.net%2Feuroleague%2Fplayers+%22Antonio+Blakeney%22,Antonio Blakeney EuroCup basketball highlights,https://www.youtube.com/results?search_query=Antonio+Blakeney+EuroCup+basketball+highlights,https://www.google.com/search?tbm=vid&q=Antonio+Blakeney+EuroCup+basketball+highlights,https://www.youtube.com/results?search_query=Antonio+Blakeney+EuroCup+basketball+highlights,Antonio Blakeney CBA basketball highlights,True,latest_season_only,E:\Project cba\data\reports\context_feature_topk_predictions.csv,2018-2019,gleague_nba_api,G League,,,,,,,,,
127,Jordan Goodwin,jordangoodwin,2024-2025,G League,SBL,gleague_nba_api,gleague_nba_api,common CBA source league pool + rule-based baseline,1.2153260696624475,High-ranked candidate from a common CBA source league with strong usage/scoring profile.,,,25.5,,,,,,,20.61176470588235,0.6341960784313726,0.51,,,,,,,,1.0,0,0,,1,0.4761714855433681,0.0112582253240278,0.008,-9.9,,,,,,nba_api,,,,,,https://www.nba.com/stats/player/1630692,https://www.nba.com/stats/player/1630692,https://www.google.com/search?q=%22Jordan+Goodwin%22+%22G+League%22+official+basketball+stats,https://www.nba.com/stats/player/1630692,,https://www.google.com/search?q=%22Jordan+Goodwin%22+%22G+League%22+official+basketball+stats,Jordan Goodwin G League basketball highlights,https://www.youtube.com/results?search_query=Jordan+Goodwin+G+League+basketball+highlights,https://www.google.com/search?tbm=vid&q=Jordan+Goodwin+G+League+basketball+highlights,https://www.youtube.com/results?search_query=Jordan+Goodwin+G+League+basketball+highlights,,True,latest_season_only,E:\Project cba\data\reports\context_feature_topk_predictions.csv,2021-2022,gleague_nba_api,G League,1630692.0,,,,,high,exact_player_name_key_unique,matched_static_only_commonplayerinfo_skipped_after_limit_or_failure,2026-06-03T12:34:07.194362+00:00
128,Jamaree Bouyea,jamareebouyea,2024-2025,G League,WIS,gleague_nba_api,gleague_nba_api,common CBA source league pool + rule-based baseline,1.2144508797983509,High-ranked candidate from a common CBA source league with strong usage/scoring profile.,,,33.7,,,,,,,20.83086053412463,0.4953115727002967,0.649,,,,,,,,1.0,0,0,,1,4.673380219163999,0.051637032017882,0.073,-4.399999999999999,,,,,,nba_api,,,,,,https://www.nba.com/stats/player/1631123,https://www.nba.com/stats/player/1631123,https://www.google.com/search?q=%22Jamaree+Bouyea%22+%22G+League%22+official+basketball+stats,https://www.nba.com/stats/player/1631123,,https://www.google.com/search?q=%22Jamaree+Bouyea%22+%22G+League%22+official+basketball+stats,Jamaree Bouyea G League basketball highlights,https://www.youtube.com/results?search_query=Jamaree+Bouyea+G+League+basketball+highlights,https://www.google.com/search?tbm=vid&q=Jamaree+Bouyea+G+League+basketball+highlights,https://www.youtube.com/results?search_query=Jamaree+Bouyea+G+League+basketball+highlights,,True,latest_season_only,E:\Project cba\data\reports\context_feature_topk_predictions.csv,2022-2023,gleague_nba_api,G League,1631123.0,,,,,high,exact_player_name_key_unique,matched_static_only_commonplayerinfo_skipped_after_limit_or_failure,2026-06-03T12:34:07.199723+00:00
129,Kendrick Nunn,kendricknunn,2024-2025,EuroLeague,Panathinaikos AKTOR Athens,euroleague_api,euroleague_api,common CBA source league pool + rule-based baseline,1.2132240832086374,High-ranked candidate from a common CBA source league with strong usage/scoring profile.,,,30.82708333333333,,,,,,,23.35608569304589,0.6226991957829291,0.612,,,,,,,,1.0,0,0,,1,2.372843143692944,-0.0120438913349975,0.054,3.37660714285714,,,,,,,,,,,,,,https://www.google.com/search?q=%22Kendrick+Nunn%22+%22EuroLeague%22+official+basketball+stats,,https://www.google.com/search?q=site%3Aeuroleaguebasketball.net%2Feuroleague%2Fplayers+%22Kendrick+Nunn%22,https://www.google.com/search?q=site%3Aeuroleaguebasketball.net%2Feuroleague%2Fplayers+%22Kendrick+Nunn%22,Kendrick Nunn EuroLeague basketball highlights,https://www.youtube.com/results?search_query=Kendrick+Nunn+EuroLeague+basketball+highlights,https://www.google.com/search?tbm=vid&q=Kendrick+Nunn+EuroLeague+basketball+highlights,https://www.youtube.com/results?search_query=Kendrick+Nunn+EuroLeague+basketball+highlights,,True,latest_season_only,E:\Project cba\data\reports\context_feature_topk_predictions.csv,2018-2019,gleague_nba_api,G League,,,,,,,,,
130,Jarkel Joiner,jarkeljoiner,2024-2025,G League,CPS,gleague_nba_api,gleague_nba_api,common CBA source league pool + rule-based baseline,1.2120135190525372,High-ranked candidate from a common CBA source league with strong usage/scoring profile.,,,20.5,,,,,,,20.37073170731707,0.5851707317073171,0.526,,,,,,,,1.0,0,0,,1,6.732506451344374,0.1887202197619246,-0.018,-8.8,,,,,,nba_api,,,,,,,,https://www.google.com/search?q=site%3Anba.com%2Fstats+%22Jarkel+Joiner%22+basketball,,,https://www.google.com/search?q=site%3Anba.com%2Fstats+%22Jarkel+Joiner%22+basketball,Jarkel Joiner G League basketball highlights,https://www.youtube.com/results?search_query=Jarkel+Joiner+G+League+basketball+highlights,https://www.google.com/search?tbm=vid&q=Jarkel+Joiner+G+League+basketball+highlights,https://www.youtube.com/results?search_query=Jarkel+Joiner+G+League+basketball+highlights,,True,latest_season_only,E:\Project cba\data\reports\context_feature_topk_predictions.csv,2023-2024,gleague_nba_api,G League,,,,,,none,nba_static_players_name_key,no_confident_unique_match,2026-06-03T12:34:07.201227+00:00
131,Max Abmas,maxabmas,2024-2025,G League,SLC,gleague_nba_api,gleague_nba_api,common CBA source league pool + rule-based baseline,1.2112350041671738,High-ranked candidate from a common CBA source league with strong usage/scoring profile.,,,25.0,,,,,,,19.584000000000003,0.52064,0.587,,,,,,,,1.0,0,0,,0,,,,,,,,,,nba_api,,,,,,,,https://www.google.com/search?q=site%3Anba.com%2Fstats+%22Max+Abmas%22+basketball,,,https://www.google.com/search?q=site%3Anba.com%2Fstats+%22Max+Abmas%22+basketball,Max Abmas G League basketball highlights,https://www.youtube.com/results?search_query=Max+Abmas+G+League+basketball+highlights,https://www.google.com/search?tbm=vid&q=Max+Abmas+G+League+basketball+highlights,https://www.youtube.com/results?search_query=Max+Abmas+G+League+basketball+highlights,,True,latest_season_only,E:\Project cba\data\reports\context_feature_topk_predictions.csv,2024-2025,gleague_nba_api,G League,,,,,,none,nba_static_players_name_key,no_confident_unique_match,2026-06-03T12:34:07.203233+00:00
132,Adama Sanogo,adamasanogo,2024-2025,G League,WCB,gleague_nba_api,gleague_nba_api,common CBA source league pool + rule-based baseline,1.2105610059653376,High-ranked candidate from a common CBA source league with strong usage/scoring profile.,,,27.2,,,,,,,21.44117647058824,0.5732352941176471,0.59,,,,,,,,1.0,0,0,,1,-4.6974373907979015,-0.0361376431760822,-0.08,-3.1000000000000014,,,,,,nba_api,,,,,,https://www.nba.com/stats/player/1641766,https://www.nba.com/stats/player/1641766,https://www.google.com/search?q=%22Adama+Sanogo%22+%22G+League%22+official+basketball+stats,https://www.nba.com/stats/player/1641766,,https://www.google.com/search?q=%22Adama+Sanogo%22+%22G+League%22+official+basketball+stats,Adama Sanogo G League basketball highlights,https://www.youtube.com/results?search_query=Adama+Sanogo+G+League+basketball+highlights,https://www.google.com/search?tbm=vid&q=Adama+Sanogo+G+League+basketball+highlights,https://www.youtube.com/results?search_query=Adama+Sanogo+G+League+basketball+highlights,,True,latest_season_only,E:\Project cba\data\reports\context_feature_topk_predictions.csv,2023-2024,gleague_nba_api,G League,1641766.0,,,,,high,exact_player_name_key_unique,matched_static_only_commonplayerinfo_skipped_after_limit_or_failure,2026-06-03T12:34:07.203233+00:00
133,Jordan Ford,jordanford,2024-2025,EuroCup,Dolomiti Energia Trento,euroleague_api,euroleague_api,common CBA source league pool + rule-based baseline,1.2096017926817122,High-ranked candidate from a common CBA source league with strong usage/scoring profile.,,,24.875925925925927,,,,,,,23.733789920345416,0.5372262339015856,0.687,,,,,,,,1.0,0,0,,1,5.963089283402738,0.124487380398401,0.031,-6.524074074074072,,,,,,,,,,,,,,https://www.google.com/search?q=%22Jordan+Ford%22+%22EuroCup%22+official+basketball+stats,,https://www.google.com/search?q=site%3Aeuroleaguebasketball.net%2Feuroleague%2Fplayers+%22Jordan+Ford%22,https://www.google.com/search?q=site%3Aeuroleaguebasketball.net%2Feuroleague%2Fplayers+%22Jordan+Ford%22,Jordan Ford EuroCup basketball highlights,https://www.youtube.com/results?search_query=Jordan+Ford+EuroCup+basketball+highlights,https://www.google.com/search?tbm=vid&q=Jordan+Ford+EuroCup+basketball+highlights,https://www.youtube.com/results?search_query=Jordan+Ford+EuroCup+basketball+highlights,,True,latest_season_only,E:\Project cba\data\reports\context_feature_topk_predictions.csv,2020-2021,gleague_nba_api,G League,,,,,,,,,
134,Alex Reese,alexreese,2024-2025,G League,DEL,gleague_nba_api,gleague_nba_api,common CBA source league pool + rule-based baseline,1.2091018648443943,High-ranked candidate from a common CBA source league with strong usage/scoring profile.,,,30.100000000000005,,,,,,,20.81063122923588,0.546578073089701,0.582,,,,,,,,1.0,0,0,,1,-4.601133476646471,-0.066897862739176,-0.055,11.400000000000006,,,,,,nba_api,,,,,,https://www.nba.com/stats/player/1642024,https://www.nba.com/stats/player/1642024,https://www.google.com/search?q=%22Alex+Reese%22+%22G+League%22+official+basketball+stats,https://www.nba.com/stats/player/1642024,,https://www.google.com/search?q=%22Alex+Reese%22+%22G+League%22+official+basketball+stats,Alex Reese G League basketball highlights,https://www.youtube.com/results?search_query=Alex+Reese+G+League+basketball+highlights,https://www.google.com/search?tbm=vid&q=Alex+Reese+G+League+basketball+highlights,https://www.youtube.com/results?search_query=Alex+Reese+G+League+basketball+highlights,,True,latest_season_only,E:\Project cba\data\reports\context_feature_topk_predictions.csv,2023-2024,gleague_nba_api,G League,1642024.0,,,,,high,exact_player_name_key_unique,matched_static_only_commonplayerinfo_skipped_after_limit_or_failure,2026-06-03T12:34:07.207014+00:00
135,Ron Harper Jr.,ronharper,2024-2025,G League,MCC,gleague_nba_api,gleague_nba_api,common CBA source league pool + rule-based baseline,1.207578943185902,High-ranked candidate from a common CBA source league with strong usage/scoring profile.,,,32.6,,,,,,,20.098159509202453,0.4993865030674846,0.629,,,,,,,,1.0,0,0,,1,1.052287949569422,0.03724583028461,-0.021,-0.1000000000000014,,,,,,nba_api,,,,,,,,https://www.google.com/search?q=site%3Anba.com%2Fstats+%22Ron+Harper+Jr.%22+basketball,,,https://www.google.com/search?q=site%3Anba.com%2Fstats+%22Ron+Harper+Jr.%22+basketball,Ron Harper Jr. G League basketball highlights,https://www.youtube.com/results?search_query=Ron+Harper+Jr.+G+League+basketball+highlights,https://www.google.com/search?tbm=vid&q=Ron+Harper+Jr.+G+League+basketball+highlights,https://www.youtube.com/results?search_query=Ron+Harper+Jr.+G+League+basketball+highlights,,True,latest_season_only,E:\Project cba\data\reports\context_feature_topk_predictions.csv,2022-2023,gleague_nba_api,G League,,,,,,low,nba_static_players_name_key,no_confident_unique_match,2026-06-03T12:34:07.207014+00:00
136,Tolu Smith,tolusmith,2024-2025,G League,MCC,gleague_nba_api,gleague_nba_api,common CBA source league pool + rule-based baseline,1.201784081474493,High-ranked candidate from a common CBA source league with strong usage/scoring profile.,,,30.5,,,,,,,21.127868852459013,0.5154098360655738,0.6760000000000002,,,,,,,,1.0,0,0,,0,,,,,,,,,,nba_api,,,,,,https://www.nba.com/stats/player/1642449,https://www.nba.com/stats/player/1642449,https://www.google.com/search?q=%22Tolu+Smith%22+%22G+League%22+official+basketball+stats,https://www.nba.com/stats/player/1642449,,https://www.google.com/search?q=%22Tolu+Smith%22+%22G+League%22+official+basketball+stats,Tolu Smith G League basketball highlights,https://www.youtube.com/results?search_query=Tolu+Smith+G+League+basketball+highlights,https://www.google.com/search?tbm=vid&q=Tolu+Smith+G+League+basketball+highlights,https://www.youtube.com/results?search_query=Tolu+Smith+G+League+basketball+highlights,,True,latest_season_only,E:\Project cba\data\reports\context_feature_topk_predictions.csv,2024-2025,gleague_nba_api,G League,1642449.0,,,,,high,exact_player_name_key_unique,matched_static_only_commonplayerinfo_skipped_after_limit_or_failure,2026-06-03T12:34:07.210908+00:00
137,Malik Williams,malikwilliams,2024-2025,G League,SXF,gleague_nba_api,gleague_nba_api,common CBA source league pool + rule-based baseline,1.201332236236447,High-ranked candidate from a common CBA source league with strong usage/scoring profile.,,,27.3,,,,,,,21.23076923076923,0.5548717948717948,0.573,,,,,,,,1.0,0,0,,1,4.006631299734746,0.0498717948717948,0.0489999999999999,4.100000000000001,,,,,,nba_api,,,,,,https://www.nba.com/stats/player/1642013,https://www.nba.com/stats/player/1642013,https://www.google.com/search?q=%22Malik+Williams%22+%22G+League%22+official+basketball+stats,https://www.nba.com/stats/player/1642013,,https://www.google.com/search?q=%22Malik+Williams%22+%22G+League%22+official+basketball+stats,Malik Williams G League basketball highlights,https://www.youtube.com/results?search_query=Malik+Williams+G+League+basketball+highlights,https://www.google.com/search?tbm=vid&q=Malik+Williams+G+League+basketball+highlights,https://www.youtube.com/results?search_query=Malik+Williams+G+League+basketball+highlights,,True,latest_season_only,E:\Project cba\data\reports\context_feature_topk_predictions.csv,2023-2024,gleague_nba_api,G League,1642013.0,,,,,high,exact_player_name_key_unique,matched_static_only_commonplayerinfo_skipped_after_limit_or_failure,2026-06-03T12:34:07.212913+00:00
138,Cassius Stanley,cassiusstanley,2024-2025,G League,VAL,gleague_nba_api,gleague_nba_api,common CBA source league pool + rule-based baseline,1.195565257392852,High-ranked candidate from a common CBA source league with strong usage/scoring profile.,,,17.1,,,,,,,20.842105263157897,0.5284210526315789,0.626,,,,,,,,1.0,0,0,,1,0.8276648299448972,0.0230058901767052,-0.037,-10.6,,,,,,nba_api,,,,,,https://www.nba.com/stats/player/1630199,https://www.nba.com/stats/player/1630199,https://www.google.com/search?q=%22Cassius+Stanley%22+%22G+League%22+official+basketball+stats,https://www.nba.com/stats/player/1630199,,https://www.google.com/search?q=%22Cassius+Stanley%22+%22G+League%22+official+basketball+stats,Cassius Stanley G League basketball highlights,https://www.youtube.com/results?search_query=Cassius+Stanley+G+League+basketball+highlights,https://www.google.com/search?tbm=vid&q=Cassius+Stanley+G+League+basketball+highlights,https://www.youtube.com/results?search_query=Cassius+Stanley+G+League+basketball+highlights,,True,latest_season_only,E:\Project cba\data\reports\context_feature_topk_predictions.csv,2020-2021,gleague_nba_api,G League,1630199.0,,,,,high,exact_player_name_key_unique,matched_static_only_commonplayerinfo_skipped_after_limit_or_failure,2026-06-03T12:34:07.212913+00:00
139,Brynton Lemar,bryntonlemar,2024-2025,EuroCup,KK Cedevita Olimpija,euroleague_api,euroleague_api,common CBA source league pool + rule-based baseline,1.194526309490308,High-ranked candidate from a common CBA source league with strong usage/scoring profile.,,,24.258333333333333,,,,,,,21.36997595328065,0.5482652009618687,0.614,,,,,,,,1.0,0,0,,1,1.1347537140871324,-0.0427230379261716,0.0710990204177977,-5.500757575757579,,,,,,,,,,,,,,https://www.google.com/search?q=%22Brynton+Lemar%22+%22EuroCup%22+official+basketball+stats,,https://www.google.com/search?q=site%3Aeuroleaguebasketball.net%2Feuroleague%2Fplayers+%22Brynton+Lemar%22,https://www.google.com/search?q=site%3Aeuroleaguebasketball.net%2Feuroleague%2Fplayers+%22Brynton+Lemar%22,Brynton Lemar EuroCup basketball highlights,https://www.youtube.com/results?search_query=Brynton+Lemar+EuroCup+basketball+highlights,https://www.google.com/search?tbm=vid&q=Brynton+Lemar+EuroCup+basketball+highlights,https://www.youtube.com/results?search_query=Brynton+Lemar+EuroCup+basketball+highlights,,True,latest_season_only,E:\Project cba\data\reports\context_feature_topk_predictions.csv,2018 - 2019,kaggle_49leagues,Hungarian-NBIA,,,,,,,,,
140,Theo Maledon,theomaledon,2024-2025,EuroLeague,LDLC ASVEL Villeurbanne,euroleague_api,euroleague_api,common CBA source league pool + rule-based baseline,1.1943921729558475,High-ranked candidate from a common CBA source league with strong usage/scoring profile.,,,27.593434343434343,,,,,,,22.179189164455018,0.5863713736615722,0.637,,,,,,,,1.0,0,0,,1,6.252921883349025,0.1955879635233235,-0.127,5.893434343434343,,,,,,,,,,,,,,https://www.google.com/search?q=%22Theo+Maledon%22+%22EuroLeague%22+official+basketball+stats,,https://www.google.com/search?q=site%3Aeuroleaguebasketball.net%2Feuroleague%2Fplayers+%22Theo+Maledon%22,https://www.google.com/search?q=site%3Aeuroleaguebasketball.net%2Feuroleague%2Fplayers+%22Theo+Maledon%22,Theo Maledon EuroLeague basketball highlights,https://www.youtube.com/results?search_query=Theo+Maledon+EuroLeague+basketball+highlights,https://www.google.com/search?tbm=vid&q=Theo+Maledon+EuroLeague+basketball+highlights,https://www.youtube.com/results?search_query=Theo+Maledon+EuroLeague+basketball+highlights,,True,latest_season_only,E:\Project cba\data\reports\context_feature_topk_predictions.csv,2018 - 2019,kaggle_49leagues,Eurocup,,,,,,,,,
141,Javonte Smart,javontesmart,2024-2025,G League,OSC,gleague_nba_api,gleague_nba_api,common CBA source league pool + rule-based baseline,1.1937680564918174,High-ranked candidate from a common CBA source league with strong usage/scoring profile.,,,28.8,,,,,,,19.0,0.5055555555555555,0.595,,,,,,,,1.0,0,0,,1,-0.4736842105263186,0.0057894736842107,-0.03,-5.400000000000002,,,,,,nba_api,,,,,,https://www.nba.com/stats/player/1630606,https://www.nba.com/stats/player/1630606,https://www.google.com/search?q=%22Javonte+Smart%22+%22G+League%22+official+basketball+stats,https://www.nba.com/stats/player/1630606,,https://www.google.com/search?q=%22Javonte+Smart%22+%22G+League%22+official+basketball+stats,Javonte Smart G League basketball highlights,https://www.youtube.com/results?search_query=Javonte+Smart+G+League+basketball+highlights,https://www.google.com/search?tbm=vid&q=Javonte+Smart+G+League+basketball+highlights,https://www.youtube.com/results?search_query=Javonte+Smart+G+League+basketball+highlights,,True,latest_season_only,E:\Project cba\data\reports\context_feature_topk_predictions.csv,2021-2022,gleague_nba_api,G League,1630606.0,,,,,high,exact_player_name_key_unique,matched_static_only_commonplayerinfo_skipped_after_limit_or_failure,2026-06-03T12:34:07.212913+00:00
142,Henri Drell,henridrell,2024-2025,G League,RCR,gleague_nba_api,gleague_nba_api,common CBA source league pool + rule-based baseline,1.1900578475141508,High-ranked candidate from a common CBA source league with strong usage/scoring profile.,,,34.0,,,,,,,19.376470588235293,0.5245882352941177,0.588,,,,,,,,1.0,0,0,,1,2.761085972850676,0.0370142707970763,0.0329999999999999,0.2000000000000028,,,,,,nba_api,,,,,,https://www.nba.com/stats/player/1630929,https://www.nba.com/stats/player/1630929,https://www.google.com/search?q=%22Henri+Drell%22+%22G+League%22+official+basketball+stats,https://www.nba.com/stats/player/1630929,,https://www.google.com/search?q=%22Henri+Drell%22+%22G+League%22+official+basketball+stats,Henri Drell G League basketball highlights,https://www.youtube.com/results?search_query=Henri+Drell+G+League+basketball+highlights,https://www.google.com/search?tbm=vid&q=Henri+Drell+G+League+basketball+highlights,https://www.youtube.com/results?search_query=Henri+Drell+G+League+basketball+highlights,,True,latest_season_only,E:\Project cba\data\reports\context_feature_topk_predictions.csv,2019 - 2020,kaggle_49leagues,Italian-Lega-Basket-Serie-A,1630929.0,,,,,high,exact_player_name_key_unique,matched_static_only_commonplayerinfo_skipped_after_limit_or_failure,2026-06-03T12:34:07.212913+00:00
143,Nikola Mirotic,nikolamirotic,2024-2025,EuroLeague,EA7 Emporio Armani Milan,euroleague_api,euroleague_api,common CBA source league pool + rule-based baseline,1.1880550496026163,High-ranked candidate from a common CBA source league with strong usage/scoring profile.,,,27.487222222222226,,,,,,,23.1816803767407,0.5662267316126686,0.6459999999999999,,,,,,,,1.0,0,0,,1,0.9765840436145368,0.0288826255426457,0.0059999999999998,2.519980842911881,,,,,,,,,,,,,,https://www.google.com/search?q=%22Nikola+Mirotic%22+%22EuroLeague%22+official+basketball+stats,,https://www.google.com/search?q=site%3Aeuroleaguebasketball.net%2Feuroleague%2Fplayers+%22Nikola+Mirotic%22,https://www.google.com/search?q=site%3Aeuroleaguebasketball.net%2Feuroleague%2Fplayers+%22Nikola+Mirotic%22,Nikola Mirotic EuroLeague basketball highlights,https://www.youtube.com/results?search_query=Nikola+Mirotic+EuroLeague+basketball+highlights,https://www.google.com/search?tbm=vid&q=Nikola+Mirotic+EuroLeague+basketball+highlights,https://www.youtube.com/results?search_query=Nikola+Mirotic+EuroLeague+basketball+highlights,,True,latest_season_only,E:\Project cba\data\reports\context_feature_topk_predictions.csv,2010 - 2011,kaggle_49leagues,Spanish-ACB,,,,,,,,,
144,Khadeen Carrington,khadeencarrington,2024-2025,EuroCup,Hapoel Jerusalem Basketball Club,euroleague_api,euroleague_api,common CBA source league pool + rule-based baseline,1.1877985545771144,High-ranked candidate from a common CBA source league with strong usage/scoring profile.,,,26.269791666666663,,,,,,,21.92632538958722,0.6463698005472065,0.53,,,,,,,,1.0,0,0,,1,1.0592733664658311,0.0925483490378936,-0.061958546504001,-3.3873511904761884,,,,,,,,,,,,,,https://www.google.com/search?q=%22Khadeen+Carrington%22+%22EuroCup%22+official+basketball+stats,,https://www.google.com/search?q=site%3Aeuroleaguebasketball.net%2Feuroleague%2Fplayers+%22Khadeen+Carrington%22,https://www.google.com/search?q=site%3Aeuroleaguebasketball.net%2Feuroleague%2Fplayers+%22Khadeen+Carrington%22,Khadeen Carrington EuroCup basketball highlights,https://www.youtube.com/results?search_query=Khadeen+Carrington+EuroCup+basketball+highlights,https://www.google.com/search?tbm=vid&q=Khadeen+Carrington+EuroCup+basketball+highlights,https://www.youtube.com/results?search_query=Khadeen+Carrington+EuroCup+basketball+highlights,,True,latest_season_only,E:\Project cba\data\reports\context_feature_topk_predictions.csv,2018 - 2019,kaggle_49leagues,Belgium-Scooore-League,,,,,,,,,
145,Patrick Baldwin Jr.,patrickbaldwin,2024-2025,G League,SDC,gleague_nba_api,gleague_nba_api,common CBA source league pool + rule-based baseline,1.1860411550310892,High-ranked candidate from a common CBA source league with strong usage/scoring profile.,,,32.0,,,,,,,19.4625,0.50675,0.603,,,,,,,,1.0,0,0,,1,0.1664999999999992,0.05059,-0.07,7.0,,,,,,nba_api,,,,,,https://www.nba.com/stats/player/1631116,https://www.nba.com/stats/player/1631116,https://www.google.com/search?q=%22Patrick+Baldwin+Jr.%22+%22G+League%22+official+basketball+stats,https://www.nba.com/stats/player/1631116,,https://www.google.com/search?q=%22Patrick+Baldwin+Jr.%22+%22G+League%22+official+basketball+stats,Patrick Baldwin Jr. G League basketball highlights,https://www.youtube.com/results?search_query=Patrick+Baldwin+Jr.+G+League+basketball+highlights,https://www.google.com/search?tbm=vid&q=Patrick+Baldwin+Jr.+G+League+basketball+highlights,https://www.youtube.com/results?search_query=Patrick+Baldwin+Jr.+G+League+basketball+highlights,,True,latest_season_only,E:\Project cba\data\reports\context_feature_topk_predictions.csv,2000 - 2001,kaggle_49leagues,Euroleague,1631116.0,,,,,high,exact_player_name_key_unique,matched_static_only_commonplayerinfo_skipped_after_limit_or_failure,2026-06-03T12:34:07.222308+00:00
146,David Stockton,davidstockton,2024-2025,G League,VAL,gleague_nba_api,gleague_nba_api,common CBA source league pool + rule-based baseline,1.186013979066033,High-ranked candidate from a common CBA source league with strong usage/scoring profile.,,,25.5,,,,,,,20.047058823529408,0.5055686274509804,0.659,,,,,,,,1.0,0,0,,1,5.131170973062119,0.0772820230896098,0.052,-6.600000000000001,,,,,,nba_api,,,,,,https://www.nba.com/stats/player/204065,https://www.nba.com/stats/player/204065,https://www.google.com/search?q=%22David+Stockton%22+%22G+League%22+official+basketball+stats,https://www.nba.com/stats/player/204065,,https://www.google.com/search?q=%22David+Stockton%22+%22G+League%22+official+basketball+stats,David Stockton G League basketball highlights,https://www.youtube.com/results?search_query=David+Stockton+G+League+basketball+highlights,https://www.google.com/search?tbm=vid&q=David+Stockton+G+League+basketball+highlights,https://www.youtube.com/results?search_query=David+Stockton+G+League+basketball+highlights,,True,latest_season_only,E:\Project cba\data\reports\context_feature_topk_predictions.csv,2018 - 2019,kaggle_49leagues,Australian-NBL,204065.0,,,,,high,exact_player_name_key_unique,matched_static_only_commonplayerinfo_skipped_after_limit_or_failure,2026-06-03T12:34:07.222308+00:00
147,Ethan Thompson,ethanthompson,2024-2025,G League,OSC,gleague_nba_api,gleague_nba_api,common CBA source league pool + rule-based baseline,1.1847704081897457,High-ranked candidate from a common CBA source league with strong usage/scoring profile.,,,34.2,,,,,,,19.36842105263158,0.4863157894736842,0.601,,,,,,,,1.0,0,0,,1,-2.696095076400681,-0.1116411997736274,0.022,-3.0,,,,,,nba_api,,,,,,https://www.nba.com/stats/player/1630679,https://www.nba.com/stats/player/1630679,https://www.google.com/search?q=%22Ethan+Thompson%22+%22G+League%22+official+basketball+stats,https://www.nba.com/stats/player/1630679,,https://www.google.com/search?q=%22Ethan+Thompson%22+%22G+League%22+official+basketball+stats,Ethan Thompson G League basketball highlights,https://www.youtube.com/results?search_query=Ethan+Thompson+G+League+basketball+highlights,https://www.google.com/search?tbm=vid&q=Ethan+Thompson+G+League+basketball+highlights,https://www.youtube.com/results?search_query=Ethan+Thompson+G+League+basketball+highlights,,True,latest_season_only,E:\Project cba\data\reports\context_feature_topk_predictions.csv,2021-2022,gleague_nba_api,G League,1630679.0,,,,,high,exact_player_name_key_unique,matched_static_only_commonplayerinfo_skipped_after_limit_or_failure,2026-06-03T12:34:07.222308+00:00
148,Evan Fournier,evanfournier,2024-2025,EuroLeague,Olympiacos Piraeus,euroleague_api,euroleague_api,common CBA source league pool + rule-based baseline,1.1845218593845868,High-ranked candidate from a common CBA source league with strong usage/scoring profile.,,,25.79144144144144,,,,,,,22.472571039348903,0.6265644375360218,0.562,,,,,,,,1.0,0,0,,1,3.0168585874875404,0.0323154003088073,0.032999195818255,-0.1752252252252262,,,,,,,,,,,,,,https://www.google.com/search?q=%22Evan+Fournier%22+%22EuroLeague%22+official+basketball+stats,,https://www.google.com/search?q=site%3Aeuroleaguebasketball.net%2Feuroleague%2Fplayers+%22Evan+Fournier%22,https://www.google.com/search?q=site%3Aeuroleaguebasketball.net%2Feuroleague%2Fplayers+%22Evan+Fournier%22,Evan Fournier EuroLeague basketball highlights,https://www.youtube.com/results?search_query=Evan+Fournier+EuroLeague+basketball+highlights,https://www.google.com/search?tbm=vid&q=Evan+Fournier+EuroLeague+basketball+highlights,https://www.youtube.com/results?search_query=Evan+Fournier+EuroLeague+basketball+highlights,,True,latest_season_only,E:\Project cba\data\reports\context_feature_topk_predictions.csv,2011 - 2012,kaggle_49leagues,French-Jeep-Elite,,,,,,,,,
149,Pelle Larsson,pellelarsson,2024-2025,G League,SXF,gleague_nba_api,gleague_nba_api,common CBA source league pool + rule-based baseline,1.1843535302424475,High-ranked candidate from a common CBA source league with strong usage/scoring profile.,,,38.0,,,,,,,19.894736842105264,0.5873684210526315,0.543,,,,,,,,1.0,0,0,,1,6.243148776657717,0.1937591813991186,-0.0381895208874203,18.01923076923077,,,,,,nba_api,,,,,,https://www.nba.com/stats/player/1641796,https://www.nba.com/stats/player/1641796,https://www.google.com/search?q=%22Pelle+Larsson%22+%22G+League%22+official+basketball+stats,https://www.nba.com/stats/player/1641796,,https://www.google.com/search?q=%22Pelle+Larsson%22+%22G+League%22+official+basketball+stats,Pelle Larsson G League basketball highlights,https://www.youtube.com/results?search_query=Pelle+Larsson+G+League+basketball+highlights,https://www.google.com/search?tbm=vid&q=Pelle+Larsson+G+League+basketball+highlights,https://www.youtube.com/results?search_query=Pelle+Larsson+G+League+basketball+highlights,,True,latest_season_only,E:\Project cba\data\reports\context_feature_topk_predictions.csv,2019 - 2020,kaggle_49leagues,Swedish-Basketligan,1641796.0,,,,,high,exact_player_name_key_unique,matched_static_only_commonplayerinfo_skipped_after_limit_or_failure,2026-06-03T12:34:07.222308+00:00
150,Filip Petrusev,filippetrusev,2024-2025,EuroLeague,Olympiacos Piraeus;Crvena Zvezda Meridianbet Belgrade,euroleague_api,euroleague_api,common CBA source league pool + rule-based baseline,1.1828357082441248,High-ranked candidate from a common CBA source league with strong usage/scoring profile.,,,20.1453125,,,,,,,23.231210734507098,0.5863398743504227,0.616,,,,,,,,1.0,0,0,,1,8.713195119357493,0.187926606322684,0.0559999999999999,4.523342803030301,,,,,,,,,,,,,,https://www.google.com/search?q=%22Filip+Petrusev%22+%22EuroLeague%22+official+basketball+stats,,https://www.google.com/search?q=site%3Aeuroleaguebasketball.net%2Feuroleague%2Fplayers+%22Filip+Petrusev%22,https://www.google.com/search?q=site%3Aeuroleaguebasketball.net%2Feuroleague%2Fplayers+%22Filip+Petrusev%22,Filip Petrusev EuroLeague basketball highlights,https://www.youtube.com/results?search_query=Filip+Petrusev+EuroLeague+basketball+highlights,https://www.google.com/search?tbm=vid&q=Filip+Petrusev+EuroLeague+basketball+highlights,https://www.youtube.com/results?search_query=Filip+Petrusev+EuroLeague+basketball+highlights,,True,latest_season_only,E:\Project cba\data\reports\context_feature_topk_predictions.csv,2021-2022,euroleague_api,EuroLeague,,,,,,,,,
151,Zavier Simpson,zaviersimpson,2024-2025,EuroCup,U-BT Cluj-Napoca,euroleague_api,euroleague_api,common CBA source league pool + rule-based baseline,1.1816137147299892,High-ranked candidate from a common CBA source league with strong usage/scoring profile.,,,30.499166666666667,,,,,,,21.01041012049509,0.6189021557966065,0.598,,,,,,,,1.0,0,0,,1,1.5957759741536286,0.0579265460405088,0.0489999999999999,-6.400833333333331,,,,,,,,,,,,,,https://www.google.com/search?q=%22Zavier+Simpson%22+%22EuroCup%22+official+basketball+stats,,https://www.google.com/search?q=site%3Aeuroleaguebasketball.net%2Feuroleague%2Fplayers+%22Zavier+Simpson%22,https://www.google.com/search?q=site%3Aeuroleaguebasketball.net%2Feuroleague%2Fplayers+%22Zavier+Simpson%22,Zavier Simpson EuroCup basketball highlights,https://www.youtube.com/results?search_query=Zavier+Simpson+EuroCup+basketball+highlights,https://www.google.com/search?tbm=vid&q=Zavier+Simpson+EuroCup+basketball+highlights,https://www.youtube.com/results?search_query=Zavier+Simpson+EuroCup+basketball+highlights,,True,latest_season_only,E:\Project cba\data\reports\context_feature_topk_predictions.csv,2020-2021,gleague_nba_api,G League,,,,,,,,,
152,Rayan Rupert,rayanrupert,2024-2025,G League,RCR,gleague_nba_api,gleague_nba_api,common CBA source league pool + rule-based baseline,1.1811835303573976,High-ranked candidate from a common CBA source league with strong usage/scoring profile.,,,35.8,,,,,,,19.005586592178773,0.5574301675977654,0.57,,,,,,,,1.0,0,0,,1,3.348052345603429,-0.0079122981556594,0.1089999999999999,6.599999999999998,,,,,,nba_api,,,,,,https://www.nba.com/stats/player/1641712,https://www.nba.com/stats/player/1641712,https://www.google.com/search?q=%22Rayan+Rupert%22+%22G+League%22+official+basketball+stats,https://www.nba.com/stats/player/1641712,,https://www.google.com/search?q=%22Rayan+Rupert%22+%22G+League%22+official+basketball+stats,Rayan Rupert G League basketball highlights,https://www.youtube.com/results?search_query=Rayan+Rupert+G+League+basketball+highlights,https://www.google.com/search?tbm=vid&q=Rayan+Rupert+G+League+basketball+highlights,https://www.youtube.com/results?search_query=Rayan+Rupert+G+League+basketball+highlights,,True,latest_season_only,E:\Project cba\data\reports\context_feature_topk_predictions.csv,2023-2024,gleague_nba_api,G League,1641712.0,,,,,high,exact_player_name_key_unique,matched_static_only_commonplayerinfo_skipped_after_limit_or_failure,2026-06-03T12:34:07.234604+00:00
153,Elijah Hughes,elijahhughes,2024-2025,G League,CLC,gleague_nba_api,gleague_nba_api,common CBA source league pool + rule-based baseline,1.1804200403692222,High-ranked candidate from a common CBA source league with strong usage/scoring profile.,,,28.9,,,,,,,18.68512110726644,0.5407612456747405,0.548,,,,,,,,1.0,0,0,,1,1.5810487090763985,0.0833856800638808,-0.0229999999999999,6.799999999999997,,,,,,nba_api,,,,,,https://www.nba.com/stats/player/1630190,https://www.nba.com/stats/player/1630190,https://www.google.com/search?q=%22Elijah+Hughes%22+%22G+League%22+official+basketball+stats,https://www.nba.com/stats/player/1630190,,https://www.google.com/search?q=%22Elijah+Hughes%22+%22G+League%22+official+basketball+stats,Elijah Hughes G League basketball highlights,https://www.youtube.com/results?search_query=Elijah+Hughes+G+League+basketball+highlights,https://www.google.com/search?tbm=vid&q=Elijah+Hughes+G+League+basketball+highlights,https://www.youtube.com/results?search_query=Elijah+Hughes+G+League+basketball+highlights,,True,latest_season_only,E:\Project cba\data\reports\context_feature_topk_predictions.csv,2020-2021,gleague_nba_api,G League,1630190.0,,,,,high,exact_player_name_key_unique,matched_static_only_commonplayerinfo_skipped_after_limit_or_failure,2026-06-03T12:34:07.236609+00:00
154,Kevin Punter,kevinpunter,2024-2025,EuroLeague,FC Barcelona,euroleague_api,euroleague_api,common CBA source league pool + rule-based baseline,1.180404305734889,High-ranked candidate from a common CBA source league with strong usage/scoring profile.,,,27.07702702702703,,,,,,,22.070369815840696,0.5545660528023156,0.624,,,,,,,,1.0,0,0,,1,3.5303551015433072,0.0435483138993482,0.0319999999999998,-2.0491634491634514,,,,,,,,,,,,,,https://www.google.com/search?q=%22Kevin+Punter%22+%22EuroLeague%22+official+basketball+stats,,https://www.google.com/search?q=site%3Aeuroleaguebasketball.net%2Feuroleague%2Fplayers+%22Kevin+Punter%22,https://www.google.com/search?q=site%3Aeuroleaguebasketball.net%2Feuroleague%2Fplayers+%22Kevin+Punter%22,Kevin Punter EuroLeague basketball highlights,https://www.youtube.com/results?search_query=Kevin+Punter+EuroLeague+basketball+highlights,https://www.google.com/search?tbm=vid&q=Kevin+Punter+EuroLeague+basketball+highlights,https://www.youtube.com/results?search_query=Kevin+Punter+EuroLeague+basketball+highlights,,True,latest_season_only,E:\Project cba\data\reports\context_feature_topk_predictions.csv,2016 - 2017,kaggle_49leagues,Greek-HEBA-A1,,,,,,,,,
155,Jonah Mathews,jonahmathews,2024-2025,EuroCup,Besiktas Istanbul,euroleague_api,euroleague_api,common CBA source league pool + rule-based baseline,1.1803484724110895,High-ranked candidate from a common CBA source league with strong usage/scoring profile.,,,26.175490196078428,,,,,,,21.18011910558448,0.621650249072999,0.541,,,,,,,,1.0,0,0,,1,1.9655683294385504,-0.0002260902360482,0.0470000000000001,-1.5534953111679428,,,,,,,,,,,,,,https://www.google.com/search?q=%22Jonah+Mathews%22+%22EuroCup%22+official+basketball+stats,,https://www.google.com/search?q=site%3Aeuroleaguebasketball.net%2Feuroleague%2Fplayers+%22Jonah+Mathews%22,https://www.google.com/search?q=site%3Aeuroleaguebasketball.net%2Feuroleague%2Fplayers+%22Jonah+Mathews%22,Jonah Mathews EuroCup basketball highlights,https://www.youtube.com/results?search_query=Jonah+Mathews+EuroCup+basketball+highlights,https://www.google.com/search?tbm=vid&q=Jonah+Mathews+EuroCup+basketball+highlights,https://www.youtube.com/results?search_query=Jonah+Mathews+EuroCup+basketball+highlights,,True,latest_season_only,E:\Project cba\data\reports\context_feature_topk_predictions.csv,2022-2023,euroleague_api,EuroLeague,,,,,,,,,
156,Tevian Jones,tevianjones,2024-2025,G League,GRG,gleague_nba_api,gleague_nba_api,common CBA source league pool + rule-based baseline,1.1777230043119324,High-ranked candidate from a common CBA source league with strong usage/scoring profile.,,,30.2,,,,,,,18.596026490066222,0.5266225165562914,0.551,,,,,,,,1.0,0,0,,1,5.667849694486115,0.1633075994292197,0.0,12.099999999999998,,,,,,nba_api,,,,,,,,https://www.google.com/search?q=site%3Anba.com%2Fstats+%22Tevian+Jones%22+basketball,,,https://www.google.com/search?q=site%3Anba.com%2Fstats+%22Tevian+Jones%22+basketball,Tevian Jones G League basketball highlights,https://www.youtube.com/results?search_query=Tevian+Jones+G+League+basketball+highlights,https://www.google.com/search?tbm=vid&q=Tevian+Jones+G+League+basketball+highlights,https://www.youtube.com/results?search_query=Tevian+Jones+G+League+basketball+highlights,,True,latest_season_only,E:\Project cba\data\reports\context_feature_topk_predictions.csv,2023-2024,gleague_nba_api,G League,,,,,,none,nba_static_players_name_key,no_confident_unique_match,2026-06-03T12:34:07.238356+00:00
157,Andrew Andrews,andrewandrews,2024-2025,EuroCup,BC Wolves Vilnius,euroleague_api,euroleague_api,common CBA source league pool + rule-based baseline,1.1775575480099514,High-ranked candidate from a common CBA source league with strong usage/scoring profile.,,,25.3061403508772,,,,,,,19.347083087802,0.54216090679053,0.584,,,,,,,,1.0,0,0,,1,-0.5879649150426083,-0.0273685468067201,0.031,-1.0594846491228012,,,,,,,,,,,,,,https://www.google.com/search?q=%22Andrew+Andrews%22+%22EuroCup%22+official+basketball+stats,,https://www.google.com/search?q=site%3Aeuroleaguebasketball.net%2Feuroleague%2Fplayers+%22Andrew+Andrews%22,https://www.google.com/search?q=site%3Aeuroleaguebasketball.net%2Feuroleague%2Fplayers+%22Andrew+Andrews%22,Andrew Andrews EuroCup basketball highlights,https://www.youtube.com/results?search_query=Andrew+Andrews+EuroCup+basketball+highlights,https://www.google.com/search?tbm=vid&q=Andrew+Andrews+EuroCup+basketball+highlights,https://www.youtube.com/results?search_query=Andrew+Andrews+EuroCup+basketball+highlights,,True,latest_season_only,E:\Project cba\data\reports\context_feature_topk_predictions.csv,2019 - 2020,kaggle_49leagues,Turkish-BSL,,,,,,,,,
158,Quincy Olivari,quincyolivari,2024-2025,G League,SBL,gleague_nba_api,gleague_nba_api,common CBA source league pool + rule-based baseline,1.1765822489800293,High-ranked candidate from a common CBA source league with strong usage/scoring profile.,,,34.0,,,,,,,18.52941176470588,0.5077647058823529,0.58,,,,,,,,1.0,0,0,,0,,,,,,,,,,nba_api,,,,,,https://www.nba.com/stats/player/1642439,https://www.nba.com/stats/player/1642439,https://www.google.com/search?q=%22Quincy+Olivari%22+%22G+League%22+official+basketball+stats,https://www.nba.com/stats/player/1642439,,https://www.google.com/search?q=%22Quincy+Olivari%22+%22G+League%22+official+basketball+stats,Quincy Olivari G League basketball highlights,https://www.youtube.com/results?search_query=Quincy+Olivari+G+League+basketball+highlights,https://www.google.com/search?tbm=vid&q=Quincy+Olivari+G+League+basketball+highlights,https://www.youtube.com/results?search_query=Quincy+Olivari+G+League+basketball+highlights,,True,latest_season_only,E:\Project cba\data\reports\context_feature_topk_predictions.csv,2024-2025,gleague_nba_api,G League,1642439.0,,,,,high,exact_player_name_key_unique,matched_static_only_commonplayerinfo_skipped_after_limit_or_failure,2026-06-03T12:34:07.238356+00:00
159,Caleb Homesley,calebhomesley,2024-2025,EuroCup,Club Baloncesto Gran Canaria,euroleague_api,euroleague_api,common CBA source league pool + rule-based baseline,1.1765035670342117,High-ranked candidate from a common CBA source league with strong usage/scoring profile.,,,19.865277777777777,,,,,,,21.565266028105995,0.6419240718730336,0.54,,,,,,,,1.0,0,0,,1,-2.22530231298909,-0.0414091107466706,-0.0249999999999999,-6.464484126984125,,,,,,,,,,,,,,https://www.google.com/search?q=%22Caleb+Homesley%22+%22EuroCup%22+official+basketball+stats,,https://www.google.com/search?q=site%3Aeuroleaguebasketball.net%2Feuroleague%2Fplayers+%22Caleb+Homesley%22,https://www.google.com/search?q=site%3Aeuroleaguebasketball.net%2Feuroleague%2Fplayers+%22Caleb+Homesley%22,Caleb Homesley EuroCup basketball highlights,https://www.youtube.com/results?search_query=Caleb+Homesley+EuroCup+basketball+highlights,https://www.google.com/search?tbm=vid&q=Caleb+Homesley+EuroCup+basketball+highlights,https://www.youtube.com/results?search_query=Caleb+Homesley+EuroCup+basketball+highlights,,True,latest_season_only,E:\Project cba\data\reports\context_feature_topk_predictions.csv,2020-2021,gleague_nba_api,G League,,,,,,,,,
160,Oso Ighodaro,osoighodaro,2024-2025,G League,VAL,gleague_nba_api,gleague_nba_api,common CBA source league pool + rule-based baseline,1.1751736018469818,High-ranked candidate from a common CBA source league with strong usage/scoring profile.,,,26.2,,,,,,,21.98473282442748,0.4980152671755726,0.795,,,,,,,,1.0,0,0,,0,,,,,,,,,,nba_api,,,,,,https://www.nba.com/stats/player/1642345,https://www.nba.com/stats/player/1642345,https://www.google.com/search?q=%22Oso+Ighodaro%22+%22G+League%22+official+basketball+stats,https://www.nba.com/stats/player/1642345,,https://www.google.com/search?q=%22Oso+Ighodaro%22+%22G+League%22+official+basketball+stats,Oso Ighodaro G League basketball highlights,https://www.youtube.com/results?search_query=Oso+Ighodaro+G+League+basketball+highlights,https://www.google.com/search?tbm=vid&q=Oso+Ighodaro+G+League+basketball+highlights,https://www.youtube.com/results?search_query=Oso+Ighodaro+G+League+basketball+highlights,,True,latest_season_only,E:\Project cba\data\reports\context_feature_topk_predictions.csv,2024-2025,gleague_nba_api,G League,1642345.0,,,,,high,exact_player_name_key_unique,matched_static_only_commonplayerinfo_skipped_after_limit_or_failure,2026-06-03T12:34:07.238356+00:00
161,Tornike Shengelia,tornikeshengelia,2024-2025,EuroLeague,Virtus Bologna,euroleague_api,euroleague_api,common CBA source league pool + rule-based baseline,1.1721378059289485,High-ranked candidate from a common CBA source league with strong usage/scoring profile.,,,27.45595238095238,,,,,,,20.45458093049473,0.5770697654251399,0.59,,,,,,,,1.0,0,0,,1,1.4164700793094056,0.0250374936942183,0.005,0.0372655122655096,,,,,,,,,,,,,,https://www.google.com/search?q=%22Tornike+Shengelia%22+%22EuroLeague%22+official+basketball+stats,,https://www.google.com/search?q=site%3Aeuroleaguebasketball.net%2Feuroleague%2Fplayers+%22Tornike+Shengelia%22,https://www.google.com/search?q=site%3Aeuroleaguebasketball.net%2Feuroleague%2Fplayers+%22Tornike+Shengelia%22,Tornike Shengelia EuroLeague basketball highlights,https://www.youtube.com/results?search_query=Tornike+Shengelia+EuroLeague+basketball+highlights,https://www.google.com/search?tbm=vid&q=Tornike+Shengelia+EuroLeague+basketball+highlights,https://www.youtube.com/results?search_query=Tornike+Shengelia+EuroLeague+basketball+highlights,,True,latest_season_only,E:\Project cba\data\reports\context_feature_topk_predictions.csv,2011 - 2012,kaggle_49leagues,Belgium-Scooore-League,,,,,,,,,
162,Xabi Lopez-Arostegui,xabilopezarostegui,2024-2025,EuroCup,Valencia Basket,euroleague_api,euroleague_api,common CBA source league pool + rule-based baseline,1.1682865455563285,High-ranked candidate from a common CBA source league with strong usage/scoring profile.,,,16.621666666666666,,,,,,,22.52481700591597,0.5217286674019854,0.6779999999999999,,,,,,,,1.0,0,0,,1,11.341060660738307,0.172083997351224,0.1509999999999999,0.2049999999999983,,,,,,,,,,,,,,https://www.google.com/search?q=%22Xabi+Lopez-Arostegui%22+%22EuroCup%22+official+basketball+stats,,https://www.google.com/search?q=site%3Aeuroleaguebasketball.net%2Feuroleague%2Fplayers+%22Xabi+Lopez-Arostegui%22,https://www.google.com/search?q=site%3Aeuroleaguebasketball.net%2Feuroleague%2Fplayers+%22Xabi+Lopez-Arostegui%22,Xabi Lopez-Arostegui EuroCup basketball highlights,https://www.youtube.com/results?search_query=Xabi+Lopez-Arostegui+EuroCup+basketball+highlights,https://www.google.com/search?tbm=vid&q=Xabi+Lopez-Arostegui+EuroCup+basketball+highlights,https://www.youtube.com/results?search_query=Xabi+Lopez-Arostegui+EuroCup+basketball+highlights,,True,latest_season_only,E:\Project cba\data\reports\context_feature_topk_predictions.csv,2020-2021,euroleague_api,EuroCup,,,,,,,,,
163,AJ Johnson,ajjohnson,2024-2025,G League,CCG,gleague_nba_api,gleague_nba_api,common CBA source league pool + rule-based baseline,1.1674999612955772,High-ranked candidate from a common CBA source league with strong usage/scoring profile.,,,28.6,,,,,,,17.622377622377623,0.5265734265734265,0.567,,,,,,,,1.0,0,0,,0,,,,,,,,,,nba_api,,,,,,https://www.nba.com/stats/player/1642358,https://www.nba.com/stats/player/1642358,https://www.google.com/search?q=%22AJ+Johnson%22+%22G+League%22+official+basketball+stats,https://www.nba.com/stats/player/1642358,,https://www.google.com/search?q=%22AJ+Johnson%22+%22G+League%22+official+basketball+stats,AJ Johnson G League basketball highlights,https://www.youtube.com/results?search_query=AJ+Johnson+G+League+basketball+highlights,https://www.google.com/search?tbm=vid&q=AJ+Johnson+G+League+basketball+highlights,https://www.youtube.com/results?search_query=AJ+Johnson+G+League+basketball+highlights,,True,latest_season_only,E:\Project cba\data\reports\context_feature_topk_predictions.csv,2024-2025,gleague_nba_api,G League,1642358.0,,,,,high,exact_player_name_key_unique,matched_static_only_commonplayerinfo_skipped_after_limit_or_failure,2026-06-03T12:34:07.238356+00:00
164,Micah Potter,micahpotter,2024-2025,G League,SLC,gleague_nba_api,gleague_nba_api,common CBA source league pool + rule-based baseline,1.1674833975880268,High-ranked candidate from a common CBA source league with strong usage/scoring profile.,,,27.1,,,,,,,19.2619926199262,0.5248708487084871,0.584,,,,,,,,1.0,0,0,,1,-0.1805160908751943,0.0238255525412397,-0.066,-1.599999999999998,,,,,,nba_api,,,,,,https://www.nba.com/stats/player/1630695,https://www.nba.com/stats/player/1630695,https://www.google.com/search?q=%22Micah+Potter%22+%22G+League%22+official+basketball+stats,https://www.nba.com/stats/player/1630695,,https://www.google.com/search?q=%22Micah+Potter%22+%22G+League%22+official+basketball+stats,Micah Potter G League basketball highlights,https://www.youtube.com/results?search_query=Micah+Potter+G+League+basketball+highlights,https://www.google.com/search?tbm=vid&q=Micah+Potter+G+League+basketball+highlights,https://www.youtube.com/results?search_query=Micah+Potter+G+League+basketball+highlights,,True,latest_season_only,E:\Project cba\data\reports\context_feature_topk_predictions.csv,2021-2022,gleague_nba_api,G League,1630695.0,,,,,high,exact_player_name_key_unique,matched_static_only_commonplayerinfo_skipped_after_limit_or_failure,2026-06-03T12:34:07.247083+00:00
165,Dereon Seabron,dereonseabron,2024-2025,G League,SLC,gleague_nba_api,gleague_nba_api,common CBA source league pool + rule-based baseline,1.1656010273097648,High-ranked candidate from a common CBA source league with strong usage/scoring profile.,,,31.2,,,,,,,18.23076923076923,0.533076923076923,0.57,,,,,,,,1.0,0,0,,1,-0.8735252477583764,0.054917413874469,-0.083,-1.400000000000002,,,,,,nba_api,,,,,,https://www.nba.com/stats/player/1631220,https://www.nba.com/stats/player/1631220,https://www.google.com/search?q=%22Dereon+Seabron%22+%22G+League%22+official+basketball+stats,https://www.nba.com/stats/player/1631220,,https://www.google.com/search?q=%22Dereon+Seabron%22+%22G+League%22+official+basketball+stats,Dereon Seabron G League basketball highlights,https://www.youtube.com/results?search_query=Dereon+Seabron+G+League+basketball+highlights,https://www.google.com/search?tbm=vid&q=Dereon+Seabron+G+League+basketball+highlights,https://www.youtube.com/results?search_query=Dereon+Seabron+G+League+basketball+highlights,,True,latest_season_only,E:\Project cba\data\reports\context_feature_topk_predictions.csv,2022-2023,gleague_nba_api,G League,1631220.0,,,,,high,exact_player_name_key_unique,matched_static_only_commonplayerinfo_skipped_after_limit_or_failure,2026-06-03T12:34:07.251093+00:00
166,Nikola Djurisic,nikoladjurisic,2024-2025,G League,CPS,gleague_nba_api,gleague_nba_api,common CBA source league pool + rule-based baseline,1.1653074558739287,High-ranked candidate from a common CBA source league with strong usage/scoring profile.,,,24.8,,,,,,,17.709677419354836,0.6012903225806452,0.529,,,,,,,,1.0,0,0,,0,,,,,,,,,,nba_api,,,,,,,,https://www.google.com/search?q=site%3Anba.com%2Fstats+%22Nikola+Djurisic%22+basketball,,,https://www.google.com/search?q=site%3Anba.com%2Fstats+%22Nikola+Djurisic%22+basketball,Nikola Djurisic G League basketball highlights,https://www.youtube.com/results?search_query=Nikola+Djurisic+G+League+basketball+highlights,https://www.google.com/search?tbm=vid&q=Nikola+Djurisic+G+League+basketball+highlights,https://www.youtube.com/results?search_query=Nikola+Djurisic+G+League+basketball+highlights,,True,latest_season_only,E:\Project cba\data\reports\context_feature_topk_predictions.csv,2024-2025,gleague_nba_api,G League,,,,,,none,nba_static_players_name_key,no_confident_unique_match,2026-06-03T12:34:07.252935+00:00
167,Sasha Vezenkov,sashavezenkov,2024-2025,EuroLeague,Olympiacos Piraeus,euroleague_api,euroleague_api,common CBA source league pool + rule-based baseline,1.1651317731266555,High-ranked candidate from a common CBA source league with strong usage/scoring profile.,,,30.39342105263158,,,,,,,23.452443828737177,0.5184016624096282,0.674,,,,,,,,1.0,0,0,,1,1.78596713889333,0.0233828547041682,0.021,1.1500877192982522,,,,,,,,,,,,,,https://www.google.com/search?q=%22Sasha+Vezenkov%22+%22EuroLeague%22+official+basketball+stats,,https://www.google.com/search?q=site%3Aeuroleaguebasketball.net%2Feuroleague%2Fplayers+%22Sasha+Vezenkov%22,https://www.google.com/search?q=site%3Aeuroleaguebasketball.net%2Feuroleague%2Fplayers+%22Sasha+Vezenkov%22,Sasha Vezenkov EuroLeague basketball highlights,https://www.youtube.com/results?search_query=Sasha+Vezenkov+EuroLeague+basketball+highlights,https://www.google.com/search?tbm=vid&q=Sasha+Vezenkov+EuroLeague+basketball+highlights,https://www.youtube.com/results?search_query=Sasha+Vezenkov+EuroLeague+basketball+highlights,,True,latest_season_only,E:\Project cba\data\reports\context_feature_topk_predictions.csv,2020-2021,euroleague_api,EuroLeague,,,,,,,,,
168,Jarrett Culver,jarrettculver,2024-2025,G League,OSC,gleague_nba_api,gleague_nba_api,common CBA source league pool + rule-based baseline,1.1628905151402362,High-ranked candidate from a common CBA source league with strong usage/scoring profile.,,,27.6,,,,,,,18.13043478260869,0.483623188405797,0.594,,,,,,,,1.0,0,0,,1,-5.236024844720504,-0.1612215320910973,0.021,-4.600000000000001,,,,,,nba_api,,,,,,https://www.nba.com/stats/player/1629633,https://www.nba.com/stats/player/1629633,https://www.google.com/search?q=%22Jarrett+Culver%22+%22G+League%22+official+basketball+stats,https://www.nba.com/stats/player/1629633,,https://www.google.com/search?q=%22Jarrett+Culver%22+%22G+League%22+official+basketball+stats,Jarrett Culver G League basketball highlights,https://www.youtube.com/results?search_query=Jarrett+Culver+G+League+basketball+highlights,https://www.google.com/search?tbm=vid&q=Jarrett+Culver+G+League+basketball+highlights,https://www.youtube.com/results?search_query=Jarrett+Culver+G+League+basketball+highlights,,True,latest_season_only,E:\Project cba\data\reports\context_feature_topk_predictions.csv,2022-2023,gleague_nba_api,G League,1629633.0,,,,,high,exact_player_name_key_unique,matched_static_only_commonplayerinfo_skipped_after_limit_or_failure,2026-06-03T12:34:07.254440+00:00
169,Julian Phillips,julianphillips,2024-2025,G League,WCB,gleague_nba_api,gleague_nba_api,common CBA source league pool + rule-based baseline,1.1626984883287887,High-ranked candidate from a common CBA source league with strong usage/scoring profile.,,,30.3,,,,,,,21.386138613861387,0.6376237623762376,0.466,,,,,,,,1.0,0,0,,1,1.7497749774977471,0.1930783078307831,-0.2399999999999999,-0.5000000000000036,,,,,,nba_api,,,,,,https://www.nba.com/stats/player/1641763,https://www.nba.com/stats/player/1641763,https://www.google.com/search?q=%22Julian+Phillips%22+%22G+League%22+official+basketball+stats,https://www.nba.com/stats/player/1641763,,https://www.google.com/search?q=%22Julian+Phillips%22+%22G+League%22+official+basketball+stats,Julian Phillips G League basketball highlights,https://www.youtube.com/results?search_query=Julian+Phillips+G+League+basketball+highlights,https://www.google.com/search?tbm=vid&q=Julian+Phillips+G+League+basketball+highlights,https://www.youtube.com/results?search_query=Julian+Phillips+G+League+basketball+highlights,,True,latest_season_only,E:\Project cba\data\reports\context_feature_topk_predictions.csv,2023-2024,gleague_nba_api,G League,1641763.0,,,,,high,exact_player_name_key_unique,matched_static_only_commonplayerinfo_skipped_after_limit_or_failure,2026-06-03T12:34:07.256445+00:00
170,Jean Montero,jeanmontero,2024-2025,EuroCup,Valencia Basket,euroleague_api,euroleague_api,common CBA source league pool + rule-based baseline,1.1625642935565497,High-ranked candidate from a common CBA source league with strong usage/scoring profile.,,,22.434313725490195,,,,,,,21.18183804571079,0.6326023685705545,0.546,,,,,,,,1.0,0,0,,0,,,,,,,,,,,,,,,,,,https://www.google.com/search?q=%22Jean+Montero%22+%22EuroCup%22+official+basketball+stats,,https://www.google.com/search?q=site%3Aeuroleaguebasketball.net%2Feuroleague%2Fplayers+%22Jean+Montero%22,https://www.google.com/search?q=site%3Aeuroleaguebasketball.net%2Feuroleague%2Fplayers+%22Jean+Montero%22,Jean Montero EuroCup basketball highlights,https://www.youtube.com/results?search_query=Jean+Montero+EuroCup+basketball+highlights,https://www.google.com/search?tbm=vid&q=Jean+Montero+EuroCup+basketball+highlights,https://www.youtube.com/results?search_query=Jean+Montero+EuroCup+basketball+highlights,,True,latest_season_only,E:\Project cba\data\reports\context_feature_topk_predictions.csv,2024-2025,euroleague_api,EuroCup,,,,,,,,,
171,Tony Bradley,tonybradley,2024-2025,G League,CPS,gleague_nba_api,gleague_nba_api,common CBA source league pool + rule-based baseline,1.1591476595405783,High-ranked candidate from a common CBA source league with strong usage/scoring profile.,,,27.0,,,,,,,22.4,0.4721481481481482,0.761,,,,,,,,1.0,0,0,,1,-1.976681614349772,-0.0639953496096993,0.033,4.699999999999999,,,,,,nba_api,,,,,,https://www.nba.com/stats/player/1628396,https://www.nba.com/stats/player/1628396,https://www.google.com/search?q=%22Tony+Bradley%22+%22G+League%22+official+basketball+stats,https://www.nba.com/stats/player/1628396,,https://www.google.com/search?q=%22Tony+Bradley%22+%22G+League%22+official+basketball+stats,Tony Bradley G League basketball highlights,https://www.youtube.com/results?search_query=Tony+Bradley+G+League+basketball+highlights,https://www.google.com/search?tbm=vid&q=Tony+Bradley+G+League+basketball+highlights,https://www.youtube.com/results?search_query=Tony+Bradley+G+League+basketball+highlights,,True,latest_season_only,E:\Project cba\data\reports\context_feature_topk_predictions.csv,2018-2019,gleague_nba_api,G League,1628396.0,,,,,high,exact_player_name_key_unique,matched_static_only_commonplayerinfo_skipped_after_limit_or_failure,2026-06-03T12:34:07.256445+00:00
172,Jalen Crutcher,jalencrutcher,2024-2025,G League,BHM,gleague_nba_api,gleague_nba_api,common CBA source league pool + rule-based baseline,1.157504598310196,High-ranked candidate from a common CBA source league with strong usage/scoring profile.,,,37.1,,,,,,,18.82479784366577,0.5078167115902965,0.614,,,,,,,,1.0,0,0,,1,2.337841321926639,0.0654978710105864,0.002,2.6000000000000014,,,,,,nba_api,,,,,,https://www.nba.com/stats/player/1630622,https://www.nba.com/stats/player/1630622,https://www.google.com/search?q=%22Jalen+Crutcher%22+%22G+League%22+official+basketball+stats,https://www.nba.com/stats/player/1630622,,https://www.google.com/search?q=%22Jalen+Crutcher%22+%22G+League%22+official+basketball+stats,Jalen Crutcher G League basketball highlights,https://www.youtube.com/results?search_query=Jalen+Crutcher+G+League+basketball+highlights,https://www.google.com/search?tbm=vid&q=Jalen+Crutcher+G+League+basketball+highlights,https://www.youtube.com/results?search_query=Jalen+Crutcher+G+League+basketball+highlights,,True,latest_season_only,E:\Project cba\data\reports\context_feature_topk_predictions.csv,2021-2022,gleague_nba_api,G League,1630622.0,,,,,high,exact_player_name_key_unique,matched_static_only_commonplayerinfo_skipped_after_limit_or_failure,2026-06-03T12:34:07.256445+00:00
173,Boo Buie III,boobuie,2024-2025,G League,WES,gleague_nba_api,gleague_nba_api,common CBA source league pool + rule-based baseline,1.1554460758769445,High-ranked candidate from a common CBA source league with strong usage/scoring profile.,,,21.5,,,,,,,18.586046511627902,0.5285581395348837,0.553,,,,,,,,1.0,0,0,,0,,,,,,,,,,nba_api,,,,,,,,https://www.google.com/search?q=site%3Anba.com%2Fstats+%22Boo+Buie+III%22+basketball,,,https://www.google.com/search?q=site%3Anba.com%2Fstats+%22Boo+Buie+III%22+basketball,Boo Buie III G League basketball highlights,https://www.youtube.com/results?search_query=Boo+Buie+III+G+League+basketball+highlights,https://www.google.com/search?tbm=vid&q=Boo+Buie+III+G+League+basketball+highlights,https://www.youtube.com/results?search_query=Boo+Buie+III+G+League+basketball+highlights,,True,latest_season_only,E:\Project cba\data\reports\context_feature_topk_predictions.csv,2024-2025,gleague_nba_api,G League,,,,,,none,nba_static_players_name_key,no_confident_unique_match,2026-06-03T12:34:07.256445+00:00
174,Terquavion Smith,terquavionsmith,2024-2025,G League,RCR,gleague_nba_api,gleague_nba_api,common CBA source league pool + rule-based baseline,1.1551033567471056,High-ranked candidate from a common CBA source league with strong usage/scoring profile.,,,23.0,,,,,,,19.095652173913045,0.6546086956521739,0.467,,,,,,,,1.0,0,0,,1,-7.553698475437606,-0.0488977978543194,-0.0979999999999999,-7.800000000000001,,,,,,nba_api,,,,,,https://www.nba.com/stats/player/1631173,https://www.nba.com/stats/player/1631173,https://www.google.com/search?q=%22Terquavion+Smith%22+%22G+League%22+official+basketball+stats,https://www.nba.com/stats/player/1631173,,https://www.google.com/search?q=%22Terquavion+Smith%22+%22G+League%22+official+basketball+stats,Terquavion Smith G League basketball highlights,https://www.youtube.com/results?search_query=Terquavion+Smith+G+League+basketball+highlights,https://www.google.com/search?tbm=vid&q=Terquavion+Smith+G+League+basketball+highlights,https://www.youtube.com/results?search_query=Terquavion+Smith+G+League+basketball+highlights,,True,latest_season_only,E:\Project cba\data\reports\context_feature_topk_predictions.csv,2023-2024,gleague_nba_api,G League,1631173.0,,,,,high,exact_player_name_key_unique,matched_static_only_commonplayerinfo_skipped_after_limit_or_failure,2026-06-03T12:34:07.256445+00:00
175,Antoine Davis,antoinedavis,2024-2025,G League,STO,gleague_nba_api,gleague_nba_api,common CBA source league pool + rule-based baseline,1.1536757762731205,High-ranked candidate from a common CBA source league with strong usage/scoring profile.,,,11.2,,,,,,,20.25,0.6496428571428572,0.469,,,,,,,,1.0,0,0,,1,-2.0775261324041843,0.0687369337979094,-0.12,-17.5,,,,,,nba_api,,,,,,,,https://www.google.com/search?q=site%3Anba.com%2Fstats+%22Antoine+Davis%22+basketball,,,https://www.google.com/search?q=site%3Anba.com%2Fstats+%22Antoine+Davis%22+basketball,Antoine Davis G League basketball highlights,https://www.youtube.com/results?search_query=Antoine+Davis+G+League+basketball+highlights,https://www.google.com/search?tbm=vid&q=Antoine+Davis+G+League+basketball+highlights,https://www.youtube.com/results?search_query=Antoine+Davis+G+League+basketball+highlights,,True,latest_season_only,E:\Project cba\data\reports\context_feature_topk_predictions.csv,2023-2024,gleague_nba_api,G League,,,,,,none,nba_static_players_name_key,no_confident_unique_match,2026-06-03T12:34:07.256445+00:00
176,Jack McVeigh,jackmcveigh,2024-2025,G League,RGV,gleague_nba_api,gleague_nba_api,common CBA source league pool + rule-based baseline,1.1536421863737985,High-ranked candidate from a common CBA source league with strong usage/scoring profile.,,,30.7,,,,,,,18.996742671009773,0.4786970684039088,0.596,,,,,,,,1.0,0,0,,0,,,,,,,,,,nba_api,,,,,,https://www.nba.com/stats/player/1629098,https://www.nba.com/stats/player/1629098,https://www.google.com/search?q=%22Jack+McVeigh%22+%22G+League%22+official+basketball+stats,https://www.nba.com/stats/player/1629098,,https://www.google.com/search?q=%22Jack+McVeigh%22+%22G+League%22+official+basketball+stats,Jack McVeigh G League basketball highlights,https://www.youtube.com/results?search_query=Jack+McVeigh+G+League+basketball+highlights,https://www.google.com/search?tbm=vid&q=Jack+McVeigh+G+League+basketball+highlights,https://www.youtube.com/results?search_query=Jack+McVeigh+G+League+basketball+highlights,,True,latest_season_only,E:\Project cba\data\reports\context_feature_topk_predictions.csv,2024-2025,gleague_nba_api,G League,1629098.0,,,,,high,exact_player_name_key_unique,matched_static_only_commonplayerinfo_skipped_after_limit_or_failure,2026-06-03T12:34:07.270116+00:00
177,Craig Porter Jr.,craigporter,2024-2025,G League,CLC,gleague_nba_api,gleague_nba_api,common CBA source league pool + rule-based baseline,1.1535602739863513,High-ranked candidate from a common CBA source league with strong usage/scoring profile.,,,34.0,,,,,,,19.058823529411764,0.5282352941176471,0.604,,,,,,,,1.0,0,0,,1,-4.18293471234648,-0.1278086619263089,-0.035,-2.3999999999999986,,,,,,nba_api,,,,,,https://www.nba.com/stats/player/1641854,https://www.nba.com/stats/player/1641854,https://www.google.com/search?q=%22Craig+Porter+Jr.%22+%22G+League%22+official+basketball+stats,https://www.nba.com/stats/player/1641854,,https://www.google.com/search?q=%22Craig+Porter+Jr.%22+%22G+League%22+official+basketball+stats,Craig Porter Jr. G League basketball highlights,https://www.youtube.com/results?search_query=Craig+Porter+Jr.+G+League+basketball+highlights,https://www.google.com/search?tbm=vid&q=Craig+Porter+Jr.+G+League+basketball+highlights,https://www.youtube.com/results?search_query=Craig+Porter+Jr.+G+League+basketball+highlights,,True,latest_season_only,E:\Project cba\data\reports\context_feature_topk_predictions.csv,2023-2024,gleague_nba_api,G League,1641854.0,,,,,high,exact_player_name_key_unique,matched_static_only_commonplayerinfo_skipped_after_limit_or_failure,2026-06-03T12:34:07.270116+00:00
178,Jaylen Martin,jaylenmartin,2024-2025,G League,CCG,gleague_nba_api,gleague_nba_api,common CBA source league pool + rule-based baseline,1.1535401964617944,High-ranked candidate from a common CBA source league with strong usage/scoring profile.,,,28.0,,,,,,,18.128571428571423,0.4972857142857143,0.542,,,,,,,,1.0,0,0,,1,0.1285714285714227,0.0418385598141697,-0.0859999999999999,3.3999999999999986,,,,,,nba_api,,,,,,https://www.nba.com/stats/player/1641798,https://www.nba.com/stats/player/1641798,https://www.google.com/search?q=%22Jaylen+Martin%22+%22G+League%22+official+basketball+stats,https://www.nba.com/stats/player/1641798,,https://www.google.com/search?q=%22Jaylen+Martin%22+%22G+League%22+official+basketball+stats,Jaylen Martin G League basketball highlights,https://www.youtube.com/results?search_query=Jaylen+Martin+G+League+basketball+highlights,https://www.google.com/search?tbm=vid&q=Jaylen+Martin+G+League+basketball+highlights,https://www.youtube.com/results?search_query=Jaylen+Martin+G+League+basketball+highlights,,True,latest_season_only,E:\Project cba\data\reports\context_feature_topk_predictions.csv,2023-2024,gleague_nba_api,G League,1641798.0,,,,,high,exact_player_name_key_unique,matched_static_only_commonplayerinfo_skipped_after_limit_or_failure,2026-06-03T12:34:07.270116+00:00
179,Miles Norris,milesnorris,2024-2025,G League,MNE,gleague_nba_api,gleague_nba_api,common CBA source league pool + rule-based baseline,1.1528433838698604,High-ranked candidate from a common CBA source league with strong usage/scoring profile.,,,30.4,,,,,,,19.42105263157895,0.4735526315789473,0.616,,,,,,,,1.0,0,0,,1,4.430888697152717,0.1185362381363243,-0.006,-0.1000000000000014,,,,,,nba_api,,,,,,https://www.nba.com/stats/player/1641936,https://www.nba.com/stats/player/1641936,https://www.google.com/search?q=%22Miles+Norris%22+%22G+League%22+official+basketball+stats,https://www.nba.com/stats/player/1641936,,https://www.google.com/search?q=%22Miles+Norris%22+%22G+League%22+official+basketball+stats,Miles Norris G League basketball highlights,https://www.youtube.com/results?search_query=Miles+Norris+G+League+basketball+highlights,https://www.google.com/search?tbm=vid&q=Miles+Norris+G+League+basketball+highlights,https://www.youtube.com/results?search_query=Miles+Norris+G+League+basketball+highlights,,True,latest_season_only,E:\Project cba\data\reports\context_feature_topk_predictions.csv,2023-2024,gleague_nba_api,G League,1641936.0,,,,,high,exact_player_name_key_unique,matched_static_only_commonplayerinfo_skipped_after_limit_or_failure,2026-06-03T12:34:07.277522+00:00
180,Colby Jones,colbyjones,2024-2025,G League,CCG,gleague_nba_api,gleague_nba_api,common CBA source league pool + rule-based baseline,1.150609599877166,High-ranked candidate from a common CBA source league with strong usage/scoring profile.,,,31.2,,,,,,,17.769230769230774,0.5037179487179487,0.571,,,,,,,,1.0,0,0,,1,-1.975921585339865,-0.0411019958803892,-0.039,-4.900000000000002,,,,,,nba_api,,,,,,https://www.nba.com/stats/player/1641732,https://www.nba.com/stats/player/1641732,https://www.google.com/search?q=%22Colby+Jones%22+%22G+League%22+official+basketball+stats,https://www.nba.com/stats/player/1641732,,https://www.google.com/search?q=%22Colby+Jones%22+%22G+League%22+official+basketball+stats,Colby Jones G League basketball highlights,https://www.youtube.com/results?search_query=Colby+Jones+G+League+basketball+highlights,https://www.google.com/search?tbm=vid&q=Colby+Jones+G+League+basketball+highlights,https://www.youtube.com/results?search_query=Colby+Jones+G+League+basketball+highlights,,True,latest_season_only,E:\Project cba\data\reports\context_feature_topk_predictions.csv,2023-2024,gleague_nba_api,G League,1641732.0,,,,,high,exact_player_name_key_unique,matched_static_only_commonplayerinfo_skipped_after_limit_or_failure,2026-06-03T12:34:07.281533+00:00
181,Moses Brown,mosesbrown,2024-2025,G League,WES,gleague_nba_api,gleague_nba_api,common CBA source league pool + rule-based baseline,1.1496896973698532,High-ranked candidate from a common CBA source league with strong usage/scoring profile.,,,32.2,,,,,,,20.459627329192543,0.499503105590062,0.646,,,,,,,,1.0,0,0,,1,4.259627329192544,-0.0914968944099379,0.23,12.200000000000005,,,,,,nba_api,,,,,,https://www.nba.com/stats/player/1629650,https://www.nba.com/stats/player/1629650,https://www.google.com/search?q=%22Moses+Brown%22+%22G+League%22+official+basketball+stats,https://www.nba.com/stats/player/1629650,,https://www.google.com/search?q=%22Moses+Brown%22+%22G+League%22+official+basketball+stats,Moses Brown G League basketball highlights,https://www.youtube.com/results?search_query=Moses+Brown+G+League+basketball+highlights,https://www.google.com/search?tbm=vid&q=Moses+Brown+G+League+basketball+highlights,https://www.youtube.com/results?search_query=Moses+Brown+G+League+basketball+highlights,,True,latest_season_only,E:\Project cba\data\reports\context_feature_topk_predictions.csv,2019-2020,gleague_nba_api,G League,1629650.0,,,,,high,exact_player_name_key_unique,matched_static_only_commonplayerinfo_skipped_after_limit_or_failure,2026-06-03T12:34:07.283537+00:00
182,Feron Hunt,feronhunt,2024-2025,G League,CLC,gleague_nba_api,gleague_nba_api,common CBA source league pool + rule-based baseline,1.1494625046317386,High-ranked candidate from a common CBA source league with strong usage/scoring profile.,,,35.0,,,,,,,18.822857142857146,0.5032000000000001,0.597,,,,,,,,1.0,0,0,,1,-0.2359663865546188,-0.0956235294117645,0.0349999999999999,14.6,,,,,,nba_api,,,,,,https://www.nba.com/stats/player/1630624,https://www.nba.com/stats/player/1630624,https://www.google.com/search?q=%22Feron+Hunt%22+%22G+League%22+official+basketball+stats,https://www.nba.com/stats/player/1630624,,https://www.google.com/search?q=%22Feron+Hunt%22+%22G+League%22+official+basketball+stats,Feron Hunt G League basketball highlights,https://www.youtube.com/results?search_query=Feron+Hunt+G+League+basketball+highlights,https://www.google.com/search?tbm=vid&q=Feron+Hunt+G+League+basketball+highlights,https://www.youtube.com/results?search_query=Feron+Hunt+G+League+basketball+highlights,,True,latest_season_only,E:\Project cba\data\reports\context_feature_topk_predictions.csv,2021-2022,gleague_nba_api,G League,1630624.0,,,,,high,exact_player_name_key_unique,matched_static_only_commonplayerinfo_skipped_after_limit_or_failure,2026-06-03T12:34:07.285542+00:00
183,Keaton Wallace,keatonwallace,2024-2025,G League,CPS,gleague_nba_api,gleague_nba_api,common CBA source league pool + rule-based baseline,1.147817372063169,High-ranked candidate from a common CBA source league with strong usage/scoring profile.,,,31.5,,,,,,,18.4,0.5064126984126983,0.575,,,,,,,,1.0,0,0,,1,2.27730061349693,0.0743881585353977,-0.012,-1.1000000000000014,,,,,,nba_api,,,,,,https://www.nba.com/stats/player/1630811,https://www.nba.com/stats/player/1630811,https://www.google.com/search?q=%22Keaton+Wallace%22+%22G+League%22+official+basketball+stats,https://www.nba.com/stats/player/1630811,,https://www.google.com/search?q=%22Keaton+Wallace%22+%22G+League%22+official+basketball+stats,Keaton Wallace G League basketball highlights,https://www.youtube.com/results?search_query=Keaton+Wallace+G+League+basketball+highlights,https://www.google.com/search?tbm=vid&q=Keaton+Wallace+G+League+basketball+highlights,https://www.youtube.com/results?search_query=Keaton+Wallace+G+League+basketball+highlights,,True,latest_season_only,E:\Project cba\data\reports\context_feature_topk_predictions.csv,2021-2022,gleague_nba_api,G League,1630811.0,,,,,high,exact_player_name_key_unique,matched_static_only_commonplayerinfo_skipped_after_limit_or_failure,2026-06-03T12:34:07.285542+00:00
184,Tyson Etienne,tysonetienne,2024-2025,G League,LIN,gleague_nba_api,gleague_nba_api,common CBA source league pool + rule-based baseline,1.1465319744680071,High-ranked candidate from a common CBA source league with strong usage/scoring profile.,,,35.8,,,,,,,19.709497206703915,0.4500558659217878,0.668,,,,,,,,1.0,0,0,,1,4.734707290737527,0.0108962020562417,0.1039999999999999,11.999999999999996,,,,,,nba_api,,,,,,https://www.nba.com/stats/player/1630623,https://www.nba.com/stats/player/1630623,https://www.google.com/search?q=%22Tyson+Etienne%22+%22G+League%22+official+basketball+stats,https://www.nba.com/stats/player/1630623,,https://www.google.com/search?q=%22Tyson+Etienne%22+%22G+League%22+official+basketball+stats,Tyson Etienne G League basketball highlights,https://www.youtube.com/results?search_query=Tyson+Etienne+G+League+basketball+highlights,https://www.google.com/search?tbm=vid&q=Tyson+Etienne+G+League+basketball+highlights,https://www.youtube.com/results?search_query=Tyson+Etienne+G+League+basketball+highlights,,True,latest_season_only,E:\Project cba\data\reports\context_feature_topk_predictions.csv,2022-2023,gleague_nba_api,G League,1630623.0,,,,,high,exact_player_name_key_unique,matched_static_only_commonplayerinfo_skipped_after_limit_or_failure,2026-06-03T12:34:07.285542+00:00
185,Sylvain Francisco,sylvainfrancisco,2024-2025,EuroLeague,Zalgiris Kaunas,euroleague_api,euroleague_api,common CBA source league pool + rule-based baseline,1.1456155205609115,High-ranked candidate from a common CBA source league with strong usage/scoring profile.,,,25.49117647058824,,,,,,,20.61889927310488,0.621548401984539,0.562,,,,,,,,1.0,0,0,,1,0.8365250782051596,0.0438367195213248,0.023,6.201277480689249,,,,,,,,,,,,,,https://www.google.com/search?q=%22Sylvain+Francisco%22+%22EuroLeague%22+official+basketball+stats,,https://www.google.com/search?q=site%3Aeuroleaguebasketball.net%2Feuroleague%2Fplayers+%22Sylvain+Francisco%22,https://www.google.com/search?q=site%3Aeuroleaguebasketball.net%2Feuroleague%2Fplayers+%22Sylvain+Francisco%22,Sylvain Francisco EuroLeague basketball highlights,https://www.youtube.com/results?search_query=Sylvain+Francisco+EuroLeague+basketball+highlights,https://www.google.com/search?tbm=vid&q=Sylvain+Francisco+EuroLeague+basketball+highlights,https://www.youtube.com/results?search_query=Sylvain+Francisco+EuroLeague+basketball+highlights,,True,latest_season_only,E:\Project cba\data\reports\context_feature_topk_predictions.csv,2017 - 2018,kaggle_49leagues,Eurocup,,,,,,,,,
186,Devon Dotson,devondotson,2024-2025,EuroCup,Club Joventut Badalona,euroleague_api,euroleague_api,common CBA source league pool + rule-based baseline,1.145527371737328,High-ranked candidate from a common CBA source league with strong usage/scoring profile.,,,25.46770833333333,,,,,,,19.36570002863103,0.5552128921428279,0.5710000000000001,,,,,,,,1.0,0,0,,1,1.5427492089588988,0.1017046954215163,-0.0859999999999999,-5.032291666666669,,,,,,,,,,,,,,https://www.google.com/search?q=%22Devon+Dotson%22+%22EuroCup%22+official+basketball+stats,,https://www.google.com/search?q=site%3Aeuroleaguebasketball.net%2Feuroleague%2Fplayers+%22Devon+Dotson%22,https://www.google.com/search?q=site%3Aeuroleaguebasketball.net%2Feuroleague%2Fplayers+%22Devon+Dotson%22,Devon Dotson EuroCup basketball highlights,https://www.youtube.com/results?search_query=Devon+Dotson+EuroCup+basketball+highlights,https://www.google.com/search?tbm=vid&q=Devon+Dotson+EuroCup+basketball+highlights,https://www.youtube.com/results?search_query=Devon+Dotson+EuroCup+basketball+highlights,,True,latest_season_only,E:\Project cba\data\reports\context_feature_topk_predictions.csv,2020-2021,gleague_nba_api,G League,,,,,,,,,
187,Terry Taylor,terrytaylor,2024-2025,G League,STO,gleague_nba_api,gleague_nba_api,common CBA source league pool + rule-based baseline,1.1435222651017185,High-ranked candidate from a common CBA source league with strong usage/scoring profile.,,,34.8,,,,,,,18.517241379310345,0.5033333333333333,0.569,,,,,,,,1.0,0,0,,1,-2.054187192118228,0.0053741496598641,-0.039,0.5,,,,,,nba_api,,,,,,https://www.nba.com/stats/player/1630678,https://www.nba.com/stats/player/1630678,https://www.google.com/search?q=%22Terry+Taylor%22+%22G+League%22+official+basketball+stats,https://www.nba.com/stats/player/1630678,,https://www.google.com/search?q=%22Terry+Taylor%22+%22G+League%22+official+basketball+stats,Terry Taylor G League basketball highlights,https://www.youtube.com/results?search_query=Terry+Taylor+G+League+basketball+highlights,https://www.google.com/search?tbm=vid&q=Terry+Taylor+G+League+basketball+highlights,https://www.youtube.com/results?search_query=Terry+Taylor+G+League+basketball+highlights,,True,latest_season_only,E:\Project cba\data\reports\context_feature_topk_predictions.csv,2021-2022,gleague_nba_api,G League,1630678.0,,,,,high,exact_player_name_key_unique,matched_static_only_commonplayerinfo_skipped_after_limit_or_failure,2026-06-03T12:34:07.285542+00:00
188,Juan Toscano-Anderson,juantoscanoanderson,2024-2025,G League,MXC,gleague_nba_api,gleague_nba_api,common CBA source league pool + rule-based baseline,1.1426620810414474,High-ranked candidate from a common CBA source league with strong usage/scoring profile.,,,34.7,,,,,,,17.844380403458214,0.5247262247838616,0.556,,,,,,,,1.0,0,0,,1,2.0202045792823853,0.0148361148937516,-0.0509999999999999,7.400000000000002,,,,,,nba_api,,,,,,https://www.nba.com/stats/player/1629308,https://www.nba.com/stats/player/1629308,https://www.google.com/search?q=%22Juan+Toscano-Anderson%22+%22G+League%22+official+basketball+stats,https://www.nba.com/stats/player/1629308,,https://www.google.com/search?q=%22Juan+Toscano-Anderson%22+%22G+League%22+official+basketball+stats,Juan Toscano-Anderson G League basketball highlights,https://www.youtube.com/results?search_query=Juan+Toscano-Anderson+G+League+basketball+highlights,https://www.google.com/search?tbm=vid&q=Juan+Toscano-Anderson+G+League+basketball+highlights,https://www.youtube.com/results?search_query=Juan+Toscano-Anderson+G+League+basketball+highlights,,True,latest_season_only,E:\Project cba\data\reports\context_feature_topk_predictions.csv,2015 - 2016,kaggle_49leagues,Mexican-LNBP,1629308.0,,,,,high,exact_player_name_key_unique,matched_static_only_commonplayerinfo_skipped_after_limit_or_failure,2026-06-03T12:34:07.285542+00:00
189,Cole Swider,coleswider,2024-2025,G League,SBL,gleague_nba_api,gleague_nba_api,common CBA source league pool + rule-based baseline,1.142596432923058,High-ranked candidate from a common CBA source league with strong usage/scoring profile.,,,35.6,,,,,,,20.93258426966292,0.4470786516853932,0.683,,,,,,,,1.0,0,0,,1,-1.818684765870077,-0.0477436833399875,-0.0469999999999999,-3.799999999999997,,,,,,nba_api,,,,,,https://www.nba.com/stats/player/1631306,https://www.nba.com/stats/player/1631306,https://www.google.com/search?q=%22Cole+Swider%22+%22G+League%22+official+basketball+stats,https://www.nba.com/stats/player/1631306,,https://www.google.com/search?q=%22Cole+Swider%22+%22G+League%22+official+basketball+stats,Cole Swider G League basketball highlights,https://www.youtube.com/results?search_query=Cole+Swider+G+League+basketball+highlights,https://www.google.com/search?tbm=vid&q=Cole+Swider+G+League+basketball+highlights,https://www.youtube.com/results?search_query=Cole+Swider+G+League+basketball+highlights,,True,latest_season_only,E:\Project cba\data\reports\context_feature_topk_predictions.csv,2022-2023,gleague_nba_api,G League,1631306.0,,,,,high,exact_player_name_key_unique,matched_static_only_commonplayerinfo_skipped_after_limit_or_failure,2026-06-03T12:34:07.285542+00:00
190,Jahlil Okafor,jahlilokafor,2024-2025,G League,IMA,gleague_nba_api,gleague_nba_api,common CBA source league pool + rule-based baseline,1.140944444815548,Returning-import candidate with prior CBA experience and strong source-league/pathway signal.,,,31.8,,,,,,,20.26415094339622,0.4588679245283018,0.736,,,,,,,,1.0,1,1,3.0,0,,,,,,,,,,nba_api,,,,,,https://www.nba.com/stats/player/1626143,https://www.nba.com/stats/player/1626143,https://www.google.com/search?q=%22Jahlil+Okafor%22+%22G+League%22+official+basketball+stats,https://www.nba.com/stats/player/1626143,,https://www.google.com/search?q=%22Jahlil+Okafor%22+%22G+League%22+official+basketball+stats,Jahlil Okafor G League basketball highlights,https://www.youtube.com/results?search_query=Jahlil+Okafor+G+League+basketball+highlights,https://www.google.com/search?tbm=vid&q=Jahlil+Okafor+G+League+basketball+highlights,https://www.youtube.com/results?search_query=Jahlil+Okafor+G+League+basketball+highlights,Jahlil Okafor CBA basketball highlights,True,latest_season_only,E:\Project cba\data\reports\context_feature_topk_predictions.csv,2024-2025,gleague_nba_api,G League,1626143.0,,,,,high,exact_player_name_key_unique,matched_static_only_commonplayerinfo_skipped_after_limit_or_failure,2026-06-03T12:34:07.303245+00:00
191,Eric Gaines,ericgaines,2024-2025,G League,WCB,gleague_nba_api,gleague_nba_api,common CBA source league pool + rule-based baseline,1.1405514012324196,High-ranked candidate from a common CBA source league with strong usage/scoring profile.,,,21.0,,,,,,,17.828571428571426,0.5373333333333334,0.556,,,,,,,,1.0,0,0,,0,,,,,,,,,,nba_api,,,,,,,,https://www.google.com/search?q=site%3Anba.com%2Fstats+%22Eric+Gaines%22+basketball,,,https://www.google.com/search?q=site%3Anba.com%2Fstats+%22Eric+Gaines%22+basketball,Eric Gaines G League basketball highlights,https://www.youtube.com/results?search_query=Eric+Gaines+G+League+basketball+highlights,https://www.google.com/search?tbm=vid&q=Eric+Gaines+G+League+basketball+highlights,https://www.youtube.com/results?search_query=Eric+Gaines+G+League+basketball+highlights,,True,latest_season_only,E:\Project cba\data\reports\context_feature_topk_predictions.csv,2024-2025,gleague_nba_api,G League,,,,,,none,nba_static_players_name_key,no_confident_unique_match,2026-06-03T12:34:07.305251+00:00
192,Fletcher Magee,fletchermagee,2024-2025,EuroCup,KK Buducnost,euroleague_api,euroleague_api,common CBA source league pool + rule-based baseline,1.1345216733423384,High-ranked candidate from a common CBA source league with strong usage/scoring profile.,,,17.746491228070177,,,,,,,23.12569818595225,0.5184123375018536,0.701,,,,,,,,1.0,0,0,,1,9.75224792892171,0.0922073178465768,0.2349999999999999,0.7875168690958176,,,,,,,,,,,,,,https://www.google.com/search?q=%22Fletcher+Magee%22+%22EuroCup%22+official+basketball+stats,,https://www.google.com/search?q=site%3Aeuroleaguebasketball.net%2Feuroleague%2Fplayers+%22Fletcher+Magee%22,https://www.google.com/search?q=site%3Aeuroleaguebasketball.net%2Feuroleague%2Fplayers+%22Fletcher+Magee%22,Fletcher Magee EuroCup basketball highlights,https://www.youtube.com/results?search_query=Fletcher+Magee+EuroCup+basketball+highlights,https://www.google.com/search?tbm=vid&q=Fletcher+Magee+EuroCup+basketball+highlights,https://www.youtube.com/results?search_query=Fletcher+Magee+EuroCup+basketball+highlights,,True,latest_season_only,E:\Project cba\data\reports\context_feature_topk_predictions.csv,2019 - 2020,kaggle_49leagues,Spanish-ACB,,,,,,,,,
193,Ruben Nembhard Jr.,rubennembhard,2024-2025,G League,CCG,gleague_nba_api,gleague_nba_api,common CBA source league pool + rule-based baseline,1.1342302275465848,High-ranked candidate from a common CBA source league with strong usage/scoring profile.,,,33.0,,,,,,,18.76363636363636,0.476,0.694,,,,,,,,1.0,0,0,,1,7.371231300345219,0.0135527426160336,0.2730000000000001,9.3,,,,,,nba_api,,,,,,,,https://www.google.com/search?q=site%3Anba.com%2Fstats+%22Ruben+Nembhard+Jr.%22+basketball,,,https://www.google.com/search?q=site%3Anba.com%2Fstats+%22Ruben+Nembhard+Jr.%22+basketball,Ruben Nembhard Jr. G League basketball highlights,https://www.youtube.com/results?search_query=Ruben+Nembhard+Jr.+G+League+basketball+highlights,https://www.google.com/search?tbm=vid&q=Ruben+Nembhard+Jr.+G+League+basketball+highlights,https://www.youtube.com/results?search_query=Ruben+Nembhard+Jr.+G+League+basketball+highlights,,True,latest_season_only,E:\Project cba\data\reports\context_feature_topk_predictions.csv,2021-2022,gleague_nba_api,G League,,,,,,low,nba_static_players_name_key,no_confident_unique_match,2026-06-03T12:34:07.305251+00:00
194,El Ellis,elellis,2024-2025,G League,IWA,gleague_nba_api,gleague_nba_api,common CBA source league pool + rule-based baseline,1.1340283448865804,High-ranked candidate from a common CBA source league with strong usage/scoring profile.,,,33.2,,,,,,,18.000000000000004,0.5127710843373494,0.545,,,,,,,,1.0,0,0,,0,,,,,,,,,,nba_api,,,,,,,,https://www.google.com/search?q=site%3Anba.com%2Fstats+%22El+Ellis%22+basketball,,,https://www.google.com/search?q=site%3Anba.com%2Fstats+%22El+Ellis%22+basketball,El Ellis G League basketball highlights,https://www.youtube.com/results?search_query=El+Ellis+G+League+basketball+highlights,https://www.google.com/search?tbm=vid&q=El+Ellis+G+League+basketball+highlights,https://www.youtube.com/results?search_query=El+Ellis+G+League+basketball+highlights,,True,latest_season_only,E:\Project cba\data\reports\context_feature_topk_predictions.csv,2024-2025,gleague_nba_api,G League,,,,,,none,nba_static_players_name_key,no_confident_unique_match,2026-06-03T12:34:07.305251+00:00
195,Alfonso Plummer,alfonsoplummer,2024-2025,EuroCup,ratiopharm ulm,euroleague_api,euroleague_api,common CBA source league pool + rule-based baseline,1.133440108255531,High-ranked candidate from a common CBA source league with strong usage/scoring profile.,,,20.01078431372549,,,,,,,20.50894125716525,0.527515555337808,0.624,,,,,,,,1.0,0,0,,0,,,,,,,,,,,,,,,,,,https://www.google.com/search?q=%22Alfonso+Plummer%22+%22EuroCup%22+official+basketball+stats,,https://www.google.com/search?q=site%3Aeuroleaguebasketball.net%2Feuroleague%2Fplayers+%22Alfonso+Plummer%22,https://www.google.com/search?q=site%3Aeuroleaguebasketball.net%2Feuroleague%2Fplayers+%22Alfonso+Plummer%22,Alfonso Plummer EuroCup basketball highlights,https://www.youtube.com/results?search_query=Alfonso+Plummer+EuroCup+basketball+highlights,https://www.google.com/search?tbm=vid&q=Alfonso+Plummer+EuroCup+basketball+highlights,https://www.youtube.com/results?search_query=Alfonso+Plummer+EuroCup+basketball+highlights,,True,latest_season_only,E:\Project cba\data\reports\context_feature_topk_predictions.csv,2024-2025,euroleague_api,EuroCup,,,,,,,,,
196,Kennedy Chandler,kennedychandler,2024-2025,G League,RAP,gleague_nba_api,gleague_nba_api,common CBA source league pool + rule-based baseline,1.1331690722887204,High-ranked candidate from a common CBA source league with strong usage/scoring profile.,,,21.4,,,,,,,18.168224299065425,0.5168224299065423,0.573,,,,,,,,1.0,0,0,,1,-0.8905992303463393,-0.0081775700934577,-0.009,-5.800000000000001,,,,,,nba_api,,,,,,https://www.nba.com/stats/player/1631113,https://www.nba.com/stats/player/1631113,https://www.google.com/search?q=%22Kennedy+Chandler%22+%22G+League%22+official+basketball+stats,https://www.nba.com/stats/player/1631113,,https://www.google.com/search?q=%22Kennedy+Chandler%22+%22G+League%22+official+basketball+stats,Kennedy Chandler G League basketball highlights,https://www.youtube.com/results?search_query=Kennedy+Chandler+G+League+basketball+highlights,https://www.google.com/search?tbm=vid&q=Kennedy+Chandler+G+League+basketball+highlights,https://www.youtube.com/results?search_query=Kennedy+Chandler+G+League+basketball+highlights,,True,latest_season_only,E:\Project cba\data\reports\context_feature_topk_predictions.csv,2022-2023,gleague_nba_api,G League,1631113.0,,,,,high,exact_player_name_key_unique,matched_static_only_commonplayerinfo_skipped_after_limit_or_failure,2026-06-03T12:34:07.308460+00:00
197,Skal Labissiere,skallabissiere,2024-2025,G League,STO,gleague_nba_api,gleague_nba_api,common CBA source league pool + rule-based baseline,1.1317558420914142,High-ranked candidate from a common CBA source league with strong usage/scoring profile.,,,29.1,,,,,,,19.91752577319588,0.4430240549828177,0.672,,,,,,,,1.0,0,0,,1,-1.009809866942529,-0.0296403048787738,-0.0099999999999998,0.2000000000000028,,,,,,nba_api,,,,,,https://www.nba.com/stats/player/1627746,https://www.nba.com/stats/player/1627746,https://www.google.com/search?q=%22Skal+Labissiere%22+%22G+League%22+official+basketball+stats,https://www.nba.com/stats/player/1627746,,https://www.google.com/search?q=%22Skal+Labissiere%22+%22G+League%22+official+basketball+stats,Skal Labissiere G League basketball highlights,https://www.youtube.com/results?search_query=Skal+Labissiere+G+League+basketball+highlights,https://www.google.com/search?tbm=vid&q=Skal+Labissiere+G+League+basketball+highlights,https://www.youtube.com/results?search_query=Skal+Labissiere+G+League+basketball+highlights,,True,latest_season_only,E:\Project cba\data\reports\context_feature_topk_predictions.csv,2020-2021,gleague_nba_api,G League,1627746.0,,,,,high,exact_player_name_key_unique,matched_static_only_commonplayerinfo_skipped_after_limit_or_failure,2026-06-03T12:34:07.310464+00:00
198,Dzanan Musa,dzananmusa,2024-2025,EuroLeague,Real Madrid,euroleague_api,euroleague_api,common CBA source league pool + rule-based baseline,1.1312572526710325,High-ranked candidate from a common CBA source league with strong usage/scoring profile.,,,21.78619047619048,,,,,,,20.159559353893897,0.5377718519813774,0.609,,,,,,,,1.0,0,0,,1,-2.9654276027185738,-0.0039047972245409,-0.055,0.7699624060150398,,,,,,,,,,,,,,https://www.google.com/search?q=%22Dzanan+Musa%22+%22EuroLeague%22+official+basketball+stats,,https://www.google.com/search?q=site%3Aeuroleaguebasketball.net%2Feuroleague%2Fplayers+%22Dzanan+Musa%22,https://www.google.com/search?q=site%3Aeuroleaguebasketball.net%2Feuroleague%2Fplayers+%22Dzanan+Musa%22,Dzanan Musa EuroLeague basketball highlights,https://www.youtube.com/results?search_query=Dzanan+Musa+EuroLeague+basketball+highlights,https://www.google.com/search?tbm=vid&q=Dzanan+Musa+EuroLeague+basketball+highlights,https://www.youtube.com/results?search_query=Dzanan+Musa+EuroLeague+basketball+highlights,,True,latest_season_only,E:\Project cba\data\reports\context_feature_topk_predictions.csv,2016 - 2017,kaggle_49leagues,Croatian-A-1-Liga,,,,,,,,,
199,Lamar Stevens,lamarstevens,2024-2025,G League,MCC,gleague_nba_api,gleague_nba_api,common CBA source league pool + rule-based baseline,1.130952401519555,High-ranked candidate from a common CBA source league with strong usage/scoring profile.,,,34.5,,,,,,,17.94782608695652,0.5346086956521738,0.55,,,,,,,,1.0,0,0,,0,,,,,,,,,,nba_api,,,,,,https://www.nba.com/stats/player/1630205,https://www.nba.com/stats/player/1630205,https://www.google.com/search?q=%22Lamar+Stevens%22+%22G+League%22+official+basketball+stats,https://www.nba.com/stats/player/1630205,,https://www.google.com/search?q=%22Lamar+Stevens%22+%22G+League%22+official+basketball+stats,Lamar Stevens G League basketball highlights,https://www.youtube.com/results?search_query=Lamar+Stevens+G+League+basketball+highlights,https://www.google.com/search?tbm=vid&q=Lamar+Stevens+G+League+basketball+highlights,https://www.youtube.com/results?search_query=Lamar+Stevens+G+League+basketball+highlights,,True,latest_season_only,E:\Project cba\data\reports\context_feature_topk_predictions.csv,2024-2025,gleague_nba_api,G League,1630205.0,,,,,high,exact_player_name_key_unique,matched_static_only_commonplayerinfo_skipped_after_limit_or_failure,2026-06-03T12:34:07.312469+00:00
200,Bryson Warren,brysonwarren,2024-2025,G League,SXF,gleague_nba_api,gleague_nba_api,common CBA source league pool + rule-based baseline,1.1305441570276724,High-ranked candidate from a common CBA source league with strong usage/scoring profile.,,,28.5,,,,,,,17.557894736842105,0.4945964912280702,0.567,,,,,,,,1.0,0,0,,1,3.231364124597208,0.0445964912280703,0.0589999999999999,8.899999999999999,,,,,,nba_api,,,,,,,,https://www.google.com/search?q=site%3Anba.com%2Fstats+%22Bryson+Warren%22+basketball,,,https://www.google.com/search?q=site%3Anba.com%2Fstats+%22Bryson+Warren%22+basketball,Bryson Warren G League basketball highlights,https://www.youtube.com/results?search_query=Bryson+Warren+G+League+basketball+highlights,https://www.google.com/search?tbm=vid&q=Bryson+Warren+G+League+basketball+highlights,https://www.youtube.com/results?search_query=Bryson+Warren+G+League+basketball+highlights,,True,latest_season_only,E:\Project cba\data\reports\context_feature_topk_predictions.csv,2023-2024,gleague_nba_api,G League,,,,,,none,nba_static_players_name_key,no_confident_unique_match,2026-06-03T12:34:07.312469+00:00
201,Kevion Nolan,kevionnolan,2024-2025,G League,SDC,gleague_nba_api,gleague_nba_api,common CBA source league pool + rule-based baseline,1.1252645665283485,High-ranked candidate from a common CBA source league with strong usage/scoring profile.,,,26.8,,,,,,,17.059701492537307,0.5452238805970149,0.583,,,,,,,,1.0,0,0,,1,8.213987206823022,0.2062524520255862,0.1129999999999999,9.3,,,,,,nba_api,,,,,,,,https://www.google.com/search?q=site%3Anba.com%2Fstats+%22Kevion+Nolan%22+basketball,,,https://www.google.com/search?q=site%3Anba.com%2Fstats+%22Kevion+Nolan%22+basketball,Kevion Nolan G League basketball highlights,https://www.youtube.com/results?search_query=Kevion+Nolan+G+League+basketball+highlights,https://www.google.com/search?tbm=vid&q=Kevion+Nolan+G+League+basketball+highlights,https://www.youtube.com/results?search_query=Kevion+Nolan+G+League+basketball+highlights,,True,latest_season_only,E:\Project cba\data\reports\context_feature_topk_predictions.csv,2023-2024,gleague_nba_api,G League,,,,,,none,nba_static_players_name_key,no_confident_unique_match,2026-06-03T12:34:07.316989+00:00
202,Kyle Wiltjer,kylewiltjer,2024-2025,EuroCup,Umana Reyer Venice,euroleague_api,euroleague_api,common CBA source league pool + rule-based baseline,1.1249009693039058,Returning-import candidate with prior CBA experience and strong source-league/pathway signal.,,,21.20462962962963,,,,,,,20.03336098860312,0.5349775118990437,0.562,,,,,,,,1.0,1,1,2.0,1,-0.0558328364397588,0.0719014684456417,-0.0939999999999998,-0.6578703703703717,,,,,,,,,,,,,,https://www.google.com/search?q=%22Kyle+Wiltjer%22+%22EuroCup%22+official+basketball+stats,,https://www.google.com/search?q=site%3Aeuroleaguebasketball.net%2Feuroleague%2Fplayers+%22Kyle+Wiltjer%22,https://www.google.com/search?q=site%3Aeuroleaguebasketball.net%2Feuroleague%2Fplayers+%22Kyle+Wiltjer%22,Kyle Wiltjer EuroCup basketball highlights,https://www.youtube.com/results?search_query=Kyle+Wiltjer+EuroCup+basketball+highlights,https://www.google.com/search?tbm=vid&q=Kyle+Wiltjer+EuroCup+basketball+highlights,https://www.youtube.com/results?search_query=Kyle+Wiltjer+EuroCup+basketball+highlights,Kyle Wiltjer CBA basketball highlights,True,latest_season_only,E:\Project cba\data\reports\context_feature_topk_predictions.csv,2018 - 2019,kaggle_49leagues,Spanish-ACB,,,,,,,,,
203,Jaylon Tyson,jaylontyson,2024-2025,G League,CLC,gleague_nba_api,gleague_nba_api,common CBA source league pool + rule-based baseline,1.1232677403104885,High-ranked candidate from a common CBA source league with strong usage/scoring profile.,,,34.0,,,,,,,17.788235294117648,0.5167058823529412,0.638,,,,,,,,1.0,0,0,,0,,,,,,,,,,nba_api,,,,,,https://www.nba.com/stats/player/1642281,https://www.nba.com/stats/player/1642281,https://www.google.com/search?q=%22Jaylon+Tyson%22+%22G+League%22+official+basketball+stats,https://www.nba.com/stats/player/1642281,,https://www.google.com/search?q=%22Jaylon+Tyson%22+%22G+League%22+official+basketball+stats,Jaylon Tyson G League basketball highlights,https://www.youtube.com/results?search_query=Jaylon+Tyson+G+League+basketball+highlights,https://www.google.com/search?tbm=vid&q=Jaylon+Tyson+G+League+basketball+highlights,https://www.youtube.com/results?search_query=Jaylon+Tyson+G+League+basketball+highlights,,True,latest_season_only,E:\Project cba\data\reports\context_feature_topk_predictions.csv,2024-2025,gleague_nba_api,G League,1642281.0,,,,,high,exact_player_name_key_unique,matched_static_only_commonplayerinfo_skipped_after_limit_or_failure,2026-06-03T12:34:07.316989+00:00
204,"Kevin Cross, Jr.",kevincross,2024-2025,G League,RGV,gleague_nba_api,gleague_nba_api,common CBA source league pool + rule-based baseline,1.1213014435484792,High-ranked candidate from a common CBA source league with strong usage/scoring profile.,,,15.4,,,,,,,19.402597402597404,0.5293506493506493,0.589,,,,,,,,1.0,0,0,,0,,,,,,,,,,nba_api,,,,,,,,https://www.google.com/search?q=site%3Anba.com%2Fstats+%22Kevin+Cross%2C+Jr.%22+basketball,,,https://www.google.com/search?q=site%3Anba.com%2Fstats+%22Kevin+Cross%2C+Jr.%22+basketball,"Kevin Cross, Jr. G League basketball highlights",https://www.youtube.com/results?search_query=Kevin+Cross%2C+Jr.+G+League+basketball+highlights,https://www.google.com/search?tbm=vid&q=Kevin+Cross%2C+Jr.+G+League+basketball+highlights,https://www.youtube.com/results?search_query=Kevin+Cross%2C+Jr.+G+League+basketball+highlights,,True,latest_season_only,E:\Project cba\data\reports\context_feature_topk_predictions.csv,2024-2025,gleague_nba_api,G League,,,,,,none,nba_static_players_name_key,no_confident_unique_match,2026-06-03T12:34:07.321190+00:00
205,Elijah Bryant,elijahbryant,2024-2025,EuroLeague,Anadolu Efes Istanbul,euroleague_api,euroleague_api,common CBA source league pool + rule-based baseline,1.1200462793503572,High-ranked candidate from a common CBA source league with strong usage/scoring profile.,,,27.03245614035088,,,,,,,18.377908297368336,0.5355044293733978,0.565,,,,,,,,1.0,0,0,,1,2.268213929456504,0.0797089529845979,-0.016,5.35606725146199,,,,,,,,,,,,,,https://www.google.com/search?q=%22Elijah+Bryant%22+%22EuroLeague%22+official+basketball+stats,,https://www.google.com/search?q=site%3Aeuroleaguebasketball.net%2Feuroleague%2Fplayers+%22Elijah+Bryant%22,https://www.google.com/search?q=site%3Aeuroleaguebasketball.net%2Feuroleague%2Fplayers+%22Elijah+Bryant%22,Elijah Bryant EuroLeague basketball highlights,https://www.youtube.com/results?search_query=Elijah+Bryant+EuroLeague+basketball+highlights,https://www.google.com/search?tbm=vid&q=Elijah+Bryant+EuroLeague+basketball+highlights,https://www.youtube.com/results?search_query=Elijah+Bryant+EuroLeague+basketball+highlights,,True,latest_season_only,E:\Project cba\data\reports\context_feature_topk_predictions.csv,2018 - 2019,kaggle_49leagues,Israeli-BSL,,,,,,,,,
206,Reece Beekman,reecebeekman,2024-2025,G League,LIN,gleague_nba_api,gleague_nba_api,common CBA source league pool + rule-based baseline,1.1199642135004533,High-ranked candidate from a common CBA source league with strong usage/scoring profile.,,,28.4,,,,,,,19.01408450704225,0.4557746478873239,0.618,,,,,,,,1.0,0,0,,0,,,,,,,,,,nba_api,,,,,,https://www.nba.com/stats/player/1641736,https://www.nba.com/stats/player/1641736,https://www.google.com/search?q=%22Reece+Beekman%22+%22G+League%22+official+basketball+stats,https://www.nba.com/stats/player/1641736,,https://www.google.com/search?q=%22Reece+Beekman%22+%22G+League%22+official+basketball+stats,Reece Beekman G League basketball highlights,https://www.youtube.com/results?search_query=Reece+Beekman+G+League+basketball+highlights,https://www.google.com/search?tbm=vid&q=Reece+Beekman+G+League+basketball+highlights,https://www.youtube.com/results?search_query=Reece+Beekman+G+League+basketball+highlights,,True,latest_season_only,E:\Project cba\data\reports\context_feature_topk_predictions.csv,2024-2025,gleague_nba_api,G League,1641736.0,,,,,high,exact_player_name_key_unique,matched_static_only_commonplayerinfo_skipped_after_limit_or_failure,2026-06-03T12:34:07.321190+00:00
207,Daishen Nix,daishennix,2024-2025,G League,RGV,gleague_nba_api,gleague_nba_api,common CBA source league pool + rule-based baseline,1.119351158836028,High-ranked candidate from a common CBA source league with strong usage/scoring profile.,,,32.2,,,,,,,17.105590062111805,0.5416149068322981,0.56,,,,,,,,1.0,0,0,,1,-7.054837745374826,-0.1614866974457768,0.003,-5.199999999999996,,,,,,nba_api,,,,,,https://www.nba.com/stats/player/1630227,https://www.nba.com/stats/player/1630227,https://www.google.com/search?q=%22Daishen+Nix%22+%22G+League%22+official+basketball+stats,https://www.nba.com/stats/player/1630227,,https://www.google.com/search?q=%22Daishen+Nix%22+%22G+League%22+official+basketball+stats,Daishen Nix G League basketball highlights,https://www.youtube.com/results?search_query=Daishen+Nix+G+League+basketball+highlights,https://www.google.com/search?tbm=vid&q=Daishen+Nix+G+League+basketball+highlights,https://www.youtube.com/results?search_query=Daishen+Nix+G+League+basketball+highlights,,True,latest_season_only,E:\Project cba\data\reports\context_feature_topk_predictions.csv,2020-2021,gleague_nba_api,G League,1630227.0,,,,,high,exact_player_name_key_unique,matched_static_only_commonplayerinfo_skipped_after_limit_or_failure,2026-06-03T12:34:07.323194+00:00
208,Nate Darling,natedarling,2024-2025,G League,SDC,gleague_nba_api,gleague_nba_api,common CBA source league pool + rule-based baseline,1.1187337942203404,High-ranked candidate from a common CBA source league with strong usage/scoring profile.,,,3.9,,,,,,,18.461538461538463,0.882051282051282,0.291,,,,,,,,1.0,0,0,,1,8.751994893073734,0.3451218214703692,0.007,-20.200000000000003,,,,,,nba_api,,,,,,https://www.nba.com/stats/player/1630268,https://www.nba.com/stats/player/1630268,https://www.google.com/search?q=%22Nate+Darling%22+%22G+League%22+official+basketball+stats,https://www.nba.com/stats/player/1630268,,https://www.google.com/search?q=%22Nate+Darling%22+%22G+League%22+official+basketball+stats,Nate Darling G League basketball highlights,https://www.youtube.com/results?search_query=Nate+Darling+G+League+basketball+highlights,https://www.google.com/search?tbm=vid&q=Nate+Darling+G+League+basketball+highlights,https://www.youtube.com/results?search_query=Nate+Darling+G+League+basketball+highlights,,True,latest_season_only,E:\Project cba\data\reports\context_feature_topk_predictions.csv,2020-2021,gleague_nba_api,G League,1630268.0,,,,,high,exact_player_name_key_unique,matched_static_only_commonplayerinfo_skipped_after_limit_or_failure,2026-06-03T12:34:07.323194+00:00
209,Jackson Rowe,jacksonrowe,2024-2025,G League,SCW,gleague_nba_api,gleague_nba_api,common CBA source league pool + rule-based baseline,1.1182335576511162,High-ranked candidate from a common CBA source league with strong usage/scoring profile.,,,33.0,,,,,,,18.43636363636364,0.457939393939394,0.637,,,,,,,,1.0,0,0,,1,2.30649350649351,0.0526147186147186,0.007,2.2,,,,,,nba_api,,,,,,https://www.nba.com/stats/player/1642050,https://www.nba.com/stats/player/1642050,https://www.google.com/search?q=%22Jackson+Rowe%22+%22G+League%22+official+basketball+stats,https://www.nba.com/stats/player/1642050,,https://www.google.com/search?q=%22Jackson+Rowe%22+%22G+League%22+official+basketball+stats,Jackson Rowe G League basketball highlights,https://www.youtube.com/results?search_query=Jackson+Rowe+G+League+basketball+highlights,https://www.google.com/search?tbm=vid&q=Jackson+Rowe+G+League+basketball+highlights,https://www.youtube.com/results?search_query=Jackson+Rowe+G+League+basketball+highlights,,True,latest_season_only,E:\Project cba\data\reports\context_feature_topk_predictions.csv,2023-2024,gleague_nba_api,G League,1642050.0,,,,,high,exact_player_name_key_unique,matched_static_only_commonplayerinfo_skipped_after_limit_or_failure,2026-06-03T12:34:07.328741+00:00
210,Armel Traore,armeltraore,2024-2025,G League,SBL,gleague_nba_api,gleague_nba_api,common CBA source league pool + rule-based baseline,1.1182163711524618,High-ranked candidate from a common CBA source league with strong usage/scoring profile.,,,25.3,,,,,,,18.92490118577075,0.4932806324110673,0.623,,,,,,,,1.0,0,0,,0,,,,,,,,,,nba_api,,,,,,https://www.nba.com/stats/player/1642422,https://www.nba.com/stats/player/1642422,https://www.google.com/search?q=%22Armel+Traore%22+%22G+League%22+official+basketball+stats,https://www.nba.com/stats/player/1642422,,https://www.google.com/search?q=%22Armel+Traore%22+%22G+League%22+official+basketball+stats,Armel Traore G League basketball highlights,https://www.youtube.com/results?search_query=Armel+Traore+G+League+basketball+highlights,https://www.google.com/search?tbm=vid&q=Armel+Traore+G+League+basketball+highlights,https://www.youtube.com/results?search_query=Armel+Traore+G+League+basketball+highlights,,True,latest_season_only,E:\Project cba\data\reports\context_feature_topk_predictions.csv,2024-2025,gleague_nba_api,G League,1642422.0,,,,,high,exact_player_name_key_unique,matched_static_only_commonplayerinfo_skipped_after_limit_or_failure,2026-06-03T12:34:07.332407+00:00
211,Keisei Tominaga,keiseitominaga,2024-2025,G League,IMA,gleague_nba_api,gleague_nba_api,common CBA source league pool + rule-based baseline,1.1176866665144725,High-ranked candidate from a common CBA source league with strong usage/scoring profile.,,,8.7,,,,,,,22.3448275862069,0.4570114942528736,0.736,,,,,,,,1.0,0,0,,0,,,,,,,,,,nba_api,,,,,,,,https://www.google.com/search?q=site%3Anba.com%2Fstats+%22Keisei+Tominaga%22+basketball,,,https://www.google.com/search?q=site%3Anba.com%2Fstats+%22Keisei+Tominaga%22+basketball,Keisei Tominaga G League basketball highlights,https://www.youtube.com/results?search_query=Keisei+Tominaga+G+League+basketball+highlights,https://www.google.com/search?tbm=vid&q=Keisei+Tominaga+G+League+basketball+highlights,https://www.youtube.com/results?search_query=Keisei+Tominaga+G+League+basketball+highlights,,True,latest_season_only,E:\Project cba\data\reports\context_feature_topk_predictions.csv,2024-2025,gleague_nba_api,G League,,,,,,none,nba_static_players_name_key,no_confident_unique_match,2026-06-03T12:34:07.334411+00:00
212,Christian Brown,christianbrown,2024-2025,G League,SXF,gleague_nba_api,gleague_nba_api,common CBA source league pool + rule-based baseline,1.1175290952522192,High-ranked candidate from a common CBA source league with strong usage/scoring profile.,,,11.5,,,,,,,19.72173913043478,0.5029565217391303,0.589,,,,,,,,1.0,0,0,,0,,,,,,,,,,nba_api,,,,,,,,https://www.google.com/search?q=site%3Anba.com%2Fstats+%22Christian+Brown%22+basketball,,,https://www.google.com/search?q=site%3Anba.com%2Fstats+%22Christian+Brown%22+basketball,Christian Brown G League basketball highlights,https://www.youtube.com/results?search_query=Christian+Brown+G+League+basketball+highlights,https://www.google.com/search?tbm=vid&q=Christian+Brown+G+League+basketball+highlights,https://www.youtube.com/results?search_query=Christian+Brown+G+League+basketball+highlights,,True,latest_season_only,E:\Project cba\data\reports\context_feature_topk_predictions.csv,2024-2025,gleague_nba_api,G League,,,,,,none,nba_static_players_name_key,no_confident_unique_match,2026-06-03T12:34:07.337831+00:00
213,Xavier Castaneda,xaviercastaneda,2024-2025,EuroCup,JL Bourg,euroleague_api,euroleague_api,common CBA source league pool + rule-based baseline,1.1169868578146565,High-ranked candidate from a common CBA source league with strong usage/scoring profile.,,,25.662745098039213,,,,,,,18.937958435207825,0.5908954767726161,0.526,,,,,,,,1.0,0,0,,0,,,,,,,,,,,,,,,,,,https://www.google.com/search?q=%22Xavier+Castaneda%22+%22EuroCup%22+official+basketball+stats,,https://www.google.com/search?q=site%3Aeuroleaguebasketball.net%2Feuroleague%2Fplayers+%22Xavier+Castaneda%22,https://www.google.com/search?q=site%3Aeuroleaguebasketball.net%2Feuroleague%2Fplayers+%22Xavier+Castaneda%22,Xavier Castaneda EuroCup basketball highlights,https://www.youtube.com/results?search_query=Xavier+Castaneda+EuroCup+basketball+highlights,https://www.google.com/search?tbm=vid&q=Xavier+Castaneda+EuroCup+basketball+highlights,https://www.youtube.com/results?search_query=Xavier+Castaneda+EuroCup+basketball+highlights,,True,latest_season_only,E:\Project cba\data\reports\context_feature_topk_predictions.csv,2024-2025,euroleague_api,EuroCup,,,,,,,,,
214,Oscar Tshiebwe,oscartshiebwe,2024-2025,G League,SLC,gleague_nba_api,gleague_nba_api,common CBA source league pool + rule-based baseline,1.1145642678314889,High-ranked candidate from a common CBA source league with strong usage/scoring profile.,,,32.4,,,,,,,19.0,0.4703703703703704,0.677,,,,,,,,1.0,0,0,,1,-2.441176470588239,-0.0716884531590414,0.051,5.199999999999999,,,,,,nba_api,,,,,,https://www.nba.com/stats/player/1631131,https://www.nba.com/stats/player/1631131,https://www.google.com/search?q=%22Oscar+Tshiebwe%22+%22G+League%22+official+basketball+stats,https://www.nba.com/stats/player/1631131,,https://www.google.com/search?q=%22Oscar+Tshiebwe%22+%22G+League%22+official+basketball+stats,Oscar Tshiebwe G League basketball highlights,https://www.youtube.com/results?search_query=Oscar+Tshiebwe+G+League+basketball+highlights,https://www.google.com/search?tbm=vid&q=Oscar+Tshiebwe+G+League+basketball+highlights,https://www.youtube.com/results?search_query=Oscar+Tshiebwe+G+League+basketball+highlights,,True,latest_season_only,E:\Project cba\data\reports\context_feature_topk_predictions.csv,2023-2024,gleague_nba_api,G League,1631131.0,,,,,high,exact_player_name_key_unique,matched_static_only_commonplayerinfo_skipped_after_limit_or_failure,2026-06-03T12:34:07.337831+00:00
215,Vassilis Toliopoulos,vassilistoliopoulos,2024-2025,EuroCup,Aris Thessaloniki,euroleague_api,euroleague_api,common CBA source league pool + rule-based baseline,1.113672900224748,High-ranked candidate from a common CBA source league with strong usage/scoring profile.,,,24.5,,,,,,,20.13061224489796,0.6844081632653062,0.482,,,,,,,,1.0,0,0,,1,-1.2242603369848304,0.0554610286584649,-0.0979999999999999,0.2245098039215598,,,,,,,,,,,,,,https://www.google.com/search?q=%22Vassilis+Toliopoulos%22+%22EuroCup%22+official+basketball+stats,,https://www.google.com/search?q=site%3Aeuroleaguebasketball.net%2Feuroleague%2Fplayers+%22Vassilis+Toliopoulos%22,https://www.google.com/search?q=site%3Aeuroleaguebasketball.net%2Feuroleague%2Fplayers+%22Vassilis+Toliopoulos%22,Vassilis Toliopoulos EuroCup basketball highlights,https://www.youtube.com/results?search_query=Vassilis+Toliopoulos+EuroCup+basketball+highlights,https://www.google.com/search?tbm=vid&q=Vassilis+Toliopoulos+EuroCup+basketball+highlights,https://www.youtube.com/results?search_query=Vassilis+Toliopoulos+EuroCup+basketball+highlights,,True,latest_season_only,E:\Project cba\data\reports\context_feature_topk_predictions.csv,2023-2024,euroleague_api,EuroCup,,,,,,,,,
216,Devin Robinson,devinrobinson,2024-2025,EuroCup,KK Cedevita Olimpija,euroleague_api,euroleague_api,common CBA source league pool + rule-based baseline,1.1135692912214188,High-ranked candidate from a common CBA source league with strong usage/scoring profile.,,,27.8525,,,,,,,19.258594381114804,0.5415671842743022,0.551,,,,,,,,1.0,0,0,,1,-1.8111730607456629,0.0682338509409689,-0.1859999999999998,2.0524999999999984,,,,,,,,,,,,,,https://www.google.com/search?q=%22Devin+Robinson%22+%22EuroCup%22+official+basketball+stats,,https://www.google.com/search?q=site%3Aeuroleaguebasketball.net%2Feuroleague%2Fplayers+%22Devin+Robinson%22,https://www.google.com/search?q=site%3Aeuroleaguebasketball.net%2Feuroleague%2Fplayers+%22Devin+Robinson%22,Devin Robinson EuroCup basketball highlights,https://www.youtube.com/results?search_query=Devin+Robinson+EuroCup+basketball+highlights,https://www.google.com/search?tbm=vid&q=Devin+Robinson+EuroCup+basketball+highlights,https://www.youtube.com/results?search_query=Devin+Robinson+EuroCup+basketball+highlights,,True,latest_season_only,E:\Project cba\data\reports\context_feature_topk_predictions.csv,2018-2019,gleague_nba_api,G League,,,,,,,,,
217,Anthony Brown,anthonybrown,2024-2025,EuroCup,Turk Telekom Ankara,euroleague_api,euroleague_api,common CBA source league pool + rule-based baseline,1.1108808657342275,High-ranked candidate from a common CBA source league with strong usage/scoring profile.,,,33.075833333333335,,,,,,,19.37366153536066,0.5055050263283868,0.615,,,,,,,,1.0,0,0,,1,3.254160270232472,0.0468103947398125,0.002,2.702685185185185,,,,,,,,,,,,,,https://www.google.com/search?q=%22Anthony+Brown%22+%22EuroCup%22+official+basketball+stats,,https://www.google.com/search?q=site%3Aeuroleaguebasketball.net%2Feuroleague%2Fplayers+%22Anthony+Brown%22,https://www.google.com/search?q=site%3Aeuroleaguebasketball.net%2Feuroleague%2Fplayers+%22Anthony+Brown%22,Anthony Brown EuroCup basketball highlights,https://www.youtube.com/results?search_query=Anthony+Brown+EuroCup+basketball+highlights,https://www.google.com/search?tbm=vid&q=Anthony+Brown+EuroCup+basketball+highlights,https://www.youtube.com/results?search_query=Anthony+Brown+EuroCup+basketball+highlights,,True,latest_season_only,E:\Project cba\data\reports\context_feature_topk_predictions.csv,2011 - 2012,kaggle_49leagues,Finnish-Korisliiga,,,,,,,,,
218,Tyler Kolek,tylerkolek,2024-2025,G League,WES,gleague_nba_api,gleague_nba_api,common CBA source league pool + rule-based baseline,1.1104293700050425,High-ranked candidate from a common CBA source league with strong usage/scoring profile.,,,36.1,,,,,,,17.950138504155124,0.5867036011080332,0.51,,,,,,,,1.0,0,0,,0,,,,,,,,,,nba_api,,,,,,https://www.nba.com/stats/player/1642278,https://www.nba.com/stats/player/1642278,https://www.google.com/search?q=%22Tyler+Kolek%22+%22G+League%22+official+basketball+stats,https://www.nba.com/stats/player/1642278,,https://www.google.com/search?q=%22Tyler+Kolek%22+%22G+League%22+official+basketball+stats,Tyler Kolek G League basketball highlights,https://www.youtube.com/results?search_query=Tyler+Kolek+G+League+basketball+highlights,https://www.google.com/search?tbm=vid&q=Tyler+Kolek+G+League+basketball+highlights,https://www.youtube.com/results?search_query=Tyler+Kolek+G+League+basketball+highlights,,True,latest_season_only,E:\Project cba\data\reports\context_feature_topk_predictions.csv,2024-2025,gleague_nba_api,G League,1642278.0,,,,,high,exact_player_name_key_unique,matched_static_only_commonplayerinfo_skipped_after_limit_or_failure,2026-06-03T12:34:07.339834+00:00
219,Jarod Lucas,jarodlucas,2024-2025,G League,TEX,gleague_nba_api,gleague_nba_api,common CBA source league pool + rule-based baseline,1.1094079721923276,High-ranked candidate from a common CBA source league with strong usage/scoring profile.,,,34.3,,,,,,,18.472303206997093,0.4536443148688047,0.626,,,,,,,,1.0,0,0,,0,,,,,,,,,,nba_api,,,,,,,,https://www.google.com/search?q=site%3Anba.com%2Fstats+%22Jarod+Lucas%22+basketball,,,https://www.google.com/search?q=site%3Anba.com%2Fstats+%22Jarod+Lucas%22+basketball,Jarod Lucas G League basketball highlights,https://www.youtube.com/results?search_query=Jarod+Lucas+G+League+basketball+highlights,https://www.google.com/search?tbm=vid&q=Jarod+Lucas+G+League+basketball+highlights,https://www.youtube.com/results?search_query=Jarod+Lucas+G+League+basketball+highlights,,True,latest_season_only,E:\Project cba\data\reports\context_feature_topk_predictions.csv,2024-2025,gleague_nba_api,G League,,,,,,none,nba_static_players_name_key,no_confident_unique_match,2026-06-03T12:34:07.339834+00:00
220,Anthony Cowan Jr,anthonycowan,2024-2025,EuroCup,BC Wolves Vilnius,euroleague_api,euroleague_api,common CBA source league pool + rule-based baseline,1.1091687388061513,High-ranked candidate from a common CBA source league with strong usage/scoring profile.,,,30.96666666666667,,,,,,,18.94940796555436,0.5153928955866524,0.619,,,,,,,,1.0,0,0,,1,1.96619654545318,0.0340472312938028,0.012,5.105833333333333,,,,,,,,,,,,,,https://www.google.com/search?q=%22Anthony+Cowan+Jr%22+%22EuroCup%22+official+basketball+stats,,https://www.google.com/search?q=site%3Aeuroleaguebasketball.net%2Feuroleague%2Fplayers+%22Anthony+Cowan+Jr%22,https://www.google.com/search?q=site%3Aeuroleaguebasketball.net%2Feuroleague%2Fplayers+%22Anthony+Cowan+Jr%22,Anthony Cowan Jr EuroCup basketball highlights,https://www.youtube.com/results?search_query=Anthony+Cowan+Jr+EuroCup+basketball+highlights,https://www.google.com/search?tbm=vid&q=Anthony+Cowan+Jr+EuroCup+basketball+highlights,https://www.youtube.com/results?search_query=Anthony+Cowan+Jr+EuroCup+basketball+highlights,,True,latest_season_only,E:\Project cba\data\reports\context_feature_topk_predictions.csv,2020-2021,gleague_nba_api,G League,,,,,,,,,
221,Mark Armstrong,markarmstrong,2024-2025,G League,LIN,gleague_nba_api,gleague_nba_api,common CBA source league pool + rule-based baseline,1.1090567702360896,High-ranked candidate from a common CBA source league with strong usage/scoring profile.,,,21.9,,,,,,,17.753424657534246,0.5903196347031964,0.477,,,,,,,,1.0,0,0,,0,,,,,,,,,,nba_api,,,,,,,,https://www.google.com/search?q=site%3Anba.com%2Fstats+%22Mark+Armstrong%22+basketball,,,https://www.google.com/search?q=site%3Anba.com%2Fstats+%22Mark+Armstrong%22+basketball,Mark Armstrong G League basketball highlights,https://www.youtube.com/results?search_query=Mark+Armstrong+G+League+basketball+highlights,https://www.google.com/search?tbm=vid&q=Mark+Armstrong+G+League+basketball+highlights,https://www.youtube.com/results?search_query=Mark+Armstrong+G+League+basketball+highlights,,True,latest_season_only,E:\Project cba\data\reports\context_feature_topk_predictions.csv,2024-2025,gleague_nba_api,G League,,,,,,none,nba_static_players_name_key,no_confident_unique_match,2026-06-03T12:34:07.344838+00:00
222,Anthony Lamb,anthonylamb,2024-2025,EuroCup,Dolomiti Energia Trento,euroleague_api,euroleague_api,common CBA source league pool + rule-based baseline,1.108398937210777,High-ranked candidate from a common CBA source league with strong usage/scoring profile.,,,26.641666666666666,,,,,,,18.512355333124805,0.6095714732561778,0.52,,,,,,,,1.0,0,0,,1,2.7623553331248054,0.0918214732561777,0.0260000000000001,-5.358333333333334,,,,,,,,,,,,,,https://www.google.com/search?q=%22Anthony+Lamb%22+%22EuroCup%22+official+basketball+stats,,https://www.google.com/search?q=site%3Aeuroleaguebasketball.net%2Feuroleague%2Fplayers+%22Anthony+Lamb%22,https://www.google.com/search?q=site%3Aeuroleaguebasketball.net%2Feuroleague%2Fplayers+%22Anthony+Lamb%22,Anthony Lamb EuroCup basketball highlights,https://www.youtube.com/results?search_query=Anthony+Lamb+EuroCup+basketball+highlights,https://www.google.com/search?tbm=vid&q=Anthony+Lamb+EuroCup+basketball+highlights,https://www.youtube.com/results?search_query=Anthony+Lamb+EuroCup+basketball+highlights,,True,latest_season_only,E:\Project cba\data\reports\context_feature_topk_predictions.csv,2020-2021,gleague_nba_api,G League,,,,,,,,,
223,Ante Tomic,antetomic,2024-2025,EuroCup,Club Joventut Badalona,euroleague_api,euroleague_api,common CBA source league pool + rule-based baseline,1.1079598327197673,High-ranked candidate from a common CBA source league with strong usage/scoring profile.,,,21.809803921568623,,,,,,,19.64254247954689,0.513713926099074,0.596,,,,,,,,1.0,0,0,,1,4.096810919691988,0.0018377471389771,0.0669999999999999,0.2733455882352942,,,,,,,,,,,,,,https://www.google.com/search?q=%22Ante+Tomic%22+%22EuroCup%22+official+basketball+stats,,https://www.google.com/search?q=site%3Aeuroleaguebasketball.net%2Feuroleague%2Fplayers+%22Ante+Tomic%22,https://www.google.com/search?q=site%3Aeuroleaguebasketball.net%2Feuroleague%2Fplayers+%22Ante+Tomic%22,Ante Tomic EuroCup basketball highlights,https://www.youtube.com/results?search_query=Ante+Tomic+EuroCup+basketball+highlights,https://www.google.com/search?tbm=vid&q=Ante+Tomic+EuroCup+basketball+highlights,https://www.youtube.com/results?search_query=Ante+Tomic+EuroCup+basketball+highlights,,True,latest_season_only,E:\Project cba\data\reports\context_feature_topk_predictions.csv,2010 - 2011,kaggle_49leagues,Spanish-ACB,,,,,,,,,
224,Joirdon Nicholas,joirdonnicholas,2024-2025,G League,SBL,gleague_nba_api,gleague_nba_api,common CBA source league pool + rule-based baseline,1.1063955006710997,High-ranked candidate from a common CBA source league with strong usage/scoring profile.,,,13.4,,,,,,,19.074626865671647,0.5170149253731343,0.603,,,,,,,,1.0,0,0,,1,4.638078642321389,0.0678778695355707,0.0629999999999999,-6.299999999999999,,,,,,nba_api,,,,,,,,https://www.google.com/search?q=site%3Anba.com%2Fstats+%22Joirdon+Nicholas%22+basketball,,,https://www.google.com/search?q=site%3Anba.com%2Fstats+%22Joirdon+Nicholas%22+basketball,Joirdon Nicholas G League basketball highlights,https://www.youtube.com/results?search_query=Joirdon+Nicholas+G+League+basketball+highlights,https://www.google.com/search?tbm=vid&q=Joirdon+Nicholas+G+League+basketball+highlights,https://www.youtube.com/results?search_query=Joirdon+Nicholas+G+League+basketball+highlights,,True,latest_season_only,E:\Project cba\data\reports\context_feature_topk_predictions.csv,2023-2024,gleague_nba_api,G League,,,,,,none,nba_static_players_name_key,no_confident_unique_match,2026-06-03T12:34:07.344838+00:00
225,Marcus Foster,marcusfoster,2024-2025,EuroCup,Hapoel Tel Aviv,euroleague_api,euroleague_api,common CBA source league pool + rule-based baseline,1.1052900514702957,Returning-import candidate with prior CBA experience and strong source-league/pathway signal.,,,24.047916666666666,,,,,,,20.359351988217966,0.4968413757255478,0.652,,,,,,,,1.0,1,1,1.0,1,-0.1026540908093949,-0.0483257975267317,0.031,-8.852083333333333,,,,,,,,,,,,,,https://www.google.com/search?q=%22Marcus+Foster%22+%22EuroCup%22+official+basketball+stats,,https://www.google.com/search?q=site%3Aeuroleaguebasketball.net%2Feuroleague%2Fplayers+%22Marcus+Foster%22,https://www.google.com/search?q=site%3Aeuroleaguebasketball.net%2Feuroleague%2Fplayers+%22Marcus+Foster%22,Marcus Foster EuroCup basketball highlights,https://www.youtube.com/results?search_query=Marcus+Foster+EuroCup+basketball+highlights,https://www.google.com/search?tbm=vid&q=Marcus+Foster+EuroCup+basketball+highlights,https://www.youtube.com/results?search_query=Marcus+Foster+EuroCup+basketball+highlights,Marcus Foster CBA basketball highlights,True,latest_season_only,E:\Project cba\data\reports\context_feature_topk_predictions.csv,2018 - 2019,kaggle_49leagues,South-Korean-KBL,,,,,,,,,
226,Myron Gardner,myrongardner,2024-2025,G League,OSC,gleague_nba_api,gleague_nba_api,common CBA source league pool + rule-based baseline,1.1043894365476628,High-ranked candidate from a common CBA source league with strong usage/scoring profile.,,,23.4,,,,,,,18.615384615384617,0.4651282051282052,0.6540000000000001,,,,,,,,1.0,0,0,,1,7.171676006113097,0.1223467481745628,0.1360000000000001,8.299999999999999,,,,,,nba_api,,,,,,https://www.nba.com/stats/player/1642066,https://www.nba.com/stats/player/1642066,https://www.google.com/search?q=%22Myron+Gardner%22+%22G+League%22+official+basketball+stats,https://www.nba.com/stats/player/1642066,,https://www.google.com/search?q=%22Myron+Gardner%22+%22G+League%22+official+basketball+stats,Myron Gardner G League basketball highlights,https://www.youtube.com/results?search_query=Myron+Gardner+G+League+basketball+highlights,https://www.google.com/search?tbm=vid&q=Myron+Gardner+G+League+basketball+highlights,https://www.youtube.com/results?search_query=Myron+Gardner+G+League+basketball+highlights,,True,latest_season_only,E:\Project cba\data\reports\context_feature_topk_predictions.csv,2023-2024,gleague_nba_api,G League,1642066.0,,,,,high,exact_player_name_key_unique,matched_static_only_commonplayerinfo_skipped_after_limit_or_failure,2026-06-03T12:34:07.344838+00:00
227,Tyson Walker,tysonwalker,2024-2025,G League,TEX,gleague_nba_api,gleague_nba_api,common CBA source league pool + rule-based baseline,1.1038417996883534,High-ranked candidate from a common CBA source league with strong usage/scoring profile.,,,30.7,,,,,,,17.355048859934854,0.5777198697068404,0.495,,,,,,,,1.0,0,0,,0,,,,,,,,,,nba_api,,,,,,,,https://www.google.com/search?q=site%3Anba.com%2Fstats+%22Tyson+Walker%22+basketball,,,https://www.google.com/search?q=site%3Anba.com%2Fstats+%22Tyson+Walker%22+basketball,Tyson Walker G League basketball highlights,https://www.youtube.com/results?search_query=Tyson+Walker+G+League+basketball+highlights,https://www.google.com/search?tbm=vid&q=Tyson+Walker+G+League+basketball+highlights,https://www.youtube.com/results?search_query=Tyson+Walker+G+League+basketball+highlights,,True,latest_season_only,E:\Project cba\data\reports\context_feature_topk_predictions.csv,2024-2025,gleague_nba_api,G League,,,,,,none,nba_static_players_name_key,no_confident_unique_match,2026-06-03T12:34:07.344838+00:00
228,Trey Burke,treyburke,2024-2025,G League,MXC,gleague_nba_api,gleague_nba_api,common CBA source league pool + rule-based baseline,1.10327795150901,High-ranked candidate from a common CBA source league with strong usage/scoring profile.,,,27.8,,,,,,,17.741007194244602,0.5025899280575539,0.543,,,,,,,,1.0,0,0,,1,-4.490068502966558,-0.055816446444438,-0.0709999999999999,2.7,,,,,,nba_api,,,,,,https://www.nba.com/stats/player/203504,https://www.nba.com/stats/player/203504,https://www.google.com/search?q=%22Trey+Burke%22+%22G+League%22+official+basketball+stats,https://www.nba.com/stats/player/203504,,https://www.google.com/search?q=%22Trey+Burke%22+%22G+League%22+official+basketball+stats,Trey Burke G League basketball highlights,https://www.youtube.com/results?search_query=Trey+Burke+G+League+basketball+highlights,https://www.google.com/search?tbm=vid&q=Trey+Burke+G+League+basketball+highlights,https://www.youtube.com/results?search_query=Trey+Burke+G+League+basketball+highlights,,True,latest_season_only,E:\Project cba\data\reports\context_feature_topk_predictions.csv,2022-2023,gleague_nba_api,G League,203504.0,,,,,high,exact_player_name_key_unique,matched_static_only_commonplayerinfo_skipped_after_limit_or_failure,2026-06-03T12:34:07.350494+00:00
229,Isaiah Wong,isaiahwong,2024-2025,G League,GBO,gleague_nba_api,gleague_nba_api,common CBA source league pool + rule-based baseline,1.1030262661721395,High-ranked candidate from a common CBA source league with strong usage/scoring profile.,,,33.6,,,,,,,17.142857142857142,0.5142857142857142,0.55,,,,,,,,1.0,0,0,,1,-2.457142857142859,-0.0403809523809524,-0.0239999999999999,6.600000000000001,,,,,,nba_api,,,,,,https://www.nba.com/stats/player/1631209,https://www.nba.com/stats/player/1631209,https://www.google.com/search?q=%22Isaiah+Wong%22+%22G+League%22+official+basketball+stats,https://www.nba.com/stats/player/1631209,,https://www.google.com/search?q=%22Isaiah+Wong%22+%22G+League%22+official+basketball+stats,Isaiah Wong G League basketball highlights,https://www.youtube.com/results?search_query=Isaiah+Wong+G+League+basketball+highlights,https://www.google.com/search?tbm=vid&q=Isaiah+Wong+G+League+basketball+highlights,https://www.youtube.com/results?search_query=Isaiah+Wong+G+League+basketball+highlights,,True,latest_season_only,E:\Project cba\data\reports\context_feature_topk_predictions.csv,2023-2024,gleague_nba_api,G League,1631209.0,,,,,high,exact_player_name_key_unique,matched_static_only_commonplayerinfo_skipped_after_limit_or_failure,2026-06-03T12:34:07.352894+00:00
230,Mfiondu Kabengele,mfiondukabengele,2024-2025,EuroCup,Umana Reyer Venice,euroleague_api,euroleague_api,common CBA source league pool + rule-based baseline,1.102191954165472,High-ranked candidate from a common CBA source league with strong usage/scoring profile.,,,26.107407407407408,,,,,,,21.23535253227408,0.478791317917435,0.6829999999999999,,,,,,,,1.0,0,0,,1,-2.92572129322928,-0.0344972726865918,-0.059,-3.692592592592593,,,,,,,,,,,,,,https://www.google.com/search?q=%22Mfiondu+Kabengele%22+%22EuroCup%22+official+basketball+stats,,https://www.google.com/search?q=site%3Aeuroleaguebasketball.net%2Feuroleague%2Fplayers+%22Mfiondu+Kabengele%22,https://www.google.com/search?q=site%3Aeuroleaguebasketball.net%2Feuroleague%2Fplayers+%22Mfiondu+Kabengele%22,Mfiondu Kabengele EuroCup basketball highlights,https://www.youtube.com/results?search_query=Mfiondu+Kabengele+EuroCup+basketball+highlights,https://www.google.com/search?tbm=vid&q=Mfiondu+Kabengele+EuroCup+basketball+highlights,https://www.youtube.com/results?search_query=Mfiondu+Kabengele+EuroCup+basketball+highlights,,True,latest_season_only,E:\Project cba\data\reports\context_feature_topk_predictions.csv,2019-2020,gleague_nba_api,G League,,,,,,,,,
231,Jaizec Lottie,jaizeclottie,2024-2025,EuroCup,Hamburg Towers,euroleague_api,euroleague_api,common CBA source league pool + rule-based baseline,1.1011350160848292,High-ranked candidate from a common CBA source league with strong usage/scoring profile.,,,21.605208333333334,,,,,,,19.49529916590328,0.6818726194493996,0.4819999999999999,,,,,,,,1.0,0,0,,0,,,,,,,,,,,,,,,,,,https://www.google.com/search?q=%22Jaizec+Lottie%22+%22EuroCup%22+official+basketball+stats,,https://www.google.com/search?q=site%3Aeuroleaguebasketball.net%2Feuroleague%2Fplayers+%22Jaizec+Lottie%22,https://www.google.com/search?q=site%3Aeuroleaguebasketball.net%2Feuroleague%2Fplayers+%22Jaizec+Lottie%22,Jaizec Lottie EuroCup basketball highlights,https://www.youtube.com/results?search_query=Jaizec+Lottie+EuroCup+basketball+highlights,https://www.google.com/search?tbm=vid&q=Jaizec+Lottie+EuroCup+basketball+highlights,https://www.youtube.com/results?search_query=Jaizec+Lottie+EuroCup+basketball+highlights,,True,latest_season_only,E:\Project cba\data\reports\context_feature_topk_predictions.csv,2024-2025,euroleague_api,EuroCup,,,,,,,,,
232,N'Faly Dante,nfalydante,2024-2025,G League,RGV,gleague_nba_api,gleague_nba_api,common CBA source league pool + rule-based baseline,1.1000651361713372,High-ranked candidate from a common CBA source league with strong usage/scoring profile.,,,29.1,,,,,,,20.412371134020617,0.429553264604811,0.7580000000000001,,,,,,,,1.0,0,0,,0,,,,,,,,,,nba_api,,,,,,https://www.nba.com/stats/player/1642368,https://www.nba.com/stats/player/1642368,https://www.google.com/search?q=%22N%27Faly+Dante%22+%22G+League%22+official+basketball+stats,https://www.nba.com/stats/player/1642368,,https://www.google.com/search?q=%22N%27Faly+Dante%22+%22G+League%22+official+basketball+stats,N'Faly Dante G League basketball highlights,https://www.youtube.com/results?search_query=N%27Faly+Dante+G+League+basketball+highlights,https://www.google.com/search?tbm=vid&q=N%27Faly+Dante+G+League+basketball+highlights,https://www.youtube.com/results?search_query=N%27Faly+Dante+G+League+basketball+highlights,,True,latest_season_only,E:\Project cba\data\reports\context_feature_topk_predictions.csv,2024-2025,gleague_nba_api,G League,1642368.0,,,,,high,exact_player_name_key_unique,matched_static_only_commonplayerinfo_skipped_after_limit_or_failure,2026-06-03T12:34:07.354899+00:00
233,Logan Johnson,loganjohnson,2024-2025,G League,OKL,gleague_nba_api,gleague_nba_api,common CBA source league pool + rule-based baseline,1.0980777523655585,High-ranked candidate from a common CBA source league with strong usage/scoring profile.,,,21.1,,,,,,,16.890995260663505,0.5209478672985782,0.574,,,,,,,,1.0,0,0,,1,1.8498993702525457,0.1346464974355645,-0.024,6.500000000000002,,,,,,nba_api,,,,,,,,https://www.google.com/search?q=site%3Anba.com%2Fstats+%22Logan+Johnson%22+basketball,,,https://www.google.com/search?q=site%3Anba.com%2Fstats+%22Logan+Johnson%22+basketball,Logan Johnson G League basketball highlights,https://www.youtube.com/results?search_query=Logan+Johnson+G+League+basketball+highlights,https://www.google.com/search?tbm=vid&q=Logan+Johnson+G+League+basketball+highlights,https://www.youtube.com/results?search_query=Logan+Johnson+G+League+basketball+highlights,,True,latest_season_only,E:\Project cba\data\reports\context_feature_topk_predictions.csv,2023-2024,gleague_nba_api,G League,,,,,,none,nba_static_players_name_key,no_confident_unique_match,2026-06-03T12:34:07.358458+00:00
234,Devin Booker,devinbooker,2024-2025,EuroLeague,FC Bayern Munich,euroleague_api,euroleague_api,common CBA source league pool + rule-based baseline,1.0974372099747425,High-ranked candidate from a common CBA source league with strong usage/scoring profile.,,,26.258333333333333,,,,,,,20.42780069819105,0.5080291970802919,0.638,,,,,,,,1.0,0,0,,1,7.244519799314645,0.1060372869679323,0.085,-0.2297619047619079,,,,,,,,,,,,,,https://www.google.com/search?q=%22Devin+Booker%22+%22EuroLeague%22+official+basketball+stats,,https://www.google.com/search?q=site%3Aeuroleaguebasketball.net%2Feuroleague%2Fplayers+%22Devin+Booker%22,https://www.google.com/search?q=site%3Aeuroleaguebasketball.net%2Feuroleague%2Fplayers+%22Devin+Booker%22,Devin Booker EuroLeague basketball highlights,https://www.youtube.com/results?search_query=Devin+Booker+EuroLeague+basketball+highlights,https://www.google.com/search?tbm=vid&q=Devin+Booker+EuroLeague+basketball+highlights,https://www.youtube.com/results?search_query=Devin+Booker+EuroLeague+basketball+highlights,,True,latest_season_only,E:\Project cba\data\reports\context_feature_topk_predictions.csv,2014 - 2015,kaggle_49leagues,French-Jeep-Elite,,,,,,,,,
235,Devante Jones,devantejones,2024-2025,EuroCup,KK Cedevita Olimpija,euroleague_api,euroleague_api,common CBA source league pool + rule-based baseline,1.0965929915117754,High-ranked candidate from a common CBA source league with strong usage/scoring profile.,,,19.69333333333333,,,,,,,18.828706838185514,0.5557210561949898,0.606,,,,,,,,1.0,0,0,,0,,,,,,,,,,,,,,,,,,https://www.google.com/search?q=%22Devante+Jones%22+%22EuroCup%22+official+basketball+stats,,https://www.google.com/search?q=site%3Aeuroleaguebasketball.net%2Feuroleague%2Fplayers+%22Devante+Jones%22,https://www.google.com/search?q=site%3Aeuroleaguebasketball.net%2Feuroleague%2Fplayers+%22Devante+Jones%22,Devante Jones EuroCup basketball highlights,https://www.youtube.com/results?search_query=Devante+Jones+EuroCup+basketball+highlights,https://www.google.com/search?tbm=vid&q=Devante+Jones+EuroCup+basketball+highlights,https://www.youtube.com/results?search_query=Devante+Jones+EuroCup+basketball+highlights,,True,latest_season_only,E:\Project cba\data\reports\context_feature_topk_predictions.csv,2024-2025,euroleague_api,EuroCup,,,,,,,,,
236,Keion Brooks Jr.,keionbrooks,2024-2025,G League,BHM,gleague_nba_api,gleague_nba_api,common CBA source league pool + rule-based baseline,1.09622398345768,High-ranked candidate from a common CBA source league with strong usage/scoring profile.,,,32.9,,,,,,,17.507598784194528,0.4877811550151976,0.563,,,,,,,,1.0,0,0,,0,,,,,,,,,,nba_api,,,,,,https://www.nba.com/stats/player/1631232,https://www.nba.com/stats/player/1631232,https://www.google.com/search?q=%22Keion+Brooks+Jr.%22+%22G+League%22+official+basketball+stats,https://www.nba.com/stats/player/1631232,,https://www.google.com/search?q=%22Keion+Brooks+Jr.%22+%22G+League%22+official+basketball+stats,Keion Brooks Jr. G League basketball highlights,https://www.youtube.com/results?search_query=Keion+Brooks+Jr.+G+League+basketball+highlights,https://www.google.com/search?tbm=vid&q=Keion+Brooks+Jr.+G+League+basketball+highlights,https://www.youtube.com/results?search_query=Keion+Brooks+Jr.+G+League+basketball+highlights,,True,latest_season_only,E:\Project cba\data\reports\context_feature_topk_predictions.csv,2024-2025,gleague_nba_api,G League,1631232.0,,,,,high,exact_player_name_key_unique,matched_static_only_commonplayerinfo_skipped_after_limit_or_failure,2026-06-03T12:34:07.358458+00:00
237,Chris Jones,chrisjones,2024-2025,EuroCup,Valencia Basket,euroleague_api,euroleague_api,common CBA source league pool + rule-based baseline,1.0958551859848011,High-ranked candidate from a common CBA source league with strong usage/scoring profile.,,,19.57888888888889,,,,,,,19.49038079564156,0.5636683502638897,0.61,,,,,,,,1.0,0,0,,1,1.7663279322054386,0.0704031520260043,0.0329999999999999,-6.216565656565656,,,,,,,,,,,,,,https://www.google.com/search?q=%22Chris+Jones%22+%22EuroCup%22+official+basketball+stats,,https://www.google.com/search?q=site%3Aeuroleaguebasketball.net%2Feuroleague%2Fplayers+%22Chris+Jones%22,https://www.google.com/search?q=site%3Aeuroleaguebasketball.net%2Feuroleague%2Fplayers+%22Chris+Jones%22,Chris Jones EuroCup basketball highlights,https://www.youtube.com/results?search_query=Chris+Jones+EuroCup+basketball+highlights,https://www.google.com/search?tbm=vid&q=Chris+Jones+EuroCup+basketball+highlights,https://www.youtube.com/results?search_query=Chris+Jones+EuroCup+basketball+highlights,,True,latest_season_only,E:\Project cba\data\reports\context_feature_topk_predictions.csv,2015 - 2016,kaggle_49leagues,French-Jeep-Elite,,,,,,,,,
238,Enrique Freeman,enriquefreeman,2024-2025,G League,IMA,gleague_nba_api,gleague_nba_api,common CBA source league pool + rule-based baseline,1.0952830762846206,High-ranked candidate from a common CBA source league with strong usage/scoring profile.,,,34.3,,,,,,,18.47230320699709,0.453527696793003,0.621,,,,,,,,1.0,0,0,,0,,,,,,,,,,nba_api,,,,,,https://www.nba.com/stats/player/1642402,https://www.nba.com/stats/player/1642402,https://www.google.com/search?q=%22Enrique+Freeman%22+%22G+League%22+official+basketball+stats,https://www.nba.com/stats/player/1642402,,https://www.google.com/search?q=%22Enrique+Freeman%22+%22G+League%22+official+basketball+stats,Enrique Freeman G League basketball highlights,https://www.youtube.com/results?search_query=Enrique+Freeman+G+League+basketball+highlights,https://www.google.com/search?tbm=vid&q=Enrique+Freeman+G+League+basketball+highlights,https://www.youtube.com/results?search_query=Enrique+Freeman+G+League+basketball+highlights,,True,latest_season_only,E:\Project cba\data\reports\context_feature_topk_predictions.csv,2024-2025,gleague_nba_api,G League,1642402.0,,,,,high,exact_player_name_key_unique,matched_static_only_commonplayerinfo_skipped_after_limit_or_failure,2026-06-03T12:34:07.360463+00:00
239,Mike Miles Jr.,mikemiles,2024-2025,G League,WCB,gleague_nba_api,gleague_nba_api,common CBA source league pool + rule-based baseline,1.095228579445814,High-ranked candidate from a common CBA source league with strong usage/scoring profile.,,,16.8,,,,,,,18.428571428571423,0.5507142857142857,0.527,,,,,,,,1.0,0,0,,1,-1.4447317388493843,0.0649224305106659,-0.0879999999999999,-5.300000000000004,,,,,,nba_api,,,,,,,,https://www.google.com/search?q=site%3Anba.com%2Fstats+%22Mike+Miles+Jr.%22+basketball,,,https://www.google.com/search?q=site%3Anba.com%2Fstats+%22Mike+Miles+Jr.%22+basketball,Mike Miles Jr. G League basketball highlights,https://www.youtube.com/results?search_query=Mike+Miles+Jr.+G+League+basketball+highlights,https://www.google.com/search?tbm=vid&q=Mike+Miles+Jr.+G+League+basketball+highlights,https://www.youtube.com/results?search_query=Mike+Miles+Jr.+G+League+basketball+highlights,,True,latest_season_only,E:\Project cba\data\reports\context_feature_topk_predictions.csv,2023-2024,gleague_nba_api,G League,,,,,,none,nba_static_players_name_key,no_confident_unique_match,2026-06-03T12:34:07.365614+00:00
240,Georgios Kalaitzakis,georgioskalaitzakis,2024-2025,EuroCup,Lietkabelis Panevezys ,euroleague_api,euroleague_api,common CBA source league pool + rule-based baseline,1.094975276525742,High-ranked candidate from a common CBA source league with strong usage/scoring profile.,,,22.33555555555556,,,,,,,18.21311312307233,0.5544522933041488,0.541,,,,,,,,1.0,0,0,,1,10.90441973421236,0.2953997165212233,0.0980000000000001,12.484273504273506,,,,,,,,,,,,,,https://www.google.com/search?q=%22Georgios+Kalaitzakis%22+%22EuroCup%22+official+basketball+stats,,https://www.google.com/search?q=site%3Aeuroleaguebasketball.net%2Feuroleague%2Fplayers+%22Georgios+Kalaitzakis%22,https://www.google.com/search?q=site%3Aeuroleaguebasketball.net%2Feuroleague%2Fplayers+%22Georgios+Kalaitzakis%22,Georgios Kalaitzakis EuroCup basketball highlights,https://www.youtube.com/results?search_query=Georgios+Kalaitzakis+EuroCup+basketball+highlights,https://www.google.com/search?tbm=vid&q=Georgios+Kalaitzakis+EuroCup+basketball+highlights,https://www.youtube.com/results?search_query=Georgios+Kalaitzakis+EuroCup+basketball+highlights,,True,latest_season_only,E:\Project cba\data\reports\context_feature_topk_predictions.csv,2019 - 2020,kaggle_49leagues,Lithuanian-LKL,,,,,,,,,
241,Mario Hezonja,mariohezonja,2024-2025,EuroLeague,Real Madrid,euroleague_api,euroleague_api,common CBA source league pool + rule-based baseline,1.0945348833083424,High-ranked candidate from a common CBA source league with strong usage/scoring profile.,,,27.06184210526316,,,,,,,19.82126707832936,0.5383225555501532,0.5710000000000001,,,,,,,,1.0,0,0,,1,-1.029644612768248,0.0286336031011006,-0.0519999999999999,3.7535087719298232,,,,,,,,,,,,,,https://www.google.com/search?q=%22Mario+Hezonja%22+%22EuroLeague%22+official+basketball+stats,,https://www.google.com/search?q=site%3Aeuroleaguebasketball.net%2Feuroleague%2Fplayers+%22Mario+Hezonja%22,https://www.google.com/search?q=site%3Aeuroleaguebasketball.net%2Feuroleague%2Fplayers+%22Mario+Hezonja%22,Mario Hezonja EuroLeague basketball highlights,https://www.youtube.com/results?search_query=Mario+Hezonja+EuroLeague+basketball+highlights,https://www.google.com/search?tbm=vid&q=Mario+Hezonja+EuroLeague+basketball+highlights,https://www.youtube.com/results?search_query=Mario+Hezonja+EuroLeague+basketball+highlights,,True,latest_season_only,E:\Project cba\data\reports\context_feature_topk_predictions.csv,2014 - 2015,kaggle_49leagues,Euroleague,,,,,,,,,
242,Nando De Colo,nandodecolo,2024-2025,EuroLeague,LDLC ASVEL Villeurbanne,euroleague_api,euroleague_api,common CBA source league pool + rule-based baseline,1.093015326322808,High-ranked candidate from a common CBA source league with strong usage/scoring profile.,,,20.593229166666667,,,,,,,20.10369508586459,0.5545512026100811,0.632,,,,,,,,1.0,0,0,,1,-0.8375098851860656,-0.0217534559330038,-0.005,-3.1303340517241374,,,,,,,,,,,,,,https://www.google.com/search?q=%22Nando+De+Colo%22+%22EuroLeague%22+official+basketball+stats,,https://www.google.com/search?q=site%3Aeuroleaguebasketball.net%2Feuroleague%2Fplayers+%22Nando+De+Colo%22,https://www.google.com/search?q=site%3Aeuroleaguebasketball.net%2Feuroleague%2Fplayers+%22Nando+De+Colo%22,Nando De Colo EuroLeague basketball highlights,https://www.youtube.com/results?search_query=Nando+De+Colo+EuroLeague+basketball+highlights,https://www.google.com/search?tbm=vid&q=Nando+De+Colo+EuroLeague+basketball+highlights,https://www.youtube.com/results?search_query=Nando+De+Colo+EuroLeague+basketball+highlights,,True,latest_season_only,E:\Project cba\data\reports\context_feature_topk_predictions.csv,2006 - 2007,kaggle_49leagues,French-Jeep-Elite,,,,,,,,,
243,Tre'Shawn Thurman,treshawnthurman,2024-2025,EuroCup,BC Wolves Vilnius,euroleague_api,euroleague_api,common CBA source league pool + rule-based baseline,1.0927122885428662,High-ranked candidate from a common CBA source league with strong usage/scoring profile.,,,21.879824561403503,,,,,,,19.579681674217223,0.4959820390490319,0.626,,,,,,,,1.0,0,0,,1,0.4645059883202229,-0.028311435474794,0.0549999999999999,-5.051656920077981,,,,,,,,,,,,,,https://www.google.com/search?q=%22Tre%27Shawn+Thurman%22+%22EuroCup%22+official+basketball+stats,,https://www.google.com/search?q=site%3Aeuroleaguebasketball.net%2Feuroleague%2Fplayers+%22Tre%27Shawn+Thurman%22,https://www.google.com/search?q=site%3Aeuroleaguebasketball.net%2Feuroleague%2Fplayers+%22Tre%27Shawn+Thurman%22,Tre'Shawn Thurman EuroCup basketball highlights,https://www.youtube.com/results?search_query=Tre%27Shawn+Thurman+EuroCup+basketball+highlights,https://www.google.com/search?tbm=vid&q=Tre%27Shawn+Thurman+EuroCup+basketball+highlights,https://www.youtube.com/results?search_query=Tre%27Shawn+Thurman+EuroCup+basketball+highlights,,True,latest_season_only,E:\Project cba\data\reports\context_feature_topk_predictions.csv,2019-2020,gleague_nba_api,G League,,,,,,,,,
244,Charlie Brown Jr.,charliebrown,2024-2025,G League,RAP,gleague_nba_api,gleague_nba_api,common CBA source league pool + rule-based baseline,1.0923835616311453,High-ranked candidate from a common CBA source league with strong usage/scoring profile.,,,26.8,,,,,,,16.791044776119403,0.4656716417910447,0.582,,,,,,,,1.0,0,0,,1,-2.344090359015734,-0.0769109407915379,0.013,-6.4999999999999964,,,,,,nba_api,,,,,,https://www.nba.com/stats/player/1629718,https://www.nba.com/stats/player/1629718,https://www.google.com/search?q=%22Charlie+Brown+Jr.%22+%22G+League%22+official+basketball+stats,https://www.nba.com/stats/player/1629718,,https://www.google.com/search?q=%22Charlie+Brown+Jr.%22+%22G+League%22+official+basketball+stats,Charlie Brown Jr. G League basketball highlights,https://www.youtube.com/results?search_query=Charlie+Brown+Jr.+G+League+basketball+highlights,https://www.google.com/search?tbm=vid&q=Charlie+Brown+Jr.+G+League+basketball+highlights,https://www.youtube.com/results?search_query=Charlie+Brown+Jr.+G+League+basketball+highlights,,True,latest_season_only,E:\Project cba\data\reports\context_feature_topk_predictions.csv,2019-2020,gleague_nba_api,G League,1629718.0,,,,,high,exact_player_name_key_unique,matched_static_only_commonplayerinfo_skipped_after_limit_or_failure,2026-06-03T12:34:07.365614+00:00
245,James Bouknight,jamesbouknight,2024-2025,G League,RCR,gleague_nba_api,gleague_nba_api,common CBA source league pool + rule-based baseline,1.0922085782956914,High-ranked candidate from a common CBA source league with strong usage/scoring profile.,,,27.700000000000003,,,,,,,16.505415162454874,0.5351624548736462,0.565,,,,,,,,1.0,0,0,,1,-8.940367970075247,-0.108853609383382,-0.075,2.8000000000000043,,,,,,nba_api,,,,,,https://www.nba.com/stats/player/1630547,https://www.nba.com/stats/player/1630547,https://www.google.com/search?q=%22James+Bouknight%22+%22G+League%22+official+basketball+stats,https://www.nba.com/stats/player/1630547,,https://www.google.com/search?q=%22James+Bouknight%22+%22G+League%22+official+basketball+stats,James Bouknight G League basketball highlights,https://www.youtube.com/results?search_query=James+Bouknight+G+League+basketball+highlights,https://www.google.com/search?tbm=vid&q=James+Bouknight+G+League+basketball+highlights,https://www.youtube.com/results?search_query=James+Bouknight+G+League+basketball+highlights,,True,latest_season_only,E:\Project cba\data\reports\context_feature_topk_predictions.csv,2021-2022,gleague_nba_api,G League,1630547.0,,,,,high,exact_player_name_key_unique,matched_static_only_commonplayerinfo_skipped_after_limit_or_failure,2026-06-03T12:34:07.367620+00:00
246,Semi Ojeleye,semiojeleye,2024-2025,EuroCup,Valencia Basket,euroleague_api,euroleague_api,common CBA source league pool + rule-based baseline,1.0918116962626965,High-ranked candidate from a common CBA source league with strong usage/scoring profile.,,,20.37954545454545,,,,,,,20.137838742054207,0.541327088212334,0.575,,,,,,,,1.0,0,0,,1,-1.445932858246323,0.0238214533513272,-0.09,-1.8037878787878832,,,,,,,,,,,,,,https://www.google.com/search?q=%22Semi+Ojeleye%22+%22EuroCup%22+official+basketball+stats,,https://www.google.com/search?q=site%3Aeuroleaguebasketball.net%2Feuroleague%2Fplayers+%22Semi+Ojeleye%22,https://www.google.com/search?q=site%3Aeuroleaguebasketball.net%2Feuroleague%2Fplayers+%22Semi+Ojeleye%22,Semi Ojeleye EuroCup basketball highlights,https://www.youtube.com/results?search_query=Semi+Ojeleye+EuroCup+basketball+highlights,https://www.google.com/search?tbm=vid&q=Semi+Ojeleye+EuroCup+basketball+highlights,https://www.youtube.com/results?search_query=Semi+Ojeleye+EuroCup+basketball+highlights,,True,latest_season_only,E:\Project cba\data\reports\context_feature_topk_predictions.csv,2022-2023,euroleague_api,EuroLeague,,,,,,,,,
247,E.J. Liddell,ejliddell,2024-2025,G League,WCB,gleague_nba_api,gleague_nba_api,common CBA source league pool + rule-based baseline,1.0917539962539664,High-ranked candidate from a common CBA source league with strong usage/scoring profile.,,,32.3,,,,,,,17.4984520123839,0.4554798761609908,0.613,,,,,,,,1.0,0,0,,1,-6.546831006484027,-0.1461805011974997,-0.008,5.799999999999997,,,,,,nba_api,,,,,,https://www.nba.com/stats/player/1630604,https://www.nba.com/stats/player/1630604,https://www.google.com/search?q=%22E.J.+Liddell%22+%22G+League%22+official+basketball+stats,https://www.nba.com/stats/player/1630604,,https://www.google.com/search?q=%22E.J.+Liddell%22+%22G+League%22+official+basketball+stats,E.J. Liddell G League basketball highlights,https://www.youtube.com/results?search_query=E.J.+Liddell+G+League+basketball+highlights,https://www.google.com/search?tbm=vid&q=E.J.+Liddell+G+League+basketball+highlights,https://www.youtube.com/results?search_query=E.J.+Liddell+G+League+basketball+highlights,,True,latest_season_only,E:\Project cba\data\reports\context_feature_topk_predictions.csv,2023-2024,gleague_nba_api,G League,1630604.0,,,,,high,exact_player_name_key_unique,matched_static_only_commonplayerinfo_skipped_after_limit_or_failure,2026-06-03T12:34:07.372468+00:00
248,Adam Mokoka,adammokoka,2024-2025,EuroCup,U-BT Cluj-Napoca,euroleague_api,euroleague_api,common CBA source league pool + rule-based baseline,1.0913801097957403,High-ranked candidate from a common CBA source league with strong usage/scoring profile.,,,23.87037037037037,,,,,,,17.946935608999226,0.4933312645461598,0.593,,,,,,,,1.0,0,0,,1,4.873709802547612,0.0555344903526113,0.1100000000000001,2.1159844054580894,,,,,,,,,,,,,,https://www.google.com/search?q=%22Adam+Mokoka%22+%22EuroCup%22+official+basketball+stats,,https://www.google.com/search?q=site%3Aeuroleaguebasketball.net%2Feuroleague%2Fplayers+%22Adam+Mokoka%22,https://www.google.com/search?q=site%3Aeuroleaguebasketball.net%2Feuroleague%2Fplayers+%22Adam+Mokoka%22,Adam Mokoka EuroCup basketball highlights,https://www.youtube.com/results?search_query=Adam+Mokoka+EuroCup+basketball+highlights,https://www.google.com/search?tbm=vid&q=Adam+Mokoka+EuroCup+basketball+highlights,https://www.youtube.com/results?search_query=Adam+Mokoka+EuroCup+basketball+highlights,,True,latest_season_only,E:\Project cba\data\reports\context_feature_topk_predictions.csv,2018 - 2019,kaggle_49leagues,Serbian-KLS,,,,,,,,,
249,Mike James,mikejames,2024-2025,EuroLeague,AS Monaco,euroleague_api,euroleague_api,common CBA source league pool + rule-based baseline,1.090846297105241,High-ranked candidate from a common CBA source league with strong usage/scoring profile.,,,29.341463414634145,,,,,,,19.50822942643392,0.5778852867830424,0.53,,,,,,,,1.0,0,0,,1,-0.8384984105651299,0.0046152827350056,-0.027,-2.329476756306025,,,,,,,,,,,,,,https://www.google.com/search?q=%22Mike+James%22+%22EuroLeague%22+official+basketball+stats,,https://www.google.com/search?q=site%3Aeuroleaguebasketball.net%2Feuroleague%2Fplayers+%22Mike+James%22,https://www.google.com/search?q=site%3Aeuroleaguebasketball.net%2Feuroleague%2Fplayers+%22Mike+James%22,Mike James EuroLeague basketball highlights,https://www.youtube.com/results?search_query=Mike+James+EuroLeague+basketball+highlights,https://www.google.com/search?tbm=vid&q=Mike+James+EuroLeague+basketball+highlights,https://www.youtube.com/results?search_query=Mike+James+EuroLeague+basketball+highlights,,True,latest_season_only,E:\Project cba\data\reports\context_feature_topk_predictions.csv,2015 - 2016,kaggle_49leagues,Spanish-ACB,,,,,,,,,
250,Maodo Lo,maodolo,2024-2025,EuroLeague,Paris Basketball,euroleague_api,euroleague_api,common CBA source league pool + rule-based baseline,1.0908424338988982,High-ranked candidate from a common CBA source league with strong usage/scoring profile.,,,17.17183908045977,,,,,,,20.96455704675525,0.5956263596505909,0.56,,,,,,,,1.0,0,0,,1,1.9361658795628247,0.0391735030084597,0.008,-4.774314765694079,,,,,,,,,,,,,,https://www.google.com/search?q=%22Maodo+Lo%22+%22EuroLeague%22+official+basketball+stats,,https://www.google.com/search?q=site%3Aeuroleaguebasketball.net%2Feuroleague%2Fplayers+%22Maodo+Lo%22,https://www.google.com/search?q=site%3Aeuroleaguebasketball.net%2Feuroleague%2Fplayers+%22Maodo+Lo%22,Maodo Lo EuroLeague basketball highlights,https://www.youtube.com/results?search_query=Maodo+Lo+EuroLeague+basketball+highlights,https://www.google.com/search?tbm=vid&q=Maodo+Lo+EuroLeague+basketball+highlights,https://www.youtube.com/results?search_query=Maodo+Lo+EuroLeague+basketball+highlights,,True,latest_season_only,E:\Project cba\data\reports\context_feature_topk_predictions.csv,2017 - 2018,kaggle_49leagues,Euroleague,,,,,,,,,
251,Ben Saraf,bensaraf,2024-2025,EuroCup,ratiopharm ulm,euroleague_api,euroleague_api,common CBA source league pool + rule-based baseline,1.085634425567361,High-ranked candidate from a common CBA source league with strong usage/scoring profile.,,,24.417708333333337,,,,,,,18.87154984855595,0.6333108655774072,0.493,,,,,,,,1.0,0,0,,0,,,,,,,,,,,,,,,,,,https://www.google.com/search?q=%22Ben+Saraf%22+%22EuroCup%22+official+basketball+stats,,https://www.google.com/search?q=site%3Aeuroleaguebasketball.net%2Feuroleague%2Fplayers+%22Ben+Saraf%22,https://www.google.com/search?q=site%3Aeuroleaguebasketball.net%2Feuroleague%2Fplayers+%22Ben+Saraf%22,Ben Saraf EuroCup basketball highlights,https://www.youtube.com/results?search_query=Ben+Saraf+EuroCup+basketball+highlights,https://www.google.com/search?tbm=vid&q=Ben+Saraf+EuroCup+basketball+highlights,https://www.youtube.com/results?search_query=Ben+Saraf+EuroCup+basketball+highlights,,True,latest_season_only,E:\Project cba\data\reports\context_feature_topk_predictions.csv,2024-2025,euroleague_api,EuroCup,,,,,,,,,
252,Jarace Walker,jaracewalker,2024-2025,G League,IMA,gleague_nba_api,gleague_nba_api,common CBA source league pool + rule-based baseline,1.0835994956568682,High-ranked candidate from a common CBA source league with strong usage/scoring profile.,,,42.1,,,,,,,17.102137767220903,0.5301662707838479,0.613,,,,,,,,1.0,0,0,,1,-4.497862232779099,-0.0473194435018663,0.01,7.100000000000001,,,,,,nba_api,,,,,,https://www.nba.com/stats/player/1641716,https://www.nba.com/stats/player/1641716,https://www.google.com/search?q=%22Jarace+Walker%22+%22G+League%22+official+basketball+stats,https://www.nba.com/stats/player/1641716,,https://www.google.com/search?q=%22Jarace+Walker%22+%22G+League%22+official+basketball+stats,Jarace Walker G League basketball highlights,https://www.youtube.com/results?search_query=Jarace+Walker+G+League+basketball+highlights,https://www.google.com/search?tbm=vid&q=Jarace+Walker+G+League+basketball+highlights,https://www.youtube.com/results?search_query=Jarace+Walker+G+League+basketball+highlights,,True,latest_season_only,E:\Project cba\data\reports\context_feature_topk_predictions.csv,2023-2024,gleague_nba_api,G League,1641716.0,,,,,high,exact_player_name_key_unique,matched_static_only_commonplayerinfo_skipped_after_limit_or_failure,2026-06-03T12:34:07.372468+00:00
253,Emanuel Miller,emanuelmiller,2024-2025,G League,WCB,gleague_nba_api,gleague_nba_api,common CBA source league pool + rule-based baseline,1.0824066054950978,High-ranked candidate from a common CBA source league with strong usage/scoring profile.,,,34.3,,,,,,,17.31778425655977,0.4848979591836734,0.559,,,,,,,,1.0,0,0,,0,,,,,,,,,,nba_api,,,,,,https://www.nba.com/stats/player/1641801,https://www.nba.com/stats/player/1641801,https://www.google.com/search?q=%22Emanuel+Miller%22+%22G+League%22+official+basketball+stats,https://www.nba.com/stats/player/1641801,,https://www.google.com/search?q=%22Emanuel+Miller%22+%22G+League%22+official+basketball+stats,Emanuel Miller G League basketball highlights,https://www.youtube.com/results?search_query=Emanuel+Miller+G+League+basketball+highlights,https://www.google.com/search?tbm=vid&q=Emanuel+Miller+G+League+basketball+highlights,https://www.youtube.com/results?search_query=Emanuel+Miller+G+League+basketball+highlights,,True,latest_season_only,E:\Project cba\data\reports\context_feature_topk_predictions.csv,2024-2025,gleague_nba_api,G League,1641801.0,,,,,high,exact_player_name_key_unique,matched_static_only_commonplayerinfo_skipped_after_limit_or_failure,2026-06-03T12:34:07.376581+00:00
254,Frank Kaminsky,frankkaminsky,2024-2025,G League,RAP,gleague_nba_api,gleague_nba_api,common CBA source league pool + rule-based baseline,1.0815353130336862,High-ranked candidate from a common CBA source league with strong usage/scoring profile.,,,26.8,,,,,,,17.328358208955223,0.4546268656716417,0.608,,,,,,,,1.0,0,0,,1,-1.2845189896892857,0.0077783906030601,-0.03,9.586111111111112,,,,,,nba_api,,,,,,https://www.nba.com/stats/player/1626163,https://www.nba.com/stats/player/1626163,https://www.google.com/search?q=%22Frank+Kaminsky%22+%22G+League%22+official+basketball+stats,https://www.nba.com/stats/player/1626163,,https://www.google.com/search?q=%22Frank+Kaminsky%22+%22G+League%22+official+basketball+stats,Frank Kaminsky G League basketball highlights,https://www.youtube.com/results?search_query=Frank+Kaminsky+G+League+basketball+highlights,https://www.google.com/search?tbm=vid&q=Frank+Kaminsky+G+League+basketball+highlights,https://www.youtube.com/results?search_query=Frank+Kaminsky+G+League+basketball+highlights,,True,latest_season_only,E:\Project cba\data\reports\context_feature_topk_predictions.csv,2023-2024,euroleague_api,EuroLeague,1626163.0,,,,,high,exact_player_name_key_unique,matched_static_only_commonplayerinfo_skipped_after_limit_or_failure,2026-06-03T12:34:07.376581+00:00
255,Roman Sorkin,romansorkin,2024-2025,EuroLeague,Maccabi Rapyd Tel Aviv,euroleague_api,euroleague_api,common CBA source league pool + rule-based baseline,1.0809241597209391,High-ranked candidate from a common CBA source league with strong usage/scoring profile.,,,23.360606060606063,,,,,,,19.879621221948373,0.5284109482423142,0.601,,,,,,,,1.0,0,0,,1,4.3460102760828185,0.0986984755078307,0.01,7.601231060606063,,,,,,,,,,,,,,https://www.google.com/search?q=%22Roman+Sorkin%22+%22EuroLeague%22+official+basketball+stats,,https://www.google.com/search?q=site%3Aeuroleaguebasketball.net%2Feuroleague%2Fplayers+%22Roman+Sorkin%22,https://www.google.com/search?q=site%3Aeuroleaguebasketball.net%2Feuroleague%2Fplayers+%22Roman+Sorkin%22,Roman Sorkin EuroLeague basketball highlights,https://www.youtube.com/results?search_query=Roman+Sorkin+EuroLeague+basketball+highlights,https://www.google.com/search?tbm=vid&q=Roman+Sorkin+EuroLeague+basketball+highlights,https://www.youtube.com/results?search_query=Roman+Sorkin+EuroLeague+basketball+highlights,,True,latest_season_only,E:\Project cba\data\reports\context_feature_topk_predictions.csv,2019 - 2020,kaggle_49leagues,Israeli-BSL,,,,,,,,,
256,Babacar Sane,babacarsane,2024-2025,G League,IWA,gleague_nba_api,gleague_nba_api,common CBA source league pool + rule-based baseline,1.079614473785456,High-ranked candidate from a common CBA source league with strong usage/scoring profile.,,,17.4,,,,,,,18.0,0.5558620689655173,0.531,,,,,,,,1.0,0,0,,1,0.4000000000000021,0.0575509578544062,-0.0499999999999999,-5.100000000000001,,,,,,nba_api,,,,,,,,https://www.google.com/search?q=site%3Anba.com%2Fstats+%22Babacar+Sane%22+basketball,,,https://www.google.com/search?q=site%3Anba.com%2Fstats+%22Babacar+Sane%22+basketball,Babacar Sane G League basketball highlights,https://www.youtube.com/results?search_query=Babacar+Sane+G+League+basketball+highlights,https://www.google.com/search?tbm=vid&q=Babacar+Sane+G+League+basketball+highlights,https://www.youtube.com/results?search_query=Babacar+Sane+G+League+basketball+highlights,,True,latest_season_only,E:\Project cba\data\reports\context_feature_topk_predictions.csv,2022-2023,gleague_nba_api,G League,,,,,,none,nba_static_players_name_key,no_confident_unique_match,2026-06-03T12:34:07.384309+00:00
257,Chuma Okeke,chumaokeke,2024-2025,G League,WES,gleague_nba_api,gleague_nba_api,common CBA source league pool + rule-based baseline,1.0754482324899852,High-ranked candidate from a common CBA source league with strong usage/scoring profile.,,,36.4,,,,,,,17.208791208791204,0.4637362637362637,0.581,,,,,,,,1.0,0,0,,1,-5.493911493911497,-0.0164439164439165,-0.1079999999999999,14.2,,,,,,nba_api,,,,,,https://www.nba.com/stats/player/1629643,https://www.nba.com/stats/player/1629643,https://www.google.com/search?q=%22Chuma+Okeke%22+%22G+League%22+official+basketball+stats,https://www.nba.com/stats/player/1629643,,https://www.google.com/search?q=%22Chuma+Okeke%22+%22G+League%22+official+basketball+stats,Chuma Okeke G League basketball highlights,https://www.youtube.com/results?search_query=Chuma+Okeke+G+League+basketball+highlights,https://www.google.com/search?tbm=vid&q=Chuma+Okeke+G+League+basketball+highlights,https://www.youtube.com/results?search_query=Chuma+Okeke+G+League+basketball+highlights,,True,latest_season_only,E:\Project cba\data\reports\context_feature_topk_predictions.csv,2022-2023,gleague_nba_api,G League,1629643.0,,,,,high,exact_player_name_key_unique,matched_static_only_commonplayerinfo_skipped_after_limit_or_failure,2026-06-03T12:34:07.384309+00:00
258,JT Thor,jtthor,2024-2025,G League,CCG,gleague_nba_api,gleague_nba_api,common CBA source league pool + rule-based baseline,1.0752961246320527,High-ranked candidate from a common CBA source league with strong usage/scoring profile.,,,30.6,,,,,,,17.058823529411764,0.4597385620915032,0.606,,,,,,,,1.0,0,0,,1,1.3497326203208573,-0.0179341651812239,0.0919999999999999,3.1000000000000014,,,,,,nba_api,,,,,,https://www.nba.com/stats/player/1630550,https://www.nba.com/stats/player/1630550,https://www.google.com/search?q=%22JT+Thor%22+%22G+League%22+official+basketball+stats,https://www.nba.com/stats/player/1630550,,https://www.google.com/search?q=%22JT+Thor%22+%22G+League%22+official+basketball+stats,JT Thor G League basketball highlights,https://www.youtube.com/results?search_query=JT+Thor+G+League+basketball+highlights,https://www.google.com/search?tbm=vid&q=JT+Thor+G+League+basketball+highlights,https://www.youtube.com/results?search_query=JT+Thor+G+League+basketball+highlights,,True,latest_season_only,E:\Project cba\data\reports\context_feature_topk_predictions.csv,2021-2022,gleague_nba_api,G League,1630550.0,,,,,high,exact_player_name_key_unique,matched_static_only_commonplayerinfo_skipped_after_limit_or_failure,2026-06-03T12:34:07.387824+00:00
259,Mouhamed Gueye,mouhamedgueye,2024-2025,G League,CPS,gleague_nba_api,gleague_nba_api,common CBA source league pool + rule-based baseline,1.0745911326406437,High-ranked candidate from a common CBA source league with strong usage/scoring profile.,,,28.7,,,,,,,18.81533101045296,0.4324738675958188,0.651,,,,,,,,1.0,0,0,,1,0.7062401013620523,-0.1270412839193328,0.1580000000000001,12.2,,,,,,nba_api,,,,,,https://www.nba.com/stats/player/1631243,https://www.nba.com/stats/player/1631243,https://www.google.com/search?q=%22Mouhamed+Gueye%22+%22G+League%22+official+basketball+stats,https://www.nba.com/stats/player/1631243,,https://www.google.com/search?q=%22Mouhamed+Gueye%22+%22G+League%22+official+basketball+stats,Mouhamed Gueye G League basketball highlights,https://www.youtube.com/results?search_query=Mouhamed+Gueye+G+League+basketball+highlights,https://www.google.com/search?tbm=vid&q=Mouhamed+Gueye+G+League+basketball+highlights,https://www.youtube.com/results?search_query=Mouhamed+Gueye+G+League+basketball+highlights,,True,latest_season_only,E:\Project cba\data\reports\context_feature_topk_predictions.csv,2023-2024,gleague_nba_api,G League,1631243.0,,,,,high,exact_player_name_key_unique,matched_static_only_commonplayerinfo_skipped_after_limit_or_failure,2026-06-03T12:34:07.389844+00:00
260,Ishmael Lane,ishmaellane,2024-2025,G League,IMA,gleague_nba_api,gleague_nba_api,common CBA source league pool + rule-based baseline,1.0734376606143663,High-ranked candidate from a common CBA source league with strong usage/scoring profile.,,,17.0,,,,,,,18.0,0.4576470588235294,0.619,,,,,,,,1.0,0,0,,1,0.0879609062638842,0.0018496354561371,0.004290889132821,-4.43809523809524,,,,,,nba_api,,,,,,,,https://www.google.com/search?q=site%3Anba.com%2Fstats+%22Ishmael+Lane%22+basketball,,,https://www.google.com/search?q=site%3Anba.com%2Fstats+%22Ishmael+Lane%22+basketball,Ishmael Lane G League basketball highlights,https://www.youtube.com/results?search_query=Ishmael+Lane+G+League+basketball+highlights,https://www.google.com/search?tbm=vid&q=Ishmael+Lane+G+League+basketball+highlights,https://www.youtube.com/results?search_query=Ishmael+Lane+G+League+basketball+highlights,,True,latest_season_only,E:\Project cba\data\reports\context_feature_topk_predictions.csv,2019 - 2020,kaggle_49leagues,Japanese-BLeague,,,,,,none,nba_static_players_name_key,no_confident_unique_match,2026-06-03T12:34:07.393426+00:00
261,Riley Minix,rileyminix,2024-2025,G League,AUS,gleague_nba_api,gleague_nba_api,common CBA source league pool + rule-based baseline,1.0724486802878077,High-ranked candidate from a common CBA source league with strong usage/scoring profile.,,,24.0,,,,,,,19.05,0.4295,0.658,,,,,,,,1.0,0,0,,0,,,,,,,,,,nba_api,,,,,,https://www.nba.com/stats/player/1642434,https://www.nba.com/stats/player/1642434,https://www.google.com/search?q=%22Riley+Minix%22+%22G+League%22+official+basketball+stats,https://www.nba.com/stats/player/1642434,,https://www.google.com/search?q=%22Riley+Minix%22+%22G+League%22+official+basketball+stats,Riley Minix G League basketball highlights,https://www.youtube.com/results?search_query=Riley+Minix+G+League+basketball+highlights,https://www.google.com/search?tbm=vid&q=Riley+Minix+G+League+basketball+highlights,https://www.youtube.com/results?search_query=Riley+Minix+G+League+basketball+highlights,,True,latest_season_only,E:\Project cba\data\reports\context_feature_topk_predictions.csv,2024-2025,gleague_nba_api,G League,1642434.0,,,,,high,exact_player_name_key_unique,matched_static_only_commonplayerinfo_skipped_after_limit_or_failure,2026-06-03T12:34:07.393426+00:00
262,Oshae Brissett,oshaebrissett,2024-2025,G League,LIN,gleague_nba_api,gleague_nba_api,common CBA source league pool + rule-based baseline,1.070985754273568,High-ranked candidate from a common CBA source league with strong usage/scoring profile.,,,25.5,,,,,,,17.08235294117647,0.4980392156862743,0.52,,,,,,,,1.0,0,0,,1,-2.2702482148928844,-0.013521477955344,-0.0689999999999999,-9.1,,,,,,nba_api,,,,,,https://www.nba.com/stats/player/1629052,https://www.nba.com/stats/player/1629052,https://www.google.com/search?q=%22Oshae+Brissett%22+%22G+League%22+official+basketball+stats,https://www.nba.com/stats/player/1629052,,https://www.google.com/search?q=%22Oshae+Brissett%22+%22G+League%22+official+basketball+stats,Oshae Brissett G League basketball highlights,https://www.youtube.com/results?search_query=Oshae+Brissett+G+League+basketball+highlights,https://www.google.com/search?tbm=vid&q=Oshae+Brissett+G+League+basketball+highlights,https://www.youtube.com/results?search_query=Oshae+Brissett+G+League+basketball+highlights,,True,latest_season_only,E:\Project cba\data\reports\context_feature_topk_predictions.csv,2019-2020,gleague_nba_api,G League,1629052.0,,,,,high,exact_player_name_key_unique,matched_static_only_commonplayerinfo_skipped_after_limit_or_failure,2026-06-03T12:34:07.395430+00:00
263,Zach Leday,zachleday,2024-2025,EuroLeague,EA7 Emporio Armani Milan,euroleague_api,euroleague_api,common CBA source league pool + rule-based baseline,1.0702401986744925,High-ranked candidate from a common CBA source league with strong usage/scoring profile.,,,27.644117647058824,,,,,,,20.836259176508136,0.4734461112884349,0.6779999999999999,,,,,,,,1.0,0,0,,1,8.621764538874078,0.147194032296292,0.0819999999999999,-2.418526031102097,,,,,,,,,,,,,,https://www.google.com/search?q=%22Zach+Leday%22+%22EuroLeague%22+official+basketball+stats,,https://www.google.com/search?q=site%3Aeuroleaguebasketball.net%2Feuroleague%2Fplayers+%22Zach+Leday%22,https://www.google.com/search?q=site%3Aeuroleaguebasketball.net%2Feuroleague%2Fplayers+%22Zach+Leday%22,Zach Leday EuroLeague basketball highlights,https://www.youtube.com/results?search_query=Zach+Leday+EuroLeague+basketball+highlights,https://www.google.com/search?tbm=vid&q=Zach+Leday+EuroLeague+basketball+highlights,https://www.youtube.com/results?search_query=Zach+Leday+EuroLeague+basketball+highlights,,True,latest_season_only,E:\Project cba\data\reports\context_feature_topk_predictions.csv,2017 - 2018,kaggle_49leagues,Israeli-BSL,,,,,,,,,
264,Stanley Johnson,stanleyjohnson,2024-2025,G League,SBL,gleague_nba_api,gleague_nba_api,common CBA source league pool + rule-based baseline,1.0695885967355,High-ranked candidate from a common CBA source league with strong usage/scoring profile.,,,33.5,,,,,,,16.334328358208953,0.5307462686567165,0.52,,,,,,,,1.0,0,0,,1,-2.529140276477396,0.0476466376604065,-0.1059999999999999,6.399999999999999,,,,,,nba_api,,,,,,https://www.nba.com/stats/player/1626169,https://www.nba.com/stats/player/1626169,https://www.google.com/search?q=%22Stanley+Johnson%22+%22G+League%22+official+basketball+stats,https://www.nba.com/stats/player/1626169,,https://www.google.com/search?q=%22Stanley+Johnson%22+%22G+League%22+official+basketball+stats,Stanley Johnson G League basketball highlights,https://www.youtube.com/results?search_query=Stanley+Johnson+G+League+basketball+highlights,https://www.google.com/search?tbm=vid&q=Stanley+Johnson+G+League+basketball+highlights,https://www.youtube.com/results?search_query=Stanley+Johnson+G+League+basketball+highlights,,True,latest_season_only,E:\Project cba\data\reports\context_feature_topk_predictions.csv,2019-2020,gleague_nba_api,G League,1626169.0,,,,,high,exact_player_name_key_unique,matched_static_only_commonplayerinfo_skipped_after_limit_or_failure,2026-06-03T12:34:07.395430+00:00
265,Luke Travers,luketravers,2024-2025,G League,CLC,gleague_nba_api,gleague_nba_api,common CBA source league pool + rule-based baseline,1.0689244315894424,High-ranked candidate from a common CBA source league with strong usage/scoring profile.,,,34.3,,,,,,,16.478134110787174,0.5286297376093294,0.558,,,,,,,,1.0,0,0,,0,,,,,,,,,,nba_api,,,,,,https://www.nba.com/stats/player/1631247,https://www.nba.com/stats/player/1631247,https://www.google.com/search?q=%22Luke+Travers%22+%22G+League%22+official+basketball+stats,https://www.nba.com/stats/player/1631247,,https://www.google.com/search?q=%22Luke+Travers%22+%22G+League%22+official+basketball+stats,Luke Travers G League basketball highlights,https://www.youtube.com/results?search_query=Luke+Travers+G+League+basketball+highlights,https://www.google.com/search?tbm=vid&q=Luke+Travers+G+League+basketball+highlights,https://www.youtube.com/results?search_query=Luke+Travers+G+League+basketball+highlights,,True,latest_season_only,E:\Project cba\data\reports\context_feature_topk_predictions.csv,2024-2025,gleague_nba_api,G League,1631247.0,,,,,high,exact_player_name_key_unique,matched_static_only_commonplayerinfo_skipped_after_limit_or_failure,2026-06-03T12:34:07.395430+00:00
266,Dexter Dennis,dexterdennis,2024-2025,G League,STO,gleague_nba_api,gleague_nba_api,common CBA source league pool + rule-based baseline,1.0675456304815445,High-ranked candidate from a common CBA source league with strong usage/scoring profile.,,,29.6,,,,,,,16.783783783783782,0.4555405405405405,0.567,,,,,,,,1.0,0,0,,1,3.619604679306171,0.1037494957644212,-0.038,2.8000000000000007,,,,,,nba_api,,,,,,https://www.nba.com/stats/player/1641926,https://www.nba.com/stats/player/1641926,https://www.google.com/search?q=%22Dexter+Dennis%22+%22G+League%22+official+basketball+stats,https://www.nba.com/stats/player/1641926,,https://www.google.com/search?q=%22Dexter+Dennis%22+%22G+League%22+official+basketball+stats,Dexter Dennis G League basketball highlights,https://www.youtube.com/results?search_query=Dexter+Dennis+G+League+basketball+highlights,https://www.google.com/search?tbm=vid&q=Dexter+Dennis+G+League+basketball+highlights,https://www.youtube.com/results?search_query=Dexter+Dennis+G+League+basketball+highlights,,True,latest_season_only,E:\Project cba\data\reports\context_feature_topk_predictions.csv,2023-2024,gleague_nba_api,G League,1641926.0,,,,,high,exact_player_name_key_unique,matched_static_only_commonplayerinfo_skipped_after_limit_or_failure,2026-06-03T12:34:07.405705+00:00
267,Yanni Wetzell,yanniwetzell,2024-2025,EuroLeague,ALBA Berlin,euroleague_api,euroleague_api,common CBA source league pool + rule-based baseline,1.0650896169698194,High-ranked candidate from a common CBA source league with strong usage/scoring profile.,,,20.853571428571428,,,,,,,19.33481760575441,0.529597533824285,0.59,,,,,,,,1.0,0,0,,1,5.131037971386249,0.0966919013675227,0.036,0.8307319223985878,,,,,,,,,,,,,,https://www.google.com/search?q=%22Yanni+Wetzell%22+%22EuroLeague%22+official+basketball+stats,,https://www.google.com/search?q=site%3Aeuroleaguebasketball.net%2Feuroleague%2Fplayers+%22Yanni+Wetzell%22,https://www.google.com/search?q=site%3Aeuroleaguebasketball.net%2Feuroleague%2Fplayers+%22Yanni+Wetzell%22,Yanni Wetzell EuroLeague basketball highlights,https://www.youtube.com/results?search_query=Yanni+Wetzell+EuroLeague+basketball+highlights,https://www.google.com/search?tbm=vid&q=Yanni+Wetzell+EuroLeague+basketball+highlights,https://www.youtube.com/results?search_query=Yanni+Wetzell+EuroLeague+basketball+highlights,,True,latest_season_only,E:\Project cba\data\reports\context_feature_topk_predictions.csv,2022-2023,euroleague_api,EuroLeague,,,,,,,,,
268,Tristen Newton,tristennewton,2024-2025,G League,IWA,gleague_nba_api,gleague_nba_api,common CBA source league pool + rule-based baseline,1.064401498390104,High-ranked candidate from a common CBA source league with strong usage/scoring profile.,,,35.7,,,,,,,16.43697478991597,0.5029691876750699,0.556,,,,,,,,1.0,0,0,,0,,,,,,,,,,nba_api,,,,,,https://www.nba.com/stats/player/1641803,https://www.nba.com/stats/player/1641803,https://www.google.com/search?q=%22Tristen+Newton%22+%22G+League%22+official+basketball+stats,https://www.nba.com/stats/player/1641803,,https://www.google.com/search?q=%22Tristen+Newton%22+%22G+League%22+official+basketball+stats,Tristen Newton G League basketball highlights,https://www.youtube.com/results?search_query=Tristen+Newton+G+League+basketball+highlights,https://www.google.com/search?tbm=vid&q=Tristen+Newton+G+League+basketball+highlights,https://www.youtube.com/results?search_query=Tristen+Newton+G+League+basketball+highlights,,True,latest_season_only,E:\Project cba\data\reports\context_feature_topk_predictions.csv,2024-2025,gleague_nba_api,G League,1641803.0,,,,,high,exact_player_name_key_unique,matched_static_only_commonplayerinfo_skipped_after_limit_or_failure,2026-06-03T12:34:07.408469+00:00
269,Aaron Estrada,aaronestrada,2024-2025,G League,MCC,gleague_nba_api,gleague_nba_api,common CBA source league pool + rule-based baseline,1.064161556281242,High-ranked candidate from a common CBA source league with strong usage/scoring profile.,,,19.9,,,,,,,16.64321608040201,0.528643216080402,0.547,,,,,,,,1.0,0,0,,0,,,,,,,,,,nba_api,,,,,,,,https://www.google.com/search?q=site%3Anba.com%2Fstats+%22Aaron+Estrada%22+basketball,,,https://www.google.com/search?q=site%3Anba.com%2Fstats+%22Aaron+Estrada%22+basketball,Aaron Estrada G League basketball highlights,https://www.youtube.com/results?search_query=Aaron+Estrada+G+League+basketball+highlights,https://www.google.com/search?tbm=vid&q=Aaron+Estrada+G+League+basketball+highlights,https://www.youtube.com/results?search_query=Aaron+Estrada+G+League+basketball+highlights,,True,latest_season_only,E:\Project cba\data\reports\context_feature_topk_predictions.csv,2024-2025,gleague_nba_api,G League,,,,,,none,nba_static_players_name_key,no_confident_unique_match,2026-06-03T12:34:07.412479+00:00
270,Nassir Little,nassirlittle,2024-2025,G League,SXF,gleague_nba_api,gleague_nba_api,common CBA source league pool + rule-based baseline,1.0641004048609362,High-ranked candidate from a common CBA source league with strong usage/scoring profile.,,,34.3,,,,,,,17.527696793002917,0.4338192419825073,0.655,,,,,,,,1.0,0,0,,0,,,,,,,,,,nba_api,,,,,,https://www.nba.com/stats/player/1629642,https://www.nba.com/stats/player/1629642,https://www.google.com/search?q=%22Nassir+Little%22+%22G+League%22+official+basketball+stats,https://www.nba.com/stats/player/1629642,,https://www.google.com/search?q=%22Nassir+Little%22+%22G+League%22+official+basketball+stats,Nassir Little G League basketball highlights,https://www.youtube.com/results?search_query=Nassir+Little+G+League+basketball+highlights,https://www.google.com/search?tbm=vid&q=Nassir+Little+G+League+basketball+highlights,https://www.youtube.com/results?search_query=Nassir+Little+G+League+basketball+highlights,,True,latest_season_only,E:\Project cba\data\reports\context_feature_topk_predictions.csv,2024-2025,gleague_nba_api,G League,1629642.0,,,,,high,exact_player_name_key_unique,matched_static_only_commonplayerinfo_skipped_after_limit_or_failure,2026-06-03T12:34:07.412479+00:00
271,Spencer Jones,spencerjones,2024-2025,G League,GRG,gleague_nba_api,gleague_nba_api,common CBA source league pool + rule-based baseline,1.0627557840407815,High-ranked candidate from a common CBA source league with strong usage/scoring profile.,,,32.4,,,,,,,19.11111111111111,0.4200000000000001,0.702,,,,,,,,1.0,0,0,,0,,,,,,,,,,nba_api,,,,,,https://www.nba.com/stats/player/1642461,https://www.nba.com/stats/player/1642461,https://www.google.com/search?q=%22Spencer+Jones%22+%22G+League%22+official+basketball+stats,https://www.nba.com/stats/player/1642461,,https://www.google.com/search?q=%22Spencer+Jones%22+%22G+League%22+official+basketball+stats,Spencer Jones G League basketball highlights,https://www.youtube.com/results?search_query=Spencer+Jones+G+League+basketball+highlights,https://www.google.com/search?tbm=vid&q=Spencer+Jones+G+League+basketball+highlights,https://www.youtube.com/results?search_query=Spencer+Jones+G+League+basketball+highlights,,True,latest_season_only,E:\Project cba\data\reports\context_feature_topk_predictions.csv,2024-2025,gleague_nba_api,G League,1642461.0,,,,,high,exact_player_name_key_unique,matched_static_only_commonplayerinfo_skipped_after_limit_or_failure,2026-06-03T12:34:07.416354+00:00
272,Joey Baker,joeybaker,2024-2025,G League,GRG,gleague_nba_api,gleague_nba_api,common CBA source league pool + rule-based baseline,1.0613668732955772,High-ranked candidate from a common CBA source league with strong usage/scoring profile.,,,9.2,,,,,,,17.608695652173914,0.5273913043478261,0.569,,,,,,,,1.0,0,0,,1,5.250486696950034,0.1775405580791694,0.0419999999999999,-4.200000000000001,,,,,,nba_api,,,,,,,,https://www.google.com/search?q=site%3Anba.com%2Fstats+%22Joey+Baker%22+basketball,,,https://www.google.com/search?q=site%3Anba.com%2Fstats+%22Joey+Baker%22+basketball,Joey Baker G League basketball highlights,https://www.youtube.com/results?search_query=Joey+Baker+G+League+basketball+highlights,https://www.google.com/search?tbm=vid&q=Joey+Baker+G+League+basketball+highlights,https://www.youtube.com/results?search_query=Joey+Baker+G+League+basketball+highlights,,True,latest_season_only,E:\Project cba\data\reports\context_feature_topk_predictions.csv,2023-2024,gleague_nba_api,G League,,,,,,none,nba_static_players_name_key,no_confident_unique_match,2026-06-03T12:34:07.416354+00:00
273,Yogi Ferrell,yogiferrell,2024-2025,EuroCup,KK Buducnost,euroleague_api,euroleague_api,common CBA source league pool + rule-based baseline,1.0603922350237511,High-ranked candidate from a common CBA source league with strong usage/scoring profile.,,,24.397222222222226,,,,,,,18.29716497779802,0.4823499943071843,0.602,,,,,,,,1.0,0,0,,1,-3.337417154766822,-0.0616500056928156,-0.035,-6.220424836601303,,,,,,,,,,,,,,https://www.google.com/search?q=%22Yogi+Ferrell%22+%22EuroCup%22+official+basketball+stats,,https://www.google.com/search?q=site%3Aeuroleaguebasketball.net%2Feuroleague%2Fplayers+%22Yogi+Ferrell%22,https://www.google.com/search?q=site%3Aeuroleaguebasketball.net%2Feuroleague%2Fplayers+%22Yogi+Ferrell%22,Yogi Ferrell EuroCup basketball highlights,https://www.youtube.com/results?search_query=Yogi+Ferrell+EuroCup+basketball+highlights,https://www.google.com/search?tbm=vid&q=Yogi+Ferrell+EuroCup+basketball+highlights,https://www.youtube.com/results?search_query=Yogi+Ferrell+EuroCup+basketball+highlights,,True,latest_season_only,E:\Project cba\data\reports\context_feature_topk_predictions.csv,2020-2021,gleague_nba_api,G League,,,,,,,,,
274,Evan Gilyard,evangilyard,2024-2025,G League,RAP,gleague_nba_api,gleague_nba_api,common CBA source league pool + rule-based baseline,1.059214078878097,High-ranked candidate from a common CBA source league with strong usage/scoring profile.,,,26.9,,,,,,,16.46096654275093,0.4681040892193308,0.59,,,,,,,,1.0,0,0,,1,2.798315940341295,-0.0162332601782595,0.1309999999999999,10.299999999999995,,,,,,nba_api,,,,,,,,https://www.google.com/search?q=site%3Anba.com%2Fstats+%22Evan+Gilyard%22+basketball,,,https://www.google.com/search?q=site%3Anba.com%2Fstats+%22Evan+Gilyard%22+basketball,Evan Gilyard G League basketball highlights,https://www.youtube.com/results?search_query=Evan+Gilyard+G+League+basketball+highlights,https://www.google.com/search?tbm=vid&q=Evan+Gilyard+G+League+basketball+highlights,https://www.youtube.com/results?search_query=Evan+Gilyard+G+League+basketball+highlights,,True,latest_season_only,E:\Project cba\data\reports\context_feature_topk_predictions.csv,2023-2024,gleague_nba_api,G League,,,,,,none,nba_static_players_name_key,no_confident_unique_match,2026-06-03T12:34:07.416354+00:00
275,Carlik Jones,carlikjones,2024-2025,EuroLeague,Partizan Mozzart Bet Belgrade,euroleague_api,euroleague_api,common CBA source league pool + rule-based baseline,1.058777576672937,High-ranked candidate from a common CBA source league with strong usage/scoring profile.,,,26.96421568627451,,,,,,,18.82494955187521,0.5371563619175742,0.56,,,,,,,,1.0,0,0,,1,-5.7076875238428,-0.0910420715027914,-0.0469999999999999,-11.335784313725489,,,,,,,,,,,,,,https://www.google.com/search?q=%22Carlik+Jones%22+%22EuroLeague%22+official+basketball+stats,,https://www.google.com/search?q=site%3Aeuroleaguebasketball.net%2Feuroleague%2Fplayers+%22Carlik+Jones%22,https://www.google.com/search?q=site%3Aeuroleaguebasketball.net%2Feuroleague%2Fplayers+%22Carlik+Jones%22,Carlik Jones EuroLeague basketball highlights,https://www.youtube.com/results?search_query=Carlik+Jones+EuroLeague+basketball+highlights,https://www.google.com/search?tbm=vid&q=Carlik+Jones+EuroLeague+basketball+highlights,https://www.youtube.com/results?search_query=Carlik+Jones+EuroLeague+basketball+highlights,,True,latest_season_only,E:\Project cba\data\reports\context_feature_topk_predictions.csv,2021-2022,gleague_nba_api,G League,,,,,,,,,
276,Dakota Mathias,dakotamathias,2024-2025,G League,IMA,gleague_nba_api,gleague_nba_api,common CBA source league pool + rule-based baseline,1.0577825810102446,High-ranked candidate from a common CBA source league with strong usage/scoring profile.,,,36.1,,,,,,,17.252077562326875,0.4334626038781162,0.609,,,,,,,,1.0,0,0,,1,-1.103185595567865,-0.0199584487534627,-0.008,5.700000000000003,,,,,,nba_api,,,,,,https://www.nba.com/stats/player/1629751,https://www.nba.com/stats/player/1629751,https://www.google.com/search?q=%22Dakota+Mathias%22+%22G+League%22+official+basketball+stats,https://www.nba.com/stats/player/1629751,,https://www.google.com/search?q=%22Dakota+Mathias%22+%22G+League%22+official+basketball+stats,Dakota Mathias G League basketball highlights,https://www.youtube.com/results?search_query=Dakota+Mathias+G+League+basketball+highlights,https://www.google.com/search?tbm=vid&q=Dakota+Mathias+G+League+basketball+highlights,https://www.youtube.com/results?search_query=Dakota+Mathias+G+League+basketball+highlights,,True,latest_season_only,E:\Project cba\data\reports\context_feature_topk_predictions.csv,2019-2020,gleague_nba_api,G League,1629751.0,,,,,high,exact_player_name_key_unique,matched_static_only_commonplayerinfo_skipped_after_limit_or_failure,2026-06-03T12:34:07.416354+00:00
277,Dariq Whitehead,dariqwhitehead,2024-2025,G League,LIN,gleague_nba_api,gleague_nba_api,common CBA source league pool + rule-based baseline,1.056210951949459,High-ranked candidate from a common CBA source league with strong usage/scoring profile.,,,26.9,,,,,,,16.86245353159851,0.4863940520446098,0.534,,,,,,,,1.0,0,0,,1,1.617555572414835,-0.0356467642819208,0.068,7.299999999999997,,,,,,nba_api,,,,,,https://www.nba.com/stats/player/1641727,https://www.nba.com/stats/player/1641727,https://www.google.com/search?q=%22Dariq+Whitehead%22+%22G+League%22+official+basketball+stats,https://www.nba.com/stats/player/1641727,,https://www.google.com/search?q=%22Dariq+Whitehead%22+%22G+League%22+official+basketball+stats,Dariq Whitehead G League basketball highlights,https://www.youtube.com/results?search_query=Dariq+Whitehead+G+League+basketball+highlights,https://www.google.com/search?tbm=vid&q=Dariq+Whitehead+G+League+basketball+highlights,https://www.youtube.com/results?search_query=Dariq+Whitehead+G+League+basketball+highlights,,True,latest_season_only,E:\Project cba\data\reports\context_feature_topk_predictions.csv,2023-2024,gleague_nba_api,G League,1641727.0,,,,,high,exact_player_name_key_unique,matched_static_only_commonplayerinfo_skipped_after_limit_or_failure,2026-06-03T12:34:07.423482+00:00
278,Yam Madar,yammadar,2024-2025,EuroCup,Hapoel Tel Aviv,euroleague_api,euroleague_api,common CBA source league pool + rule-based baseline,1.0560718275560277,High-ranked candidate from a common CBA source league with strong usage/scoring profile.,,,26.17888888888889,,,,,,,19.80221552565681,0.4508976698781885,0.743,,,,,,,,1.0,0,0,,1,8.351570337853737,0.1159589010773337,0.158,12.66,,,,,,,,,,,,,,https://www.google.com/search?q=%22Yam+Madar%22+%22EuroCup%22+official+basketball+stats,,https://www.google.com/search?q=site%3Aeuroleaguebasketball.net%2Feuroleague%2Fplayers+%22Yam+Madar%22,https://www.google.com/search?q=site%3Aeuroleaguebasketball.net%2Feuroleague%2Fplayers+%22Yam+Madar%22,Yam Madar EuroCup basketball highlights,https://www.youtube.com/results?search_query=Yam+Madar+EuroCup+basketball+highlights,https://www.google.com/search?tbm=vid&q=Yam+Madar+EuroCup+basketball+highlights,https://www.youtube.com/results?search_query=Yam+Madar+EuroCup+basketball+highlights,,True,latest_season_only,E:\Project cba\data\reports\context_feature_topk_predictions.csv,2019 - 2020,kaggle_49leagues,Israeli-BSL,,,,,,,,,
279,Parker Van Dyke,parkervandyke,2024-2025,G League,AUS,gleague_nba_api,gleague_nba_api,common CBA source league pool + rule-based baseline,1.055553212710341,High-ranked candidate from a common CBA source league with strong usage/scoring profile.,,,6.2,,,,,,,19.161290322580644,0.4516129032258064,0.6630000000000001,,,,,,,,1.0,0,0,,0,,,,,,,,,,nba_api,,,,,,,,https://www.google.com/search?q=site%3Anba.com%2Fstats+%22Parker+Van+Dyke%22+basketball,,,https://www.google.com/search?q=site%3Anba.com%2Fstats+%22Parker+Van+Dyke%22+basketball,Parker Van Dyke G League basketball highlights,https://www.youtube.com/results?search_query=Parker+Van+Dyke+G+League+basketball+highlights,https://www.google.com/search?tbm=vid&q=Parker+Van+Dyke+G+League+basketball+highlights,https://www.youtube.com/results?search_query=Parker+Van+Dyke+G+League+basketball+highlights,,True,latest_season_only,E:\Project cba\data\reports\context_feature_topk_predictions.csv,2024-2025,gleague_nba_api,G League,,,,,,none,nba_static_players_name_key,no_confident_unique_match,2026-06-03T12:34:07.423482+00:00
280,Izaiah Brockington,izaiahbrockington,2024-2025,G League,SDC,gleague_nba_api,gleague_nba_api,common CBA source league pool + rule-based baseline,1.0527760350747302,High-ranked candidate from a common CBA source league with strong usage/scoring profile.,,,32.4,,,,,,,16.88888888888889,0.4391358024691358,0.579,,,,,,,,1.0,0,0,,1,1.2804972804972792,0.0375973409306742,-0.031,3.799999999999997,,,,,,nba_api,,,,,,https://www.nba.com/stats/player/1631167,https://www.nba.com/stats/player/1631167,https://www.google.com/search?q=%22Izaiah+Brockington%22+%22G+League%22+official+basketball+stats,https://www.nba.com/stats/player/1631167,,https://www.google.com/search?q=%22Izaiah+Brockington%22+%22G+League%22+official+basketball+stats,Izaiah Brockington G League basketball highlights,https://www.youtube.com/results?search_query=Izaiah+Brockington+G+League+basketball+highlights,https://www.google.com/search?tbm=vid&q=Izaiah+Brockington+G+League+basketball+highlights,https://www.youtube.com/results?search_query=Izaiah+Brockington+G+League+basketball+highlights,,True,latest_season_only,E:\Project cba\data\reports\context_feature_topk_predictions.csv,2022-2023,gleague_nba_api,G League,1631167.0,,,,,high,exact_player_name_key_unique,matched_static_only_commonplayerinfo_skipped_after_limit_or_failure,2026-06-03T12:34:07.423482+00:00
281,Malachi Smith,malachismith,2024-2025,G League,MHU,gleague_nba_api,gleague_nba_api,common CBA source league pool + rule-based baseline,1.051761009880841,High-ranked candidate from a common CBA source league with strong usage/scoring profile.,,,24.7,,,,,,,16.615384615384617,0.4348178137651821,0.596,,,,,,,,1.0,0,0,,1,2.90827164467332,0.0597550522589058,0.006,0.8000000000000007,,,,,,nba_api,,,,,,,,https://www.google.com/search?q=site%3Anba.com%2Fstats+%22Malachi+Smith%22+basketball,,,https://www.google.com/search?q=site%3Anba.com%2Fstats+%22Malachi+Smith%22+basketball,Malachi Smith G League basketball highlights,https://www.youtube.com/results?search_query=Malachi+Smith+G+League+basketball+highlights,https://www.google.com/search?tbm=vid&q=Malachi+Smith+G+League+basketball+highlights,https://www.youtube.com/results?search_query=Malachi+Smith+G+League+basketball+highlights,,True,latest_season_only,E:\Project cba\data\reports\context_feature_topk_predictions.csv,2023-2024,gleague_nba_api,G League,,,,,,none,nba_static_players_name_key,no_confident_unique_match,2026-06-03T12:34:07.423482+00:00
282,Christian Koloko,christiankoloko,2024-2025,G League,SBL,gleague_nba_api,gleague_nba_api,common CBA source league pool + rule-based baseline,1.051428219833824,High-ranked candidate from a common CBA source league with strong usage/scoring profile.,,,30.0,,,,,,,17.76,0.4362666666666666,0.656,,,,,,,,1.0,0,0,,1,0.6864705882352915,-0.0144686274509805,0.02,2.799999999999997,,,,,,nba_api,,,,,,https://www.nba.com/stats/player/1631132,https://www.nba.com/stats/player/1631132,https://www.google.com/search?q=%22Christian+Koloko%22+%22G+League%22+official+basketball+stats,https://www.nba.com/stats/player/1631132,,https://www.google.com/search?q=%22Christian+Koloko%22+%22G+League%22+official+basketball+stats,Christian Koloko G League basketball highlights,https://www.youtube.com/results?search_query=Christian+Koloko+G+League+basketball+highlights,https://www.google.com/search?tbm=vid&q=Christian+Koloko+G+League+basketball+highlights,https://www.youtube.com/results?search_query=Christian+Koloko+G+League+basketball+highlights,,True,latest_season_only,E:\Project cba\data\reports\context_feature_topk_predictions.csv,2022-2023,gleague_nba_api,G League,1631132.0,,,,,high,exact_player_name_key_unique,matched_static_only_commonplayerinfo_skipped_after_limit_or_failure,2026-06-03T12:34:07.423482+00:00
283,Nigel Hayes-Davis,nigelhayesdavis,2024-2025,EuroLeague,Fenerbahce Beko Istanbul,euroleague_api,euroleague_api,common CBA source league pool + rule-based baseline,1.0496709665876645,High-ranked candidate from a common CBA source league with strong usage/scoring profile.,,,31.34230769230769,,,,,,,19.181740090808688,0.4812664130568169,0.609,,,,,,,,1.0,0,0,,1,3.413468330543332,0.0821082293670079,0.006,-0.1639986139986184,,,,,,,,,,,,,,https://www.google.com/search?q=%22Nigel+Hayes-Davis%22+%22EuroLeague%22+official+basketball+stats,,https://www.google.com/search?q=site%3Aeuroleaguebasketball.net%2Feuroleague%2Fplayers+%22Nigel+Hayes-Davis%22,https://www.google.com/search?q=site%3Aeuroleaguebasketball.net%2Feuroleague%2Fplayers+%22Nigel+Hayes-Davis%22,Nigel Hayes-Davis EuroLeague basketball highlights,https://www.youtube.com/results?search_query=Nigel+Hayes-Davis+EuroLeague+basketball+highlights,https://www.google.com/search?tbm=vid&q=Nigel+Hayes-Davis+EuroLeague+basketball+highlights,https://www.youtube.com/results?search_query=Nigel+Hayes-Davis+EuroLeague+basketball+highlights,,True,latest_season_only,E:\Project cba\data\reports\context_feature_topk_predictions.csv,2020-2021,euroleague_api,EuroLeague,,,,,,,,,
284,Brandon Davies,brandondavies,2024-2025,EuroLeague,Partizan Mozzart Bet Belgrade,euroleague_api,euroleague_api,common CBA source league pool + rule-based baseline,1.0495980555513416,High-ranked candidate from a common CBA source league with strong usage/scoring profile.,,,18.717676767676767,,,,,,,19.04082458649254,0.526561074984485,0.5870000000000001,,,,,,,,1.0,0,0,,1,-0.4413254015275889,-0.0358987924382447,0.015,-3.6412518037518034,,,,,,,,,,,,,,https://www.google.com/search?q=%22Brandon+Davies%22+%22EuroLeague%22+official+basketball+stats,,https://www.google.com/search?q=site%3Aeuroleaguebasketball.net%2Feuroleague%2Fplayers+%22Brandon+Davies%22,https://www.google.com/search?q=site%3Aeuroleaguebasketball.net%2Feuroleague%2Fplayers+%22Brandon+Davies%22,Brandon Davies EuroLeague basketball highlights,https://www.youtube.com/results?search_query=Brandon+Davies+EuroLeague+basketball+highlights,https://www.google.com/search?tbm=vid&q=Brandon+Davies+EuroLeague+basketball+highlights,https://www.youtube.com/results?search_query=Brandon+Davies+EuroLeague+basketball+highlights,,True,latest_season_only,E:\Project cba\data\reports\context_feature_topk_predictions.csv,2015 - 2016,kaggle_49leagues,FIBA-Europe-Cup,,,,,,,,,
285,Kassius Robertson,kassiusrobertson,2024-2025,EuroCup,Club Joventut Badalona,euroleague_api,euroleague_api,common CBA source league pool + rule-based baseline,1.0486502844190442,High-ranked candidate from a common CBA source league with strong usage/scoring profile.,,,22.67843137254902,,,,,,,18.57271312467577,0.4728722116548503,0.638,,,,,,,,1.0,0,0,,1,9.177091241166202,0.1237828457390884,0.201,6.968986928104577,,,,,,,,,,,,,,https://www.google.com/search?q=%22Kassius+Robertson%22+%22EuroCup%22+official+basketball+stats,,https://www.google.com/search?q=site%3Aeuroleaguebasketball.net%2Feuroleague%2Fplayers+%22Kassius+Robertson%22,https://www.google.com/search?q=site%3Aeuroleaguebasketball.net%2Feuroleague%2Fplayers+%22Kassius+Robertson%22,Kassius Robertson EuroCup basketball highlights,https://www.youtube.com/results?search_query=Kassius+Robertson+EuroCup+basketball+highlights,https://www.google.com/search?tbm=vid&q=Kassius+Robertson+EuroCup+basketball+highlights,https://www.youtube.com/results?search_query=Kassius+Robertson+EuroCup+basketball+highlights,,True,latest_season_only,E:\Project cba\data\reports\context_feature_topk_predictions.csv,2018 - 2019,kaggle_49leagues,Australian-NBL,,,,,,,,,
286,Boogie Ellis,boogieellis,2024-2025,G League,IMA,gleague_nba_api,gleague_nba_api,common CBA source league pool + rule-based baseline,1.0486261487415007,High-ranked candidate from a common CBA source league with strong usage/scoring profile.,,,20.2,,,,,,,16.574257425742577,0.522970297029703,0.504,,,,,,,,1.0,0,0,,0,,,,,,,,,,nba_api,,,,,,,,https://www.google.com/search?q=site%3Anba.com%2Fstats+%22Boogie+Ellis%22+basketball,,,https://www.google.com/search?q=site%3Anba.com%2Fstats+%22Boogie+Ellis%22+basketball,Boogie Ellis G League basketball highlights,https://www.youtube.com/results?search_query=Boogie+Ellis+G+League+basketball+highlights,https://www.google.com/search?tbm=vid&q=Boogie+Ellis+G+League+basketball+highlights,https://www.youtube.com/results?search_query=Boogie+Ellis+G+League+basketball+highlights,,True,latest_season_only,E:\Project cba\data\reports\context_feature_topk_predictions.csv,2024-2025,gleague_nba_api,G League,,,,,,none,nba_static_players_name_key,no_confident_unique_match,2026-06-03T12:34:07.423482+00:00
287,Zhaire Smith,zhairesmith,2024-2025,G League,TEX,gleague_nba_api,gleague_nba_api,common CBA source league pool + rule-based baseline,1.0480749881244196,High-ranked candidate from a common CBA source league with strong usage/scoring profile.,,,29.5,,,,,,,17.084745762711865,0.4302372881355932,0.634,,,,,,,,1.0,0,0,,1,2.0302003081664086,0.0890251669234721,-0.0709999999999999,-3.5,,,,,,nba_api,,,,,,https://www.nba.com/stats/player/1629015,https://www.nba.com/stats/player/1629015,https://www.google.com/search?q=%22Zhaire+Smith%22+%22G+League%22+official+basketball+stats,https://www.nba.com/stats/player/1629015,,https://www.google.com/search?q=%22Zhaire+Smith%22+%22G+League%22+official+basketball+stats,Zhaire Smith G League basketball highlights,https://www.youtube.com/results?search_query=Zhaire+Smith+G+League+basketball+highlights,https://www.google.com/search?tbm=vid&q=Zhaire+Smith+G+League+basketball+highlights,https://www.youtube.com/results?search_query=Zhaire+Smith+G+League+basketball+highlights,,True,latest_season_only,E:\Project cba\data\reports\context_feature_topk_predictions.csv,2018-2019,gleague_nba_api,G League,1629015.0,,,,,high,exact_player_name_key_unique,matched_static_only_commonplayerinfo_skipped_after_limit_or_failure,2026-06-03T12:34:07.423482+00:00
288,Orlando Robinson,orlandorobinson,2024-2025,G League,STO,gleague_nba_api,gleague_nba_api,common CBA source league pool + rule-based baseline,1.046690471184483,High-ranked candidate from a common CBA source league with strong usage/scoring profile.,,,28.0,,,,,,,17.357142857142858,0.5092857142857142,0.529,,,,,,,,1.0,0,0,,1,-8.678571428571423,-0.1498809523809523,-0.1159999999999999,-5.600000000000001,,,,,,nba_api,,,,,,https://www.nba.com/stats/player/1631115,https://www.nba.com/stats/player/1631115,https://www.google.com/search?q=%22Orlando+Robinson%22+%22G+League%22+official+basketball+stats,https://www.nba.com/stats/player/1631115,,https://www.google.com/search?q=%22Orlando+Robinson%22+%22G+League%22+official+basketball+stats,Orlando Robinson G League basketball highlights,https://www.youtube.com/results?search_query=Orlando+Robinson+G+League+basketball+highlights,https://www.google.com/search?tbm=vid&q=Orlando+Robinson+G+League+basketball+highlights,https://www.youtube.com/results?search_query=Orlando+Robinson+G+League+basketball+highlights,,True,latest_season_only,E:\Project cba\data\reports\context_feature_topk_predictions.csv,2022-2023,gleague_nba_api,G League,1631115.0,,,,,high,exact_player_name_key_unique,matched_static_only_commonplayerinfo_skipped_after_limit_or_failure,2026-06-03T12:34:07.437398+00:00
289,Omer Yurtseven,omeryurtseven,2024-2025,EuroLeague,Panathinaikos AKTOR Athens,euroleague_api,euroleague_api,common CBA source league pool + rule-based baseline,1.046531243389239,High-ranked candidate from a common CBA source league with strong usage/scoring profile.,,,14.579569892473115,,,,,,,20.741352607124423,0.5391105538756545,0.65,,,,,,,,1.0,0,0,,1,-6.758647392875577,-0.1703338905687899,0.078,-21.420430107526883,,,,,,,,,,,,,,https://www.google.com/search?q=%22Omer+Yurtseven%22+%22EuroLeague%22+official+basketball+stats,,https://www.google.com/search?q=site%3Aeuroleaguebasketball.net%2Feuroleague%2Fplayers+%22Omer+Yurtseven%22,https://www.google.com/search?q=site%3Aeuroleaguebasketball.net%2Feuroleague%2Fplayers+%22Omer+Yurtseven%22,Omer Yurtseven EuroLeague basketball highlights,https://www.youtube.com/results?search_query=Omer+Yurtseven+EuroLeague+basketball+highlights,https://www.google.com/search?tbm=vid&q=Omer+Yurtseven+EuroLeague+basketball+highlights,https://www.youtube.com/results?search_query=Omer+Yurtseven+EuroLeague+basketball+highlights,,True,latest_season_only,E:\Project cba\data\reports\context_feature_topk_predictions.csv,2020-2021,gleague_nba_api,G League,,,,,,,,,
290,Markus Howard,markushoward,2024-2025,EuroLeague,Baskonia Vitoria-Gasteiz,euroleague_api,euroleague_api,common CBA source league pool + rule-based baseline,1.0459956226792384,High-ranked candidate from a common CBA source league with strong usage/scoring profile.,,,22.3390625,,,,,,,19.499475414422605,0.5835517940826748,0.522,,,,,,,,1.0,0,0,,1,-10.97470089902351,-0.2155488292476902,-0.0679999999999999,-0.6968349358974386,,,,,,,,,,,,,,https://www.google.com/search?q=%22Markus+Howard%22+%22EuroLeague%22+official+basketball+stats,,https://www.google.com/search?q=site%3Aeuroleaguebasketball.net%2Feuroleague%2Fplayers+%22Markus+Howard%22,https://www.google.com/search?q=site%3Aeuroleaguebasketball.net%2Feuroleague%2Fplayers+%22Markus+Howard%22,Markus Howard EuroLeague basketball highlights,https://www.youtube.com/results?search_query=Markus+Howard+EuroLeague+basketball+highlights,https://www.google.com/search?tbm=vid&q=Markus+Howard+EuroLeague+basketball+highlights,https://www.youtube.com/results?search_query=Markus+Howard+EuroLeague+basketball+highlights,,True,latest_season_only,E:\Project cba\data\reports\context_feature_topk_predictions.csv,2021-2022,gleague_nba_api,G League,,,,,,,,,
291,Dario Brizuela,dariobrizuela,2024-2025,EuroLeague,FC Barcelona,euroleague_api,euroleague_api,common CBA source league pool + rule-based baseline,1.045866404366224,High-ranked candidate from a common CBA source league with strong usage/scoring profile.,,,18.34583333333333,,,,,,,19.62298432886668,0.502348398818987,0.639,,,,,,,,1.0,0,0,,1,4.741062443243049,0.0358741221701995,0.141,4.557291666666664,,,,,,,,,,,,,,https://www.google.com/search?q=%22Dario+Brizuela%22+%22EuroLeague%22+official+basketball+stats,,https://www.google.com/search?q=site%3Aeuroleaguebasketball.net%2Feuroleague%2Fplayers+%22Dario+Brizuela%22,https://www.google.com/search?q=site%3Aeuroleaguebasketball.net%2Feuroleague%2Fplayers+%22Dario+Brizuela%22,Dario Brizuela EuroLeague basketball highlights,https://www.youtube.com/results?search_query=Dario+Brizuela+EuroLeague+basketball+highlights,https://www.google.com/search?tbm=vid&q=Dario+Brizuela+EuroLeague+basketball+highlights,https://www.youtube.com/results?search_query=Dario+Brizuela+EuroLeague+basketball+highlights,,True,latest_season_only,E:\Project cba\data\reports\context_feature_topk_predictions.csv,2015 - 2016,kaggle_49leagues,Spanish-ACB,,,,,,,,,
292,Jakub Schenk,jakubschenk,2024-2025,EuroCup,Trefl Sopot,euroleague_api,euroleague_api,common CBA source league pool + rule-based baseline,1.0451922835884389,High-ranked candidate from a common CBA source league with strong usage/scoring profile.,,,23.496296296296297,,,,,,,17.006935687263557,0.5197414880201765,0.596,,,,,,,,1.0,0,0,,1,0.9993670969135096,0.0135289367745127,0.0158485845951282,4.843355119825706,,,,,,,,,,,,,,https://www.google.com/search?q=%22Jakub+Schenk%22+%22EuroCup%22+official+basketball+stats,,https://www.google.com/search?q=site%3Aeuroleaguebasketball.net%2Feuroleague%2Fplayers+%22Jakub+Schenk%22,https://www.google.com/search?q=site%3Aeuroleaguebasketball.net%2Feuroleague%2Fplayers+%22Jakub+Schenk%22,Jakub Schenk EuroCup basketball highlights,https://www.youtube.com/results?search_query=Jakub+Schenk+EuroCup+basketball+highlights,https://www.google.com/search?tbm=vid&q=Jakub+Schenk+EuroCup+basketball+highlights,https://www.youtube.com/results?search_query=Jakub+Schenk+EuroCup+basketball+highlights,,True,latest_season_only,E:\Project cba\data\reports\context_feature_topk_predictions.csv,2016 - 2017,kaggle_49leagues,Polish-TBL,,,,,,,,,
293,Will Clyburn,willclyburn,2024-2025,EuroLeague,Virtus Bologna,euroleague_api,euroleague_api,common CBA source league pool + rule-based baseline,1.0441015131335465,High-ranked candidate from a common CBA source league with strong usage/scoring profile.,,,27.430555555555564,,,,,,,18.11118987341772,0.5030886075949367,0.551,,,,,,,,1.0,0,0,,1,1.206399947561536,0.0186823465616308,0.009,-0.8927777777777663,,,,,,,,,,,,,,https://www.google.com/search?q=%22Will+Clyburn%22+%22EuroLeague%22+official+basketball+stats,,https://www.google.com/search?q=site%3Aeuroleaguebasketball.net%2Feuroleague%2Fplayers+%22Will+Clyburn%22,https://www.google.com/search?q=site%3Aeuroleaguebasketball.net%2Feuroleague%2Fplayers+%22Will+Clyburn%22,Will Clyburn EuroLeague basketball highlights,https://www.youtube.com/results?search_query=Will+Clyburn+EuroLeague+basketball+highlights,https://www.google.com/search?tbm=vid&q=Will+Clyburn+EuroLeague+basketball+highlights,https://www.youtube.com/results?search_query=Will+Clyburn+EuroLeague+basketball+highlights,,True,latest_season_only,E:\Project cba\data\reports\context_feature_topk_predictions.csv,2013 - 2014,kaggle_49leagues,Australian-NBL,,,,,,,,,
294,Justyn Hamilton,justynhamilton,2024-2025,G League,OKL,gleague_nba_api,gleague_nba_api,common CBA source league pool + rule-based baseline,1.0433776472542278,High-ranked candidate from a common CBA source league with strong usage/scoring profile.,,,15.5,,,,,,,17.883870967741935,0.4606451612903225,0.618,,,,,,,,1.0,0,0,,0,,,,,,,,,,nba_api,,,,,,,,https://www.google.com/search?q=site%3Anba.com%2Fstats+%22Justyn+Hamilton%22+basketball,,,https://www.google.com/search?q=site%3Anba.com%2Fstats+%22Justyn+Hamilton%22+basketball,Justyn Hamilton G League basketball highlights,https://www.youtube.com/results?search_query=Justyn+Hamilton+G+League+basketball+highlights,https://www.google.com/search?tbm=vid&q=Justyn+Hamilton+G+League+basketball+highlights,https://www.youtube.com/results?search_query=Justyn+Hamilton+G+League+basketball+highlights,,True,latest_season_only,E:\Project cba\data\reports\context_feature_topk_predictions.csv,2024-2025,gleague_nba_api,G League,,,,,,none,nba_static_players_name_key,no_confident_unique_match,2026-06-03T12:34:07.439403+00:00
295,Kyle Mangas,kylemangas,2024-2025,G League,AUS,gleague_nba_api,gleague_nba_api,common CBA source league pool + rule-based baseline,1.0432245140605425,High-ranked candidate from a common CBA source league with strong usage/scoring profile.,,,32.6,,,,,,,17.006134969325153,0.4184049079754601,0.634,,,,,,,,1.0,0,0,,1,-2.052688560086612,-0.062065680259834,0.024,-1.3999999999999986,,,,,,nba_api,,,,,,,,https://www.google.com/search?q=site%3Anba.com%2Fstats+%22Kyle+Mangas%22+basketball,,,https://www.google.com/search?q=site%3Anba.com%2Fstats+%22Kyle+Mangas%22+basketball,Kyle Mangas G League basketball highlights,https://www.youtube.com/results?search_query=Kyle+Mangas+G+League+basketball+highlights,https://www.google.com/search?tbm=vid&q=Kyle+Mangas+G+League+basketball+highlights,https://www.youtube.com/results?search_query=Kyle+Mangas+G+League+basketball+highlights,,True,latest_season_only,E:\Project cba\data\reports\context_feature_topk_predictions.csv,2023-2024,gleague_nba_api,G League,,,,,,none,nba_static_players_name_key,no_confident_unique_match,2026-06-03T12:34:07.441845+00:00
296,Stephen Thompson,stephenthompson,2024-2025,G League,WIS,gleague_nba_api,gleague_nba_api,common CBA source league pool + rule-based baseline,1.0422340199626303,High-ranked candidate from a common CBA source league with strong usage/scoring profile.,,,29.7,,,,,,,16.363636363636363,0.43003367003367,0.595,,,,,,,,1.0,0,0,,1,1.0868835961086898,-0.0027338576416067,0.0609999999999999,2.5999999999999943,,,,,,nba_api,,,,,,https://www.nba.com/stats/player/78333,https://www.nba.com/stats/player/78333,https://www.google.com/search?q=%22Stephen+Thompson%22+%22G+League%22+official+basketball+stats,https://www.nba.com/stats/player/78333,,https://www.google.com/search?q=%22Stephen+Thompson%22+%22G+League%22+official+basketball+stats,Stephen Thompson G League basketball highlights,https://www.youtube.com/results?search_query=Stephen+Thompson+G+League+basketball+highlights,https://www.google.com/search?tbm=vid&q=Stephen+Thompson+G+League+basketball+highlights,https://www.youtube.com/results?search_query=Stephen+Thompson+G+League+basketball+highlights,,True,latest_season_only,E:\Project cba\data\reports\context_feature_topk_predictions.csv,2019-2020,gleague_nba_api,G League,78333.0,,,,,high,exact_player_name_key_unique,matched_static_only_commonplayerinfo_skipped_after_limit_or_failure,2026-06-03T12:34:07.441845+00:00
297,Jabari Parker,jabariparker,2024-2025,EuroLeague,FC Barcelona,euroleague_api,euroleague_api,common CBA source league pool + rule-based baseline,1.0406218121884128,High-ranked candidate from a common CBA source league with strong usage/scoring profile.,,,27.21410256410256,,,,,,,18.255240966693368,0.4888641824091959,0.585,,,,,,,,1.0,0,0,,1,2.357565188298397,0.0540944119078071,0.0189999999999999,3.210593792172737,,,,,,,,,,,,,,https://www.google.com/search?q=%22Jabari+Parker%22+%22EuroLeague%22+official+basketball+stats,,https://www.google.com/search?q=site%3Aeuroleaguebasketball.net%2Feuroleague%2Fplayers+%22Jabari+Parker%22,https://www.google.com/search?q=site%3Aeuroleaguebasketball.net%2Feuroleague%2Fplayers+%22Jabari+Parker%22,Jabari Parker EuroLeague basketball highlights,https://www.youtube.com/results?search_query=Jabari+Parker+EuroLeague+basketball+highlights,https://www.google.com/search?tbm=vid&q=Jabari+Parker+EuroLeague+basketball+highlights,https://www.youtube.com/results?search_query=Jabari+Parker+EuroLeague+basketball+highlights,,True,latest_season_only,E:\Project cba\data\reports\context_feature_topk_predictions.csv,2023-2024,euroleague_api,EuroLeague,,,,,,,,,
298,Daeqwon Plowden,daeqwonplowden,2024-2025,G League,CPS,gleague_nba_api,gleague_nba_api,common CBA source league pool + rule-based baseline,1.040116034953131,High-ranked candidate from a common CBA source league with strong usage/scoring profile.,,,33.6,,,,,,,16.5,0.4607142857142857,0.559,,,,,,,,1.0,0,0,,1,0.804000000000002,0.0586342857142858,-0.0659999999999999,8.600000000000001,,,,,,nba_api,,,,,,https://www.nba.com/stats/player/1631342,https://www.nba.com/stats/player/1631342,https://www.google.com/search?q=%22Daeqwon+Plowden%22+%22G+League%22+official+basketball+stats,https://www.nba.com/stats/player/1631342,,https://www.google.com/search?q=%22Daeqwon+Plowden%22+%22G+League%22+official+basketball+stats,Daeqwon Plowden G League basketball highlights,https://www.youtube.com/results?search_query=Daeqwon+Plowden+G+League+basketball+highlights,https://www.google.com/search?tbm=vid&q=Daeqwon+Plowden+G+League+basketball+highlights,https://www.youtube.com/results?search_query=Daeqwon+Plowden+G+League+basketball+highlights,,True,latest_season_only,E:\Project cba\data\reports\context_feature_topk_predictions.csv,2022-2023,gleague_nba_api,G League,1631342.0,,,,,high,exact_player_name_key_unique,matched_static_only_commonplayerinfo_skipped_after_limit_or_failure,2026-06-03T12:34:07.445853+00:00
299,Geoffrey Groselle,geoffreygroselle,2024-2025,EuroCup,Trefl Sopot,euroleague_api,euroleague_api,common CBA source league pool + rule-based baseline,1.0391568442822847,High-ranked candidate from a common CBA source league with strong usage/scoring profile.,,,20.99222222222222,,,,,,,18.692637484782725,0.4651246493410257,0.627,,,,,,,,1.0,0,0,,0,,,,,,,,,,,,,,,,,,https://www.google.com/search?q=%22Geoffrey+Groselle%22+%22EuroCup%22+official+basketball+stats,,https://www.google.com/search?q=site%3Aeuroleaguebasketball.net%2Feuroleague%2Fplayers+%22Geoffrey+Groselle%22,https://www.google.com/search?q=site%3Aeuroleaguebasketball.net%2Feuroleague%2Fplayers+%22Geoffrey+Groselle%22,Geoffrey Groselle EuroCup basketball highlights,https://www.youtube.com/results?search_query=Geoffrey+Groselle+EuroCup+basketball+highlights,https://www.google.com/search?tbm=vid&q=Geoffrey+Groselle+EuroCup+basketball+highlights,https://www.youtube.com/results?search_query=Geoffrey+Groselle+EuroCup+basketball+highlights,,True,latest_season_only,E:\Project cba\data\reports\context_feature_topk_predictions.csv,2024-2025,euroleague_api,EuroCup,,,,,,,,,
300,James Akinjo,jamesakinjo,2024-2025,G League,WIS,gleague_nba_api,gleague_nba_api,common CBA source league pool + rule-based baseline,1.0376627589770555,High-ranked candidate from a common CBA source league with strong usage/scoring profile.,,,34.4,,,,,,,16.430232558139533,0.4752325581395348,0.564,,,,,,,,1.0,0,0,,1,1.049950867998687,0.0429320886559669,-0.05,13.099999999999998,,,,,,nba_api,,,,,,,,https://www.google.com/search?q=site%3Anba.com%2Fstats+%22James+Akinjo%22+basketball,,,https://www.google.com/search?q=site%3Anba.com%2Fstats+%22James+Akinjo%22+basketball,James Akinjo G League basketball highlights,https://www.youtube.com/results?search_query=James+Akinjo+G+League+basketball+highlights,https://www.google.com/search?tbm=vid&q=James+Akinjo+G+League+basketball+highlights,https://www.youtube.com/results?search_query=James+Akinjo+G+League+basketball+highlights,,True,latest_season_only,E:\Project cba\data\reports\context_feature_topk_predictions.csv,2022-2023,gleague_nba_api,G League,,,,,,none,nba_static_players_name_key,no_confident_unique_match,2026-06-03T12:34:07.445853+00:00
