player_name_raw,season,league,team,age,games,games_started,minutes,field_goals,field_goal_attempts,fg_pct,three_pointers,three_point_attempts,three_pct,two_pointers,two_point_attempts,two_pct,efg_pct,free_throws,free_throw_attempts,ft_pct,offensive_rebounds,defensive_rebounds,rebounds,assists,steals,blocks,turnovers,personal_fouls,points,source,official_stats_url,accessed_date
Abdullah Ahmed,2023-2024,NBA G League,WES,20,21,4,426,48,99,.485,4,13,.308,44,86,.512,.505,14,27,.519,50,94,144,9,5,26,27,56,121,Basketball-Reference G League player totals,https://www.basketball-reference.com/gleague/years/gleague_2024_totals.html,2026-08-16
James Akinjo,2023-2024,NBA G League,TOT,,18,2,383,61,128,.477,29,53,.547,32,75,.427,.590,7,13,.538,2,41,43,73,21,0,32,35,163,Basketball-Reference G League player totals,https://www.basketball-reference.com/gleague/years/gleague_2024_totals.html,2026-08-16
Warith Alatishe,2023-2024,NBA G League,TOT,24,27,6,488,78,111,.703,2,4,.500,76,107,.710,.712,4,10,.400,54,78,132,32,30,25,21,55,164,Basketball-Reference G League player totals,https://www.basketball-reference.com/gleague/years/gleague_2024_totals.html,2026-08-16
Josh Alexander,2023-2024,NBA G League,MCC,23,7,0,108,7,19,.368,1,6,.167,6,13,.462,.395,1,2,.500,12,22,34,3,1,4,4,23,16,Basketball-Reference G League player totals,https://www.basketball-reference.com/gleague/years/gleague_2024_totals.html,2026-08-16
Angelo Allegri,2023-2024,NBA G League,GBO,24,20,3,249,26,77,.338,12,42,.286,14,35,.400,.416,7,9,.778,12,41,53,8,7,1,10,10,78,Basketball-Reference G League player totals,https://www.basketball-reference.com/gleague/years/gleague_2024_totals.html,2026-08-16
Timmy Allen,2023-2024,NBA G League,MHU,24,30,15,830,110,262,.420,23,67,.343,87,195,.446,.464,31,38,.816,25,77,102,68,31,4,56,66,297,Basketball-Reference G League player totals,https://www.basketball-reference.com/gleague/years/gleague_2024_totals.html,2026-08-16
Izan Almansa,2023-2024,NBA G League,GLI,18,32,30,883,145,259,.560,5,25,.200,140,234,.598,.569,43,70,.614,87,143,230,37,22,14,28,53,374,Basketball-Reference G League player totals,https://www.basketball-reference.com/gleague/years/gleague_2024_totals.html,2026-08-16
Yor Anei,2023-2024,NBA G League,TOT,24,9,1,117,13,30,.433,1,4,.250,12,26,.462,.450,6,8,.750,14,20,34,4,5,12,5,24,38,Basketball-Reference G League player totals,https://www.basketball-reference.com/gleague/years/gleague_2024_totals.html,2026-08-16
Ike Anigbogu,2023-2024,NBA G League,BIR,25,9,0,124,16,32,.500,2,3,.667,14,29,.483,.531,2,7,.286,22,29,51,2,2,13,11,16,38,Basketball-Reference G League player totals,https://www.basketball-reference.com/gleague/years/gleague_2024_totals.html,2026-08-16
Alex Antetokounmpo,2023-2024,NBA G League,WIS,22,18,0,382,33,103,.320,10,51,.196,23,52,.442,.369,15,21,.714,14,38,52,12,6,7,22,42,103,Basketball-Reference G League player totals,https://www.basketball-reference.com/gleague/years/gleague_2024_totals.html,2026-08-16
Ryan Arcidiacono,2023-2024,NBA G League,WCB,29,11,10,334,41,98,.418,19,63,.302,22,35,.629,.515,14,17,.824,6,27,33,59,21,3,21,31,127,Basketball-Reference G League player totals,https://www.basketball-reference.com/gleague/years/gleague_2024_totals.html,2026-08-16
Adonis Arms,2023-2024,NBA G League,MHU,,28,20,849,172,378,.455,68,175,.389,104,203,.512,.545,51,67,.761,32,143,175,96,25,19,68,53,503,Basketball-Reference G League player totals,https://www.basketball-reference.com/gleague/years/gleague_2024_totals.html,2026-08-16
Chase Audige,2023-2024,NBA G League,TOT,24,17,1,199,30,83,.361,10,35,.286,20,48,.417,.422,8,12,.667,7,42,49,12,10,2,12,25,82,Basketball-Reference G League player totals,https://www.basketball-reference.com/gleague/years/gleague_2024_totals.html,2026-08-16
Luke Avdalovic,2023-2024,NBA G League,AUS,,27,0,222,31,82,.378,28,70,.400,3,12,.250,.549,4,7,.571,5,42,47,12,4,2,7,10,98,Basketball-Reference G League player totals,https://www.basketball-reference.com/gleague/years/gleague_2024_totals.html,2026-08-16
Marcus Bagley,2023-2024,NBA G League,DEL,22,16,2,358,46,125,.368,20,66,.303,26,59,.441,.448,11,20,.550,19,66,85,11,11,6,14,44,134,Basketball-Reference G League player totals,https://www.basketball-reference.com/gleague/years/gleague_2024_totals.html,2026-08-16
Amari Bailey,2023-2024,NBA G League,GBO,19,23,22,750,173,386,.448,37,88,.420,136,298,.456,.496,39,57,.684,34,78,112,112,30,17,75,36,444,Basketball-Reference G League player totals,https://www.basketball-reference.com/gleague/years/gleague_2024_totals.html,2026-08-16
Joey Baker,2023-2024,NBA G League,GRG,23,9,1,121,15,38,.395,7,26,.269,8,12,.667,.487,2,2,1.000,3,10,13,4,2,1,4,16,41,Basketball-Reference G League player totals,https://www.basketball-reference.com/gleague/years/gleague_2024_totals.html,2026-08-16
Robert Baker,2023-2024,NBA G League,CPS,,29,18,818,161,357,.451,52,153,.340,109,204,.534,.524,32,41,.780,48,136,184,64,20,24,60,82,427,Basketball-Reference G League player totals,https://www.basketball-reference.com/gleague/years/gleague_2024_totals.html,2026-08-16
Patrick Baldwin Jr.,2023-2024,NBA G League,CCG,21,7,7,175,38,64,.594,8,26,.308,30,38,.789,.656,6,11,.545,6,43,49,18,5,8,9,26,94,Basketball-Reference G League player totals,https://www.basketball-reference.com/gleague/years/gleague_2024_totals.html,2026-08-16
James Banks III,2023-2024,NBA G League,MNE,26,30,10,644,71,132,.538,0,0,,71,132,.538,.538,13,28,.464,77,86,163,42,19,53,35,85,164,Basketball-Reference G League player totals,https://www.basketball-reference.com/gleague/years/gleague_2024_totals.html,2026-08-16
Dalano Banton,2023-2024,NBA G League,MNE,24,2,2,70,20,46,.435,7,21,.333,13,25,.520,.511,9,14,.643,0,11,11,8,4,3,5,3,59,Basketball-Reference G League player totals,https://www.basketball-reference.com/gleague/years/gleague_2024_totals.html,2026-08-16
Dominick Barlow,2023-2024,NBA G League,AUS,,7,7,228,57,101,.564,4,14,.286,53,87,.609,.584,19,22,.864,15,39,54,8,10,11,16,14,149,Basketball-Reference G League player totals,https://www.basketball-reference.com/gleague/years/gleague_2024_totals.html,2026-08-16
Emoni Bates,2023-2024,NBA G League,CLC,20,17,17,591,113,292,.387,63,182,.346,50,110,.455,.495,28,31,.903,6,94,100,34,10,6,33,34,336,Basketball-Reference G League player totals,https://www.basketball-reference.com/gleague/years/gleague_2024_totals.html,2026-08-16
Damion Baugh,2023-2024,NBA G League,SBL,23,24,10,718,118,266,.444,24,85,.282,94,181,.519,.489,47,56,.839,26,95,121,65,47,10,52,41,331,Basketball-Reference G League player totals,https://www.basketball-reference.com/gleague/years/gleague_2024_totals.html,2026-08-16
Troy Baxter Jr.,2023-2024,NBA G League,TOT,27,4,0,13,6,9,.667,3,6,.500,3,3,1.000,.833,1,1,1.000,0,1,1,0,0,0,0,3,16,Basketball-Reference G League player totals,https://www.basketball-reference.com/gleague/years/gleague_2024_totals.html,2026-08-16
Kent Bazemore,2023-2024,NBA G League,GBO,34,22,5,529,83,208,.399,37,109,.339,46,99,.465,.488,19,26,.731,17,89,106,51,35,18,45,62,234,Basketball-Reference G League player totals,https://www.basketball-reference.com/gleague/years/gleague_2024_totals.html,2026-08-16
Darius Bazley,2023-2024,NBA G League,TOT,,29,28,989,205,427,.480,36,121,.298,169,306,.552,.522,66,108,.611,56,204,260,103,35,58,73,49,551,Basketball-Reference G League player totals,https://www.basketball-reference.com/gleague/years/gleague_2024_totals.html,2026-08-16
MarJon Beauchamp,2023-2024,NBA G League,WIS,23,3,3,109,24,53,.453,7,24,.292,17,29,.586,.519,11,13,.846,7,12,19,16,4,0,10,9,74,Basketball-Reference G League player totals,https://www.basketball-reference.com/gleague/years/gleague_2024_totals.html,2026-08-16
Charles Bediako,2023-2024,NBA G League,AUS,21,6,0,25,4,6,.667,0,0,,4,6,.667,.667,0,3,.000,6,4,10,1,0,1,4,4,8,Basketball-Reference G League player totals,https://www.basketball-reference.com/gleague/years/gleague_2024_totals.html,2026-08-16
Dave Bell,2023-2024,NBA G League,MXC,28,2,0,16,0,2,.000,0,0,,0,2,.000,.000,0,1,.000,2,1,3,1,0,1,1,6,0,Basketball-Reference G League player totals,https://www.basketball-reference.com/gleague/years/gleague_2024_totals.html,2026-08-16
Jordan Bell,2023-2024,NBA G League,IND,29,22,12,567,117,181,.646,5,22,.227,112,159,.704,.660,19,28,.679,39,121,160,101,29,60,53,55,269,Basketball-Reference G League player totals,https://www.basketball-reference.com/gleague/years/gleague_2024_totals.html,2026-08-16
Diego Bernard,2023-2024,NBA G League,MXC,24,27,7,497,48,105,.457,14,50,.280,34,55,.618,.524,9,14,.643,16,27,43,44,31,4,47,63,122,Basketball-Reference G League player totals,https://www.basketball-reference.com/gleague/years/gleague_2024_totals.html,2026-08-16
Jules Bernard,2023-2024,NBA G League,CCG,,23,23,749,144,319,.451,43,125,.344,101,194,.521,.519,79,87,.908,24,114,138,83,24,7,64,44,453,Basketball-Reference G League player totals,https://www.basketball-reference.com/gleague/years/gleague_2024_totals.html,2026-08-16
Jamal Bey,2023-2024,NBA G League,WES,24,28,13,638,58,151,.384,24,79,.304,34,72,.472,.464,14,18,.778,33,82,115,28,30,9,20,40,164,Basketball-Reference G League player totals,https://www.basketball-reference.com/gleague/years/gleague_2024_totals.html,2026-08-16
Giorgi Bezhanishvili,2023-2024,NBA G League,IWA,25,27,14,641,106,190,.558,15,48,.313,91,142,.641,.597,13,24,.542,55,87,142,59,10,3,45,63,252,Basketball-Reference G League player totals,https://www.basketball-reference.com/gleague/years/gleague_2024_totals.html,2026-08-16
Onuralp Bitim,2023-2024,NBA G League,WCB,24,12,12,386,72,158,.456,39,90,.433,33,68,.485,.579,10,12,.833,6,41,47,47,9,4,20,32,200,Basketball-Reference G League player totals,https://www.basketball-reference.com/gleague/years/gleague_2024_totals.html,2026-08-16
Leaky Black,2023-2024,NBA G League,GBO,24,18,13,437,39,91,.429,17,47,.362,22,44,.500,.522,4,11,.364,18,74,92,36,16,8,12,24,102,Basketball-Reference G League player totals,https://www.basketball-reference.com/gleague/years/gleague_2024_totals.html,2026-08-16
Buddy Boeheim,2023-2024,NBA G League,MCC,,31,21,925,184,402,.458,115,267,.431,69,135,.511,.601,30,33,.909,32,95,127,61,29,10,26,41,533,Basketball-Reference G League player totals,https://www.basketball-reference.com/gleague/years/gleague_2024_totals.html,2026-08-16
Marques Bolden,2023-2024,NBA G League,TOT,25,26,21,640,137,248,.552,16,42,.381,121,206,.587,.585,21,26,.808,60,168,228,34,8,44,48,47,325,Basketball-Reference G League player totals,https://www.basketball-reference.com/gleague/years/gleague_2024_totals.html,2026-08-16
Alexey Borges,2023-2024,NBA G League,MXC,28,19,13,510,63,142,.444,27,80,.338,36,62,.581,.539,7,12,.583,15,36,51,109,30,2,38,39,166,Basketball-Reference G League player totals,https://www.basketball-reference.com/gleague/years/gleague_2024_totals.html,2026-08-16
Brandon Boston Jr.,2023-2024,NBA G League,ONT,22,1,1,38,13,29,.448,1,9,.111,12,20,.600,.466,5,8,.625,0,6,6,7,3,0,2,3,34,Basketball-Reference G League player totals,https://www.basketball-reference.com/gleague/years/gleague_2024_totals.html,2026-08-16
Souley Boum,2023-2024,NBA G League,GRG,25,21,3,409,69,165,.418,30,83,.361,39,82,.476,.509,36,44,.818,5,46,51,70,17,2,45,32,220,Basketball-Reference G League player totals,https://www.basketball-reference.com/gleague/years/gleague_2024_totals.html,2026-08-16
Jamaree Bouyea,2023-2024,NBA G League,TOT,,35,34,1303,226,478,.473,67,182,.368,159,296,.537,.543,39,56,.696,39,160,199,237,76,43,75,57,578,Basketball-Reference G League player totals,https://www.basketball-reference.com/gleague/years/gleague_2024_totals.html,2026-08-16
Jordan Bowden,2023-2024,NBA G League,TOT,27,25,13,693,112,244,.459,70,157,.446,42,87,.483,.602,25,35,.714,12,64,76,45,25,4,17,68,339,Basketball-Reference G League player totals,https://www.basketball-reference.com/gleague/years/gleague_2024_totals.html,2026-08-16
Brian Bowen II,2023-2024,NBA G League,TOT,25,18,0,193,23,52,.442,9,26,.346,14,26,.538,.529,3,4,.750,13,33,46,9,2,1,4,9,60,Basketball-Reference G League player totals,https://www.basketball-reference.com/gleague/years/gleague_2024_totals.html,2026-08-16
Nate Bradley,2023-2024,NBA G League,BIR,,2,0,16,2,2,1.000,2,2,1.000,0,0,,1.500,2,2,1.000,0,0,0,1,1,0,2,0,8,Basketball-Reference G League player totals,https://www.basketball-reference.com/gleague/years/gleague_2024_totals.html,2026-08-16
Tony Bradley,2023-2024,NBA G League,TEX,26,13,6,291,79,121,.653,0,1,.000,79,120,.658,.653,22,31,.710,46,87,133,25,1,25,21,26,196,Basketball-Reference G League player totals,https://www.basketball-reference.com/gleague/years/gleague_2024_totals.html,2026-08-16
Pedro Bradshaw,2023-2024,NBA G League,IND,,30,14,710,87,200,.435,29,71,.408,58,129,.450,.508,27,36,.750,40,127,167,46,19,10,27,42,244,Basketball-Reference G League player totals,https://www.basketball-reference.com/gleague/years/gleague_2024_totals.html,2026-08-16
Amida Brimah,2023-2024,NBA G League,TOT,29,23,11,512,67,89,.753,0,0,,67,89,.753,.753,22,29,.759,52,101,153,12,5,59,31,56,171,Basketball-Reference G League player totals,https://www.basketball-reference.com/gleague/years/gleague_2024_totals.html,2026-08-16
Izaiah Brockington,2023-2024,NBA G League,BIR,24,33,26,943,151,314,.481,57,136,.419,94,178,.528,.572,28,37,.757,49,129,178,68,34,8,45,62,408,Basketball-Reference G League player totals,https://www.basketball-reference.com/gleague/years/gleague_2024_totals.html,2026-08-16
Armoni Brooks,2023-2024,NBA G League,TOT,25,30,11,838,166,366,.454,92,244,.377,74,122,.607,.579,27,31,.871,18,93,111,55,31,10,33,50,466,Basketball-Reference G League player totals,https://www.basketball-reference.com/gleague/years/gleague_2024_totals.html,2026-08-16
Charlie Brown Jr.,2023-2024,NBA G League,WES,26,17,16,567,105,248,.423,42,129,.326,63,119,.529,.508,28,38,.737,29,81,110,57,35,14,46,36,301,Basketball-Reference G League player totals,https://www.basketball-reference.com/gleague/years/gleague_2024_totals.html,2026-08-16
Greg Brown III,2023-2024,NBA G League,TEX,22,26,25,682,181,308,.588,13,47,.277,168,261,.644,.609,56,85,.659,60,156,216,26,20,70,58,84,466,Basketball-Reference G League player totals,https://www.basketball-reference.com/gleague/years/gleague_2024_totals.html,2026-08-16
Jared Brownridge,2023-2024,NBA G League,DEL,29,34,27,843,110,276,.399,94,231,.407,16,45,.356,.569,7,10,.700,8,51,59,56,14,2,15,33,323,Basketball-Reference G League player totals,https://www.basketball-reference.com/gleague/years/gleague_2024_totals.html,2026-08-16
Kendall Brown,2023-2024,NBA G League,IND,,21,21,721,150,298,.503,19,76,.250,131,222,.590,.535,38,52,.731,28,69,97,59,18,10,52,52,376,Basketball-Reference G League player totals,https://www.basketball-reference.com/gleague/years/gleague_2024_totals.html,2026-08-16
Kobe Brown,2023-2024,NBA G League,ONT,,18,18,578,141,281,.502,33,99,.333,108,182,.593,.560,19,22,.864,37,87,124,99,21,10,45,43,345,Basketball-Reference G League player totals,https://www.basketball-reference.com/gleague/years/gleague_2024_totals.html,2026-08-16
Moses Brown,2023-2024,NBA G League,RIP,24,2,2,40,8,19,.421,0,0,,8,19,.421,.421,1,6,.167,7,5,12,1,0,0,3,2,18,Basketball-Reference G League player totals,https://www.basketball-reference.com/gleague/years/gleague_2024_totals.html,2026-08-16
Terrell Brown Jr.,2023-2024,NBA G League,GBO,,31,2,837,134,324,.414,13,52,.250,121,272,.445,.434,70,85,.824,20,100,120,100,26,3,42,61,391,Basketball-Reference G League player totals,https://www.basketball-reference.com/gleague/years/gleague_2024_totals.html,2026-08-16
Keyshawn Bryant,2023-2024,NBA G League,ONT,,6,0,60,7,23,.304,1,8,.125,6,15,.400,.326,0,0,,3,11,14,2,2,3,0,2,15,Basketball-Reference G League player totals,https://www.basketball-reference.com/gleague/years/gleague_2024_totals.html,2026-08-16
Kobe Bufkin,2023-2024,NBA G League,CPS,20,14,14,447,120,269,.446,37,104,.356,83,165,.503,.515,34,41,.829,6,69,75,83,18,7,50,34,331,Basketball-Reference G League player totals,https://www.basketball-reference.com/gleague/years/gleague_2024_totals.html,2026-08-16
Marcus Burk,2023-2024,NBA G League,SCW,,29,0,478,51,137,.372,30,97,.309,21,40,.525,.482,10,12,.833,19,34,53,25,16,6,21,45,150,Basketball-Reference G League player totals,https://www.basketball-reference.com/gleague/years/gleague_2024_totals.html,2026-08-16
Myles Burns,2023-2024,NBA G League,RAP,23,25,0,345,46,115,.400,5,18,.278,41,97,.423,.422,17,31,.548,44,42,86,24,33,5,14,18,125,Basketball-Reference G League player totals,https://www.basketball-reference.com/gleague/years/gleague_2024_totals.html,2026-08-16
Deonte Burton,2023-2024,NBA G League,STO,30,29,13,862,134,295,.454,52,138,.377,82,157,.522,.542,28,38,.737,31,70,101,64,37,17,32,64,371,Basketball-Reference G League player totals,https://www.basketball-reference.com/gleague/years/gleague_2024_totals.html,2026-08-16
Jared Butler,2023-2024,NBA G League,CCG,23,14,14,458,101,213,.474,24,68,.353,77,145,.531,.531,21,23,.913,9,35,44,98,22,5,36,45,261,Basketball-Reference G League player totals,https://www.basketball-reference.com/gleague/years/gleague_2024_totals.html,2026-08-16
JC Butler,2023-2024,NBA G League,SXF,23,5,0,49,3,8,.375,1,6,.167,2,2,1.000,.438,0,0,,1,3,4,1,0,1,3,4,7,Basketball-Reference G League player totals,https://www.basketball-reference.com/gleague/years/gleague_2024_totals.html,2026-08-16
John Butler,2023-2024,NBA G League,CCG,21,33,5,643,77,161,.478,44,103,.427,33,58,.569,.615,13,16,.813,25,81,106,16,16,46,12,43,221,Basketball-Reference G League player totals,https://www.basketball-reference.com/gleague/years/gleague_2024_totals.html,2026-08-16
Matas Buzelis,2023-2024,NBA G League,GLI,19,26,26,831,141,315,.448,24,88,.273,117,227,.515,.486,38,56,.679,49,131,180,51,21,54,58,68,373,Basketball-Reference G League player totals,https://www.basketball-reference.com/gleague/years/gleague_2024_totals.html,2026-08-16
Eli Cain,2023-2024,NBA G League,SLC,,11,4,171,18,51,.353,10,25,.400,8,26,.308,.451,5,7,.714,1,13,14,8,7,3,10,26,56,Basketball-Reference G League player totals,https://www.basketball-reference.com/gleague/years/gleague_2024_totals.html,2026-08-16
Jamal Cain,2023-2024,NBA G League,SXF,,9,9,362,75,149,.503,14,38,.368,61,111,.550,.550,28,32,.875,28,76,104,37,20,12,32,31,213,Basketball-Reference G League player totals,https://www.basketball-reference.com/gleague/years/gleague_2024_totals.html,2026-08-16
Joey Calcaterra,2023-2024,NBA G League,SBL,25,13,0,182,19,59,.322,12,38,.316,7,21,.333,.424,0,1,.000,3,18,21,8,13,0,6,15,50,Basketball-Reference G League player totals,https://www.basketball-reference.com/gleague/years/gleague_2024_totals.html,2026-08-16
Manny Camper,2023-2024,NBA G League,SXF,,28,3,535,43,100,.430,11,27,.407,32,73,.438,.485,18,27,.667,25,85,110,46,16,8,23,53,127,Basketball-Reference G League player totals,https://www.basketball-reference.com/gleague/years/gleague_2024_totals.html,2026-08-16
Devin Cannady,2023-2024,NBA G League,BIR,27,28,7,720,85,200,.425,55,149,.369,30,51,.588,.563,13,16,.813,17,66,83,56,28,7,27,60,251,Basketball-Reference G League player totals,https://www.basketball-reference.com/gleague/years/gleague_2024_totals.html,2026-08-16
Donald Carey,2023-2024,NBA G League,MNE,24,16,2,165,16,59,.271,11,45,.244,5,14,.357,.364,2,4,.500,2,13,15,14,5,0,13,15,47,Basketball-Reference G League player totals,https://www.basketball-reference.com/gleague/years/gleague_2024_totals.html,2026-08-16
Olin Carter III,2023-2024,NBA G League,TOT,,28,10,581,83,219,.379,48,148,.324,35,71,.493,.489,18,25,.720,7,49,56,35,8,10,18,43,248,Basketball-Reference G League player totals,https://www.basketball-reference.com/gleague/years/gleague_2024_totals.html,2026-08-16
DJ Carton,2023-2024,NBA G League,IWA,23,15,15,580,108,189,.571,33,76,.434,75,113,.664,.659,42,54,.778,7,40,47,108,24,8,35,38,312,Basketball-Reference G League player totals,https://www.basketball-reference.com/gleague/years/gleague_2024_totals.html,2026-08-16
Colin Castleton,2023-2024,NBA G League,SBL,23,12,12,344,63,117,.538,1,1,1.000,62,116,.534,.543,26,35,.743,35,81,116,32,12,19,24,37,169,Basketball-Reference G League player totals,https://www.basketball-reference.com/gleague/years/gleague_2024_totals.html,2026-08-16
Nathan Cayo,2023-2024,NBA G League,TOT,26,6,0,39,2,6,.333,0,1,.000,2,5,.400,.333,1,1,1.000,4,2,6,2,2,1,2,5,6,Basketball-Reference G League player totals,https://www.basketball-reference.com/gleague/years/gleague_2024_totals.html,2026-08-16
Malcolm Cazalon,2023-2024,NBA G League,TOT,22,16,7,415,43,125,.344,30,86,.349,13,39,.333,.464,10,13,.769,1,51,52,37,18,8,28,27,132,Basketball-Reference G League player totals,https://www.basketball-reference.com/gleague/years/gleague_2024_totals.html,2026-08-16
Justin Champagnie,2023-2024,NBA G League,TOT,22,24,24,896,199,406,.490,54,162,.333,145,244,.594,.557,49,63,.778,58,139,197,77,49,32,68,45,531,Basketball-Reference G League player totals,https://www.basketball-reference.com/gleague/years/gleague_2024_totals.html,2026-08-16
Kennedy Chandler,2023-2024,NBA G League,LIN,21,33,22,896,182,377,.483,24,69,.348,158,308,.513,.515,52,67,.776,31,65,96,145,53,14,62,63,476,Basketball-Reference G League player totals,https://www.basketball-reference.com/gleague/years/gleague_2024_totals.html,2026-08-16
Josh Christopher,2023-2024,NBA G League,TOT,22,23,12,641,146,323,.452,48,130,.369,98,193,.508,.526,29,34,.853,15,88,103,76,36,10,59,46,390,Basketball-Reference G League player totals,https://www.basketball-reference.com/gleague/years/gleague_2024_totals.html,2026-08-16
Marquese Chriss,2023-2024,NBA G League,WIS,26,9,2,147,42,93,.452,5,20,.250,37,73,.507,.478,10,13,.769,14,30,44,11,7,5,11,22,107,Basketball-Reference G League player totals,https://www.basketball-reference.com/gleague/years/gleague_2024_totals.html,2026-08-16
Sidy Cissoko,2023-2024,NBA G League,AUS,19,23,3,682,128,286,.448,26,104,.250,102,182,.560,.493,49,77,.636,22,94,116,69,34,18,52,62,360,Basketball-Reference G League player totals,https://www.basketball-reference.com/gleague/years/gleague_2024_totals.html,2026-08-16
Chris Clarke,2023-2024,NBA G League,DEL,28,30,7,560,53,149,.356,12,46,.261,41,103,.398,.396,14,23,.609,48,110,158,85,27,10,51,64,144,Basketball-Reference G League player totals,https://www.basketball-reference.com/gleague/years/gleague_2024_totals.html,2026-08-16
Kihei Clark,2023-2024,NBA G League,WIS,24,15,4,306,27,65,.415,7,20,.350,20,45,.444,.469,12,17,.706,2,30,32,77,10,4,32,17,80,Basketball-Reference G League player totals,https://www.basketball-reference.com/gleague/years/gleague_2024_totals.html,2026-08-16
TJ Clark,2023-2024,NBA G League,TOT,20,20,1,195,26,59,.441,12,22,.545,14,37,.378,.542,3,7,.429,3,14,17,11,15,5,12,36,68,Basketball-Reference G League player totals,https://www.basketball-reference.com/gleague/years/gleague_2024_totals.html,2026-08-16
Chris Clemons,2023-2024,NBA G League,WCB,26,13,2,380,71,175,.406,38,108,.352,33,67,.493,.514,15,19,.789,5,61,66,64,19,5,21,33,200,Basketball-Reference G League player totals,https://www.basketball-reference.com/gleague/years/gleague_2024_totals.html,2026-08-16
Noah Clowney,2023-2024,NBA G League,LIN,19,19,19,582,107,214,.500,19,56,.339,88,158,.557,.544,61,79,.772,66,84,150,39,12,32,36,75,333,Basketball-Reference G League player totals,https://www.basketball-reference.com/gleague/years/gleague_2024_totals.html,2026-08-16
Norris Cole,2023-2024,NBA G League,GLI,,25,6,493,51,147,.347,15,50,.300,36,97,.371,.398,8,12,.667,4,19,23,106,25,5,31,50,131,Basketball-Reference G League player totals,https://www.basketball-reference.com/gleague/years/gleague_2024_totals.html,2026-08-16
Yuri Collins,2023-2024,NBA G League,SCW,22,34,3,841,75,170,.441,27,69,.391,48,101,.475,.521,25,36,.694,18,71,89,165,34,1,71,51,214,Basketball-Reference G League player totals,https://www.basketball-reference.com/gleague/years/gleague_2024_totals.html,2026-08-16
George Conditt IV,2023-2024,NBA G League,RIP,,34,29,1058,197,301,.654,4,19,.211,193,282,.684,.661,58,95,.611,112,201,313,81,23,47,57,88,490,Basketball-Reference G League player totals,https://www.basketball-reference.com/gleague/years/gleague_2024_totals.html,2026-08-16
Javonte Cooke,2023-2024,NBA G League,IWA,,32,27,1127,196,441,.444,87,232,.375,109,209,.522,.543,39,55,.709,31,133,164,120,40,21,85,76,539,Basketball-Reference G League player totals,https://www.basketball-reference.com/gleague/years/gleague_2024_totals.html,2026-08-16
Sharife Cooper,2023-2024,NBA G League,CLC,22,30,30,991,201,421,.477,55,148,.372,146,273,.535,.543,79,93,.849,29,103,132,229,47,7,108,72,576,Basketball-Reference G League player totals,https://www.basketball-reference.com/gleague/years/gleague_2024_totals.html,2026-08-16
Ricky Council IV,2023-2024,NBA G League,DEL,22,11,11,352,86,182,.473,21,60,.350,65,122,.533,.530,40,50,.800,21,36,57,24,7,7,22,25,254,Basketball-Reference G League player totals,https://www.basketball-reference.com/gleague/years/gleague_2024_totals.html,2026-08-16
Ben Coupet,2023-2024,NBA G League,WCB,,29,11,586,79,173,.457,35,88,.398,44,85,.518,.558,19,23,.826,22,67,89,19,12,3,12,33,227,Basketball-Reference G League player totals,https://www.basketball-reference.com/gleague/years/gleague_2024_totals.html,2026-08-16
Jalen Crutcher,2023-2024,NBA G League,BIR,24,33,33,1140,178,402,.443,92,231,.398,86,171,.503,.557,44,49,.898,16,89,105,184,32,9,81,42,520,Basketball-Reference G League player totals,https://www.basketball-reference.com/gleague/years/gleague_2024_totals.html,2026-08-16
Jarrett Culver,2023-2024,NBA G League,RGV,24,29,22,939,222,486,.457,65,171,.380,157,315,.498,.524,66,89,.742,59,140,199,103,56,18,79,62,607,Basketball-Reference G League player totals,https://www.basketball-reference.com/gleague/years/gleague_2024_totals.html,2026-08-16
Jarron Cumberland,2023-2024,NBA G League,DEL,26,25,23,659,78,200,.390,17,70,.243,61,130,.469,.433,64,85,.753,35,77,112,92,46,9,32,62,277,Basketball-Reference G League player totals,https://www.basketball-reference.com/gleague/years/gleague_2024_totals.html,2026-08-16
Caleb Daniels,2023-2024,NBA G League,SXF,24,31,22,978,148,342,.433,51,148,.345,97,194,.500,.507,34,40,.850,46,121,167,69,23,20,53,77,400,Basketball-Reference G League player totals,https://www.basketball-reference.com/gleague/years/gleague_2024_totals.html,2026-08-16
Dyson Daniels,2023-2024,NBA G League,BIR,20,1,0,24,7,12,.583,3,6,.500,4,6,.667,.708,3,3,1.000,0,1,1,6,7,0,4,1,22,Basketball-Reference G League player totals,https://www.basketball-reference.com/gleague/years/gleague_2024_totals.html,2026-08-16
Sam Daniel,2023-2024,NBA G League,TOT,28,4,0,28,4,9,.444,3,7,.429,1,2,.500,.611,1,1,1.000,0,3,3,2,1,0,1,5,13,Basketball-Reference G League player totals,https://www.basketball-reference.com/gleague/years/gleague_2024_totals.html,2026-08-16
Thierry Darlan,2023-2024,NBA G League,GLI,19,29,10,526,44,109,.404,15,44,.341,29,65,.446,.472,20,27,.741,24,99,123,24,14,9,36,49,136,Basketball-Reference G League player totals,https://www.basketball-reference.com/gleague/years/gleague_2024_totals.html,2026-08-16
Nate Darling,2023-2024,NBA G League,ONT,25,3,0,48,5,22,.227,1,11,.091,4,11,.364,.250,1,2,.500,1,3,4,6,1,1,3,1,13,Basketball-Reference G League player totals,https://www.basketball-reference.com/gleague/years/gleague_2024_totals.html,2026-08-16
Antoine Davis,2023-2024,NBA G League,RIP,,29,23,833,179,419,.427,117,306,.382,62,113,.549,.567,33,38,.868,15,80,95,55,23,4,45,56,517,Basketball-Reference G League player totals,https://www.basketball-reference.com/gleague/years/gleague_2024_totals.html,2026-08-16
JD Davison,2023-2024,NBA G League,MNE,,28,28,962,224,494,.453,38,143,.266,186,351,.530,.492,58,85,.682,31,114,145,241,45,17,89,70,583,Basketball-Reference G League player totals,https://www.basketball-reference.com/gleague/years/gleague_2024_totals.html,2026-08-16
Johnny Davis,2023-2024,NBA G League,CCG,,6,5,167,22,61,.361,4,19,.211,18,42,.429,.393,2,3,.667,4,19,23,13,12,3,8,8,51,Basketball-Reference G League player totals,https://www.basketball-reference.com/gleague/years/gleague_2024_totals.html,2026-08-16
Kendric Davis,2023-2024,NBA G League,SCW,24,34,34,1063,215,508,.423,91,253,.360,124,255,.486,.513,77,101,.762,17,137,154,282,47,0,72,64,637,Basketball-Reference G League player totals,https://www.basketball-reference.com/gleague/years/gleague_2024_totals.html,2026-08-16
Terence Davis,2023-2024,NBA G League,RIP,,4,1,83,16,49,.327,5,28,.179,11,21,.524,.378,6,8,.750,3,16,19,16,2,0,6,11,45,Basketball-Reference G League player totals,https://www.basketball-reference.com/gleague/years/gleague_2024_totals.html,2026-08-16
Will Davis,2023-2024,NBA G League,GLI,31,22,4,287,43,77,.558,2,5,.400,41,72,.569,.571,4,8,.500,18,35,53,19,7,15,10,17,95,Basketball-Reference G League player totals,https://www.basketball-reference.com/gleague/years/gleague_2024_totals.html,2026-08-16
Darius Days,2023-2024,NBA G League,RGV,,30,12,834,162,394,.411,75,241,.311,87,153,.569,.506,43,59,.729,48,150,198,39,34,2,22,86,461,Basketball-Reference G League player totals,https://www.basketball-reference.com/gleague/years/gleague_2024_totals.html,2026-08-16
Dewayne Dedmon,2023-2024,NBA G League,ONT,34,15,1,232,38,91,.418,11,39,.282,27,52,.519,.478,9,11,.818,21,72,93,23,3,14,14,35,103,Basketball-Reference G League player totals,https://www.basketball-reference.com/gleague/years/gleague_2024_totals.html,2026-08-16
Jaiden Delaire,2023-2024,NBA G League,TOT,23,9,0,167,29,56,.518,7,21,.333,22,35,.629,.580,11,19,.579,12,24,36,8,9,1,7,11,84,Basketball-Reference G League player totals,https://www.basketball-reference.com/gleague/years/gleague_2024_totals.html,2026-08-16
Dexter Dennis,2023-2024,NBA G League,TOT,24,31,13,829,101,231,.437,48,133,.361,53,98,.541,.541,29,37,.784,12,117,129,42,31,21,47,60,303,Basketball-Reference G League player totals,https://www.basketball-reference.com/gleague/years/gleague_2024_totals.html,2026-08-16
Michael Devoe,2023-2024,NBA G League,TOT,,30,19,865,146,306,.477,51,132,.386,95,174,.546,.560,61,80,.763,10,104,114,91,34,14,52,49,445,Basketball-Reference G League player totals,https://www.basketball-reference.com/gleague/years/gleague_2024_totals.html,2026-08-16
Moussa Diabate,2023-2024,NBA G League,ONT,,14,13,409,89,157,.567,1,5,.200,88,152,.579,.570,24,43,.558,50,93,143,33,14,30,23,33,218,Basketball-Reference G League player totals,https://www.basketball-reference.com/gleague/years/gleague_2024_totals.html,2026-08-16
Mamadi Diakite,2023-2024,NBA G League,TOT,27,18,5,496,104,191,.545,20,63,.317,84,128,.656,.597,21,33,.636,58,99,157,30,16,26,29,53,259,Basketball-Reference G League player totals,https://www.basketball-reference.com/gleague/years/gleague_2024_totals.html,2026-08-16
Hamidou Diallo,2023-2024,NBA G League,CCG,25,29,25,851,217,391,.555,15,51,.294,202,340,.594,.574,81,111,.730,51,171,222,50,34,19,61,97,583,Basketball-Reference G League player totals,https://www.basketball-reference.com/gleague/years/gleague_2024_totals.html,2026-08-16
Gradey Dick,2023-2024,NBA G League,RAP,,4,4,135,24,55,.436,7,26,.269,17,29,.586,.500,5,6,.833,4,15,19,11,2,1,7,9,62,Basketball-Reference G League player totals,https://www.basketball-reference.com/gleague/years/gleague_2024_totals.html,2026-08-16
Ousmane Dieng,2023-2024,NBA G League,OKL,20,26,25,826,172,356,.483,37,123,.301,135,233,.579,.535,40,57,.702,38,162,200,154,24,21,94,51,447,Basketball-Reference G League player totals,https://www.basketball-reference.com/gleague/years/gleague_2024_totals.html,2026-08-16
Devon Dotson,2023-2024,NBA G League,CCG,24,24,12,733,120,248,.484,26,68,.382,94,180,.522,.536,61,70,.871,19,86,105,152,38,4,55,68,365,Basketball-Reference G League player totals,https://www.basketball-reference.com/gleague/years/gleague_2024_totals.html,2026-08-16
Jeff Dowtin,2023-2024,NBA G League,DEL,26,20,18,649,135,275,.491,43,111,.387,92,164,.561,.569,48,53,.906,3,53,56,105,23,5,28,24,381,Basketball-Reference G League player totals,https://www.basketball-reference.com/gleague/years/gleague_2024_totals.html,2026-08-16
Henri Drell,2023-2024,NBA G League,WCB,,30,30,1015,173,393,.440,49,155,.316,124,238,.521,.503,44,59,.746,45,205,250,84,44,32,74,84,468,Basketball-Reference G League player totals,https://www.basketball-reference.com/gleague/years/gleague_2024_totals.html,2026-08-16
Anthony Duruji,2023-2024,NBA G League,RIP,,13,5,292,31,66,.470,3,16,.188,28,50,.560,.492,7,15,.467,21,53,74,15,8,6,16,29,79,Basketball-Reference G League player totals,https://www.basketball-reference.com/gleague/years/gleague_2024_totals.html,2026-08-16
Nojel Eastern,2023-2024,NBA G League,IWA,,23,7,573,71,143,.497,2,19,.105,69,124,.556,.503,30,36,.833,59,75,134,40,30,21,23,50,192,Basketball-Reference G League player totals,https://www.basketball-reference.com/gleague/years/gleague_2024_totals.html,2026-08-16
Kessler Edwards,2023-2024,NBA G League,STO,23,4,2,124,28,61,.459,8,28,.286,20,33,.606,.525,10,10,1.000,7,24,31,6,7,4,5,14,81,Basketball-Reference G League player totals,https://www.basketball-reference.com/gleague/years/gleague_2024_totals.html,2026-08-16
Kyler Edwards,2023-2024,NBA G League,LIN,,34,34,1144,173,396,.437,68,203,.335,105,193,.544,.523,57,83,.687,34,125,159,128,40,12,59,69,509,Basketball-Reference G League player totals,https://www.basketball-reference.com/gleague/years/gleague_2024_totals.html,2026-08-16
Rob Edwards,2023-2024,NBA G League,TOT,27,25,2,453,64,159,.403,30,93,.323,34,66,.515,.497,21,23,.913,5,43,48,28,21,4,26,43,200,Basketball-Reference G League player totals,https://www.basketball-reference.com/gleague/years/gleague_2024_totals.html,2026-08-16
Walter Ellis,2023-2024,NBA G League,GRG,24,26,6,384,52,138,.377,38,100,.380,14,38,.368,.514,14,17,.824,6,43,49,25,12,10,10,41,164,Basketball-Reference G League player totals,https://www.basketball-reference.com/gleague/years/gleague_2024_totals.html,2026-08-16
Tyson Etienne,2023-2024,NBA G League,CPS,,21,12,500,79,178,.444,32,90,.356,47,88,.534,.534,13,18,.722,9,45,54,74,15,4,34,66,208,Basketball-Reference G League player totals,https://www.basketball-reference.com/gleague/years/gleague_2024_totals.html,2026-08-16
Tosan Evbuomwan,2023-2024,NBA G League,MCC,22,18,16,622,110,195,.564,18,44,.409,92,151,.609,.610,24,27,.889,30,125,155,52,10,11,43,40,279,Basketball-Reference G League player totals,https://www.basketball-reference.com/gleague/years/gleague_2024_totals.html,2026-08-16
Kenneth Faried,2023-2024,NBA G League,MXC,34,30,27,768,155,246,.630,2,9,.222,153,237,.646,.634,42,62,.677,125,215,340,41,20,41,57,94,381,Basketball-Reference G League player totals,https://www.basketball-reference.com/gleague/years/gleague_2024_totals.html,2026-08-16
Derrick Favors,2023-2024,NBA G League,WCB,32,19,5,334,44,66,.667,0,1,.000,44,65,.677,.667,12,15,.800,19,68,87,29,7,11,20,40,107,Basketball-Reference G League player totals,https://www.basketball-reference.com/gleague/years/gleague_2024_totals.html,2026-08-16
Adam Flagler,2023-2024,NBA G League,OKL,24,30,18,773,154,347,.444,84,207,.406,70,140,.500,.565,19,20,.950,23,75,98,101,22,3,26,52,423,Basketball-Reference G League player totals,https://www.basketball-reference.com/gleague/years/gleague_2024_totals.html,2026-08-16
Armon Fletcher,2023-2024,NBA G League,TOT,28,10,0,76,12,34,.353,2,16,.125,10,18,.556,.382,3,4,.750,8,10,18,2,2,1,3,5,30,Basketball-Reference G League player totals,https://www.basketball-reference.com/gleague/years/gleague_2024_totals.html,2026-08-16
Aleem Ford,2023-2024,NBA G League,TOT,26,33,17,953,131,329,.398,75,228,.329,56,101,.554,.512,21,28,.750,23,107,130,44,26,14,41,63,373,Basketball-Reference G League player totals,https://www.basketball-reference.com/gleague/years/gleague_2024_totals.html,2026-08-16
Jordan Ford,2023-2024,NBA G League,STO,25,25,24,760,133,269,.494,61,141,.433,72,128,.563,.608,33,35,.943,11,55,66,95,28,4,27,44,372,Basketball-Reference G League player totals,https://www.basketball-reference.com/gleague/years/gleague_2024_totals.html,2026-08-16
Trent Forrest,2023-2024,NBA G League,CPS,,1,1,32,7,12,.583,1,2,.500,6,10,.600,.625,1,1,1.000,2,2,4,7,6,0,1,0,16,Basketball-Reference G League player totals,https://www.basketball-reference.com/gleague/years/gleague_2024_totals.html,2026-08-16
Jarrey Foster,2023-2024,NBA G League,RIP,,30,4,504,71,168,.423,22,80,.275,49,88,.557,.488,14,26,.538,48,38,86,22,13,8,12,28,191,Basketball-Reference G League player totals,https://www.basketball-reference.com/gleague/years/gleague_2024_totals.html,2026-08-16
Michael Foster Jr.,2023-2024,NBA G League,CCG,,32,20,742,144,241,.598,7,21,.333,137,220,.623,.612,28,43,.651,74,163,237,55,23,31,53,63,341,Basketball-Reference G League player totals,https://www.basketball-reference.com/gleague/years/gleague_2024_totals.html,2026-08-16
Armaan Franklin,2023-2024,NBA G League,GRG,23,17,9,463,75,191,.393,33,96,.344,42,95,.442,.479,22,27,.815,7,47,54,36,10,8,30,33,223,Basketball-Reference G League player totals,https://www.basketball-reference.com/gleague/years/gleague_2024_totals.html,2026-08-16
Melvin Frazier Jr.,2023-2024,NBA G League,DEL,27,31,24,907,138,277,.498,33,105,.314,105,172,.610,.558,18,33,.545,44,181,225,56,51,17,51,66,335,Basketball-Reference G League player totals,https://www.basketball-reference.com/gleague/years/gleague_2024_totals.html,2026-08-16
Michael Frazier,2023-2024,NBA G League,GLI,29,18,6,430,85,173,.491,22,62,.355,63,111,.568,.555,11,14,.786,8,50,58,20,14,7,25,18,207,Basketball-Reference G League player totals,https://www.basketball-reference.com/gleague/years/gleague_2024_totals.html,2026-08-16
Javon Freeman-Liberty,2023-2024,NBA G League,RAP,,22,21,772,187,401,.466,52,147,.354,135,254,.531,.531,75,92,.815,40,113,153,93,33,5,51,39,533,Basketball-Reference G League player totals,https://www.basketball-reference.com/gleague/years/gleague_2024_totals.html,2026-08-16
Alex Fudge,2023-2024,NBA G League,TOT,20,27,0,478,86,180,.478,9,42,.214,77,138,.558,.503,18,34,.529,39,80,119,14,21,34,19,58,214,Basketball-Reference G League player totals,https://www.basketball-reference.com/gleague/years/gleague_2024_totals.html,2026-08-16
Andrew Funk,2023-2024,NBA G League,TOT,24,33,32,1204,144,365,.395,105,287,.366,39,78,.500,.538,14,19,.737,12,100,112,93,26,6,47,60,415,Basketball-Reference G League player totals,https://www.basketball-reference.com/gleague/years/gleague_2024_totals.html,2026-08-16
Abdul Gaddy,2023-2024,NBA G League,OKL,32,16,2,246,16,35,.457,2,8,.250,14,27,.519,.486,4,5,.800,9,24,33,64,10,3,20,22,42,Basketball-Reference G League player totals,https://www.basketball-reference.com/gleague/years/gleague_2024_totals.html,2026-08-16
Jaylin Galloway,2023-2024,NBA G League,WIS,21,7,1,143,13,32,.406,2,14,.143,11,18,.611,.438,4,6,.667,4,20,24,10,2,9,8,7,33,Basketball-Reference G League player totals,https://www.basketball-reference.com/gleague/years/gleague_2024_totals.html,2026-08-16
Myron Gardner,2023-2024,NBA G League,OSC,,31,0,469,56,140,.400,25,79,.316,31,61,.508,.489,7,11,.636,35,98,133,28,14,7,16,70,150,Basketball-Reference G League player totals,https://www.basketball-reference.com/gleague/years/gleague_2024_totals.html,2026-08-16
Patrick Gardner,2023-2024,NBA G League,LIN,24,18,4,273,57,106,.538,9,24,.375,48,82,.585,.580,9,16,.563,38,60,98,16,14,10,16,13,142,Basketball-Reference G League player totals,https://www.basketball-reference.com/gleague/years/gleague_2024_totals.html,2026-08-16
Marcus Garrett,2023-2024,NBA G League,GBO,25,33,28,1021,135,300,.450,29,84,.345,106,216,.491,.498,23,28,.821,33,131,164,138,60,12,47,79,338,Basketball-Reference G League player totals,https://www.basketball-reference.com/gleague/years/gleague_2024_totals.html,2026-08-16
Usman Garuba,2023-2024,NBA G League,SCW,21,22,21,566,120,212,.566,13,33,.394,107,179,.598,.597,22,35,.629,89,143,232,44,26,26,44,72,286,Basketball-Reference G League player totals,https://www.basketball-reference.com/gleague/years/gleague_2024_totals.html,2026-08-16
Kaiser Gates,2023-2024,NBA G League,LIN,27,32,24,841,126,288,.438,84,212,.396,42,76,.553,.583,24,28,.857,27,135,162,54,22,10,34,55,370,Basketball-Reference G League player totals,https://www.basketball-reference.com/gleague/years/gleague_2024_totals.html,2026-08-16
Daniel Giddens,2023-2024,NBA G League,TOT,26,9,0,67,5,19,.263,1,2,.500,4,17,.235,.289,2,4,.500,5,8,13,2,2,1,2,12,14,Basketball-Reference G League player totals,https://www.basketball-reference.com/gleague/years/gleague_2024_totals.html,2026-08-16
Admon Gilder,2023-2024,NBA G League,GLI,28,27,3,394,35,100,.350,11,41,.268,24,59,.407,.405,1,6,.167,23,44,67,23,19,15,13,40,83,Basketball-Reference G League player totals,https://www.basketball-reference.com/gleague/years/gleague_2024_totals.html,2026-08-16
Harry Giles,2023-2024,NBA G League,SBL,25,4,4,106,19,41,.463,3,11,.273,16,30,.533,.500,3,3,1.000,7,32,39,15,2,2,9,17,47,Basketball-Reference G League player totals,https://www.basketball-reference.com/gleague/years/gleague_2024_totals.html,2026-08-16
Collin Gillespie,2023-2024,NBA G League,GRG,,8,8,323,56,125,.448,25,63,.397,31,62,.500,.548,20,22,.909,13,58,71,88,16,2,29,17,169,Basketball-Reference G League player totals,https://www.basketball-reference.com/gleague/years/gleague_2024_totals.html,2026-08-16
Evan Gilyard,2023-2024,NBA G League,WCB,,26,1,433,54,168,.321,21,94,.223,33,74,.446,.384,21,27,.778,9,29,38,76,23,1,29,44,165,Basketball-Reference G League player totals,https://www.basketball-reference.com/gleague/years/gleague_2024_totals.html,2026-08-16
Jacob Gilyard,2023-2024,NBA G League,TOT,,15,15,454,52,151,.344,37,105,.352,15,46,.326,.467,18,20,.900,4,29,33,119,21,2,32,29,168,Basketball-Reference G League player totals,https://www.basketball-reference.com/gleague/years/gleague_2024_totals.html,2026-08-16
Bryce Golden,2023-2024,NBA G League,SLC,24,5,0,12,3,7,.429,1,2,.500,2,5,.400,.500,1,1,1.000,1,3,4,0,0,0,2,4,8,Basketball-Reference G League player totals,https://www.basketball-reference.com/gleague/years/gleague_2024_totals.html,2026-08-16
Jordan Goldwire,2023-2024,NBA G League,TOT,,3,0,19,0,6,.000,0,1,.000,0,5,.000,.000,0,0,,1,0,1,1,3,0,0,1,0,Basketball-Reference G League player totals,https://www.basketball-reference.com/gleague/years/gleague_2024_totals.html,2026-08-16
Brandon Goodwin,2023-2024,NBA G League,WES,28,25,25,965,206,508,.406,72,230,.313,134,278,.482,.476,51,64,.797,21,122,143,214,28,11,71,57,573,Basketball-Reference G League player totals,https://www.basketball-reference.com/gleague/years/gleague_2024_totals.html,2026-08-16
Dane Goodwin,2023-2024,NBA G League,STO,24,26,14,581,70,156,.449,39,89,.438,31,67,.463,.574,3,8,.375,23,78,101,42,12,5,21,48,183,Basketball-Reference G League player totals,https://www.basketball-reference.com/gleague/years/gleague_2024_totals.html,2026-08-16
Jazian Gortman,2023-2024,NBA G League,TOT,20,27,4,511,99,243,.407,33,108,.306,66,135,.489,.475,14,22,.636,14,51,65,98,19,2,79,58,255,Basketball-Reference G League player totals,https://www.basketball-reference.com/gleague/years/gleague_2024_totals.html,2026-08-16
Treveon Graham,2023-2024,NBA G League,MCC,30,10,0,145,8,30,.267,1,16,.063,7,14,.500,.283,1,4,.250,6,14,20,6,5,0,7,18,18,Basketball-Reference G League player totals,https://www.basketball-reference.com/gleague/years/gleague_2024_totals.html,2026-08-16
Jaire Grayer,2023-2024,NBA G League,GBO,27,9,0,145,20,55,.364,5,27,.185,15,28,.536,.409,5,6,.833,3,24,27,4,4,2,5,14,52,Basketball-Reference G League player totals,https://www.basketball-reference.com/gleague/years/gleague_2024_totals.html,2026-08-16
RaiQuan Gray,2023-2024,NBA G League,AUS,24,31,29,956,230,388,.593,21,61,.344,209,327,.639,.620,41,55,.745,43,166,209,129,57,17,79,110,546,Basketball-Reference G League player totals,https://www.basketball-reference.com/gleague/years/gleague_2024_totals.html,2026-08-16
AJ Green,2023-2024,NBA G League,WIS,,1,1,27,4,10,.400,4,7,.571,0,3,.000,.600,0,0,,1,2,3,3,0,0,1,4,12,Basketball-Reference G League player totals,https://www.basketball-reference.com/gleague/years/gleague_2024_totals.html,2026-08-16
Javonte Green,2023-2024,NBA G League,SCW,30,11,0,222,46,94,.489,11,31,.355,35,63,.556,.548,14,17,.824,12,56,68,7,13,7,15,21,128,Basketball-Reference G League player totals,https://www.basketball-reference.com/gleague/years/gleague_2024_totals.html,2026-08-16
AJ Griffin,2023-2024,NBA G League,CPS,20,6,0,163,32,72,.444,14,35,.400,18,37,.486,.542,4,6,.667,8,18,26,7,9,4,9,7,85,Basketball-Reference G League player totals,https://www.basketball-reference.com/gleague/years/gleague_2024_totals.html,2026-08-16
Mouhamadou Gueye,2023-2024,NBA G League,RAP,,26,26,787,151,278,.543,6,28,.214,145,250,.580,.554,31,63,.492,73,138,211,40,21,61,66,67,358,Basketball-Reference G League player totals,https://www.basketball-reference.com/gleague/years/gleague_2024_totals.html,2026-08-16
Mouhamed Gueye,2023-2024,NBA G League,CPS,21,4,2,66,16,33,.485,1,8,.125,15,25,.600,.500,0,1,.000,9,12,21,5,7,5,3,3,33,Basketball-Reference G League player totals,https://www.basketball-reference.com/gleague/years/gleague_2024_totals.html,2026-08-16
Ashton Hagans,2023-2024,NBA G League,RIP,24,20,20,638,111,255,.435,20,70,.286,91,185,.492,.475,49,61,.803,18,80,98,178,33,7,87,64,321,Basketball-Reference G League player totals,https://www.basketball-reference.com/gleague/years/gleague_2024_totals.html,2026-08-16
Josh Hagins,2023-2024,NBA G League,ONT,29,30,13,655,63,164,.384,22,75,.293,41,89,.461,.451,2,4,.500,14,58,72,164,48,6,45,43,151,Basketball-Reference G League player totals,https://www.basketball-reference.com/gleague/years/gleague_2024_totals.html,2026-08-16
Jermaine Haley,2023-2024,NBA G League,MCC,,1,0,23,1,2,.500,1,1,1.000,0,1,.000,.750,0,0,,2,1,3,0,2,1,0,4,3,Basketball-Reference G League player totals,https://www.basketball-reference.com/gleague/years/gleague_2024_totals.html,2026-08-16
Jordan Hall,2023-2024,NBA G League,LIN,22,30,13,684,84,222,.378,34,94,.362,50,128,.391,.455,15,17,.882,16,120,136,96,17,9,44,62,226,Basketball-Reference G League player totals,https://www.basketball-reference.com/gleague/years/gleague_2024_totals.html,2026-08-16
Tyler Hall,2023-2024,NBA G League,TEX,26,33,30,930,101,228,.443,85,190,.447,16,38,.421,.629,9,10,.900,12,107,119,85,16,4,33,33,302,Basketball-Reference G League player totals,https://www.basketball-reference.com/gleague/years/gleague_2024_totals.html,2026-08-16
Bryce Hamilton,2023-2024,NBA G League,SBL,,34,14,1041,227,496,.458,76,207,.367,151,289,.522,.534,51,73,.699,22,116,138,68,41,8,46,56,612,Basketball-Reference G League player totals,https://www.basketball-reference.com/gleague/years/gleague_2024_totals.html,2026-08-16
R.J. Hampton,2023-2024,NBA G League,TOT,22,21,4,533,95,206,.461,32,83,.386,63,123,.512,.539,31,43,.721,13,74,87,77,16,8,43,42,279,Basketball-Reference G League player totals,https://www.basketball-reference.com/gleague/years/gleague_2024_totals.html,2026-08-16
Kameron Hankerson,2023-2024,NBA G League,LIN,,24,1,290,40,99,.404,20,54,.370,20,45,.444,.505,4,6,.667,6,29,35,18,8,7,20,19,106,Basketball-Reference G League player totals,https://www.basketball-reference.com/gleague/years/gleague_2024_totals.html,2026-08-16
Michael Harden,2023-2024,NBA G League,WES,,7,0,76,4,21,.190,3,14,.214,1,7,.143,.262,0,0,,1,10,11,9,5,0,8,11,11,Basketball-Reference G League player totals,https://www.basketball-reference.com/gleague/years/gleague_2024_totals.html,2026-08-16
Amauri Hardy,2023-2024,NBA G League,IWA,,17,0,260,33,98,.337,8,43,.186,25,55,.455,.378,10,13,.769,1,25,26,36,3,4,12,20,88,Basketball-Reference G League player totals,https://www.basketball-reference.com/gleague/years/gleague_2024_totals.html,2026-08-16
Elijah Harkless,2023-2024,NBA G League,ONT,23,20,4,453,76,160,.475,26,61,.426,50,99,.505,.556,33,46,.717,15,62,77,63,20,5,34,47,232,Basketball-Reference G League player totals,https://www.basketball-reference.com/gleague/years/gleague_2024_totals.html,2026-08-16
Maurice Harkless,2023-2024,NBA G League,RIP,,7,1,160,18,30,.600,4,10,.400,14,20,.700,.667,2,2,1.000,3,22,25,8,2,5,9,17,42,Basketball-Reference G League player totals,https://www.basketball-reference.com/gleague/years/gleague_2024_totals.html,2026-08-16
De'Vion Harmon,2023-2024,NBA G League,WES,23,25,7,592,116,264,.439,24,77,.312,92,187,.492,.485,24,35,.686,14,53,67,81,20,5,34,36,297,Basketball-Reference G League player totals,https://www.basketball-reference.com/gleague/years/gleague_2024_totals.html,2026-08-16
Jalen Harris,2023-2024,NBA G League,WCB,25,26,15,689,141,306,.461,46,119,.387,95,187,.508,.536,34,37,.919,17,70,87,76,22,10,52,57,389,Basketball-Reference G League player totals,https://www.basketball-reference.com/gleague/years/gleague_2024_totals.html,2026-08-16
Kevon Harris,2023-2024,NBA G League,OSC,26,28,22,776,154,307,.502,51,133,.383,103,174,.592,.585,53,70,.757,41,105,146,53,25,7,43,75,442,Basketball-Reference G League player totals,https://www.basketball-reference.com/gleague/years/gleague_2024_totals.html,2026-08-16
Shaquille Harrison,2023-2024,NBA G League,SBL,30,34,31,1161,197,379,.520,34,102,.333,163,277,.588,.565,53,80,.663,39,156,195,215,97,25,100,94,514,Basketball-Reference G League player totals,https://www.basketball-reference.com/gleague/years/gleague_2024_totals.html,2026-08-16
Joey Hauser,2023-2024,NBA G League,ONT,24,34,6,745,78,184,.424,43,133,.323,35,51,.686,.541,12,16,.750,21,95,116,36,17,14,27,88,221,Basketball-Reference G League player totals,https://www.basketball-reference.com/gleague/years/gleague_2024_totals.html,2026-08-16
Jordan Hawkins,2023-2024,NBA G League,BIR,21,2,2,75,17,41,.415,10,23,.435,7,18,.389,.537,4,6,.667,3,6,9,7,4,1,6,5,51,Basketball-Reference G League player totals,https://www.basketball-reference.com/gleague/years/gleague_2024_totals.html,2026-08-16
Derek Hawthorne,2023-2024,NBA G League,WIS,26,1,0,17,2,4,.500,1,2,.500,1,2,.500,.625,0,0,,0,1,1,0,0,0,1,2,5,Basketball-Reference G League player totals,https://www.basketball-reference.com/gleague/years/gleague_2024_totals.html,2026-08-16
Max Heidegger,2023-2024,NBA G League,WCB,26,1,0,0,0,0,,0,0,,0,0,,,0,0,,0,0,0,0,0,0,0,0,0,Basketball-Reference G League player totals,https://www.basketball-reference.com/gleague/years/gleague_2024_totals.html,2026-08-16
Taylor Hendricks,2023-2024,NBA G League,SLC,20,13,13,401,70,156,.449,29,85,.341,41,71,.577,.542,14,19,.737,14,64,78,15,12,16,21,33,193,Basketball-Reference G League player totals,https://www.basketball-reference.com/gleague/years/gleague_2024_totals.html,2026-08-16
Stephan Hicks,2023-2024,NBA G League,IND,31,15,0,172,23,53,.434,8,27,.296,15,26,.577,.509,10,12,.833,8,24,32,8,8,1,11,12,70,Basketball-Reference G League player totals,https://www.basketball-reference.com/gleague/years/gleague_2024_totals.html,2026-08-16
Devon Higgs,2023-2024,NBA G League,TOT,,26,6,528,60,135,.444,17,52,.327,43,83,.518,.507,15,29,.517,22,83,105,25,23,24,24,53,159,Basketball-Reference G League player totals,https://www.basketball-reference.com/gleague/years/gleague_2024_totals.html,2026-08-16
Malcolm Hill,2023-2024,NBA G League,BIR,28,30,30,1024,222,435,.510,100,226,.442,122,209,.584,.625,95,103,.922,47,121,168,80,53,4,55,57,702,Basketball-Reference G League player totals,https://www.basketball-reference.com/gleague/years/gleague_2024_totals.html,2026-08-16
Jaycee Hillsman,2023-2024,NBA G League,OSC,,18,0,192,23,54,.426,14,37,.378,9,17,.529,.556,6,10,.600,13,36,49,13,7,3,5,27,70,Basketball-Reference G League player totals,https://www.basketball-reference.com/gleague/years/gleague_2024_totals.html,2026-08-16
Nate Hinton,2023-2024,NBA G League,RGV,24,24,24,744,130,300,.433,28,95,.295,102,205,.498,.480,42,58,.724,52,113,165,112,59,14,69,66,350,Basketball-Reference G League player totals,https://www.basketball-reference.com/gleague/years/gleague_2024_totals.html,2026-08-16
D'Moi Hodge,2023-2024,NBA G League,TOT,25,30,15,806,126,319,.395,84,237,.354,42,82,.512,.527,26,33,.788,30,108,138,48,60,15,35,55,379,Basketball-Reference G League player totals,https://www.basketball-reference.com/gleague/years/gleague_2024_totals.html,2026-08-16
Ron Holland,2023-2024,NBA G League,GLI,18,14,14,471,97,218,.445,12,50,.240,85,168,.506,.472,53,70,.757,21,71,92,42,35,9,40,46,288,Basketball-Reference G League player totals,https://www.basketball-reference.com/gleague/years/gleague_2024_totals.html,2026-08-16
Rodney Hood,2023-2024,NBA G League,MHU,31,5,0,79,9,24,.375,6,17,.353,3,7,.429,.500,0,0,,1,11,12,5,3,2,3,3,24,Basketball-Reference G League player totals,https://www.basketball-reference.com/gleague/years/gleague_2024_totals.html,2026-08-16
Jalen Hood-Schifino,2023-2024,NBA G League,SBL,,15,15,531,106,224,.473,35,81,.432,71,143,.497,.551,52,65,.800,7,64,71,79,14,9,49,39,330,Basketball-Reference G League player totals,https://www.basketball-reference.com/gleague/years/gleague_2024_totals.html,2026-08-16
Scotty Hopson,2023-2024,NBA G League,TOT,34,13,0,118,17,47,.362,2,14,.143,15,33,.455,.383,2,3,.667,7,12,19,3,4,0,3,7,39,Basketball-Reference G League player totals,https://www.basketball-reference.com/gleague/years/gleague_2024_totals.html,2026-08-16
Jett Howard,2023-2024,NBA G League,OSC,,29,28,924,195,434,.449,104,276,.377,91,158,.576,.569,26,32,.813,18,91,109,65,23,16,60,61,536,Basketball-Reference G League player totals,https://www.basketball-reference.com/gleague/years/gleague_2024_totals.html,2026-08-16
Jay Huff,2023-2024,NBA G League,GRG,25,8,8,243,62,117,.530,15,41,.366,47,76,.618,.594,14,16,.875,12,46,58,13,6,30,18,21,163,Basketball-Reference G League player totals,https://www.basketball-reference.com/gleague/years/gleague_2024_totals.html,2026-08-16
Elijah Hughes,2023-2024,NBA G League,WIS,25,29,5,642,115,256,.449,45,133,.338,70,123,.569,.537,14,19,.737,6,87,93,62,13,18,26,45,301,Basketball-Reference G League player totals,https://www.basketball-reference.com/gleague/years/gleague_2024_totals.html,2026-08-16
R.J. Hunter,2023-2024,NBA G League,GBO,30,28,19,772,135,317,.426,88,224,.393,47,93,.505,.565,32,38,.842,7,75,82,75,39,20,52,48,416,Basketball-Reference G League player totals,https://www.basketball-reference.com/gleague/years/gleague_2024_totals.html,2026-08-16
Feron Hunt,2023-2024,NBA G League,CLC,24,5,0,102,23,45,.511,0,3,.000,23,42,.548,.511,5,7,.714,13,23,36,10,2,4,13,11,54,Basketball-Reference G League player totals,https://www.basketball-reference.com/gleague/years/gleague_2024_totals.html,2026-08-16
Matthew Hurt,2023-2024,NBA G League,MHU,23,22,22,734,168,332,.506,61,150,.407,107,182,.588,.598,34,42,.810,34,127,161,35,13,28,25,58,451,Basketball-Reference G League player totals,https://www.basketball-reference.com/gleague/years/gleague_2024_totals.html,2026-08-16
Zak Irvin,2023-2024,NBA G League,GRG,29,33,22,864,137,256,.535,3,18,.167,134,238,.563,.541,22,32,.688,81,143,224,88,25,6,60,82,313,Basketball-Reference G League player totals,https://www.basketball-reference.com/gleague/years/gleague_2024_totals.html,2026-08-16
Andre Jackson Jr.,2023-2024,NBA G League,WIS,22,2,2,60,6,19,.316,2,9,.222,4,10,.400,.368,0,0,,3,12,15,8,2,4,4,5,14,Basketball-Reference G League player totals,https://www.basketball-reference.com/gleague/years/gleague_2024_totals.html,2026-08-16
Gregory Jackson II,2023-2024,NBA G League,MHU,19,6,6,220,45,90,.500,9,33,.273,36,57,.632,.550,9,12,.750,18,30,48,12,6,5,13,8,116,Basketball-Reference G League player totals,https://www.basketball-reference.com/gleague/years/gleague_2024_totals.html,2026-08-16
Jordan Jackson,2023-2024,NBA G League,MNE,,16,0,107,12,36,.333,2,18,.111,10,18,.556,.361,2,4,.500,3,13,16,3,1,2,1,4,29,Basketball-Reference G League player totals,https://www.basketball-reference.com/gleague/years/gleague_2024_totals.html,2026-08-16
Justin Jackson,2023-2024,NBA G League,TEX,28,28,27,1002,188,420,.448,90,234,.385,98,186,.527,.555,51,58,.879,26,123,149,97,22,13,34,48,548,Basketball-Reference G League player totals,https://www.basketball-reference.com/gleague/years/gleague_2024_totals.html,2026-08-16
Justin Jackson,2023-2024,NBA G League,GRG,26,9,0,137,18,44,.409,6,26,.231,12,18,.667,.477,6,9,.667,14,17,31,9,4,4,6,9,51,Basketball-Reference G League player totals,https://www.basketball-reference.com/gleague/years/gleague_2024_totals.html,2026-08-16
Quenton Jackson,2023-2024,NBA G League,TOT,,32,28,1083,222,428,.519,21,89,.236,201,339,.593,.543,88,113,.779,34,102,136,178,57,8,86,76,601,Basketball-Reference G League player totals,https://www.basketball-reference.com/gleague/years/gleague_2024_totals.html,2026-08-16
Vance Jackson Jr.,2023-2024,NBA G League,SLC,26,3,0,10,1,4,.250,1,3,.333,0,1,.000,.375,1,2,.500,0,3,3,0,0,0,0,1,4,Basketball-Reference G League player totals,https://www.basketball-reference.com/gleague/years/gleague_2024_totals.html,2026-08-16
DaQuan Jeffries,2023-2024,NBA G League,WES,26,14,12,505,112,231,.485,41,110,.373,71,121,.587,.574,25,33,.758,18,64,82,36,10,13,27,43,308,Basketball-Reference G League player totals,https://www.basketball-reference.com/gleague/years/gleague_2024_totals.html,2026-08-16
Trey Jemison,2023-2024,NBA G League,BIR,24,9,9,273,48,73,.658,0,0,,48,73,.658,.658,17,22,.773,43,67,110,15,6,9,22,38,122,Basketball-Reference G League player totals,https://www.basketball-reference.com/gleague/years/gleague_2024_totals.html,2026-08-16
John Jenkins,2023-2024,NBA G League,GLI,32,16,16,534,94,197,.477,54,113,.478,40,84,.476,.614,22,23,.957,2,27,29,45,20,2,26,26,280,Basketball-Reference G League player totals,https://www.basketball-reference.com/gleague/years/gleague_2024_totals.html,2026-08-16
David Johnson,2023-2024,NBA G League,MHU,22,8,6,231,49,116,.422,26,65,.400,23,51,.451,.534,6,12,.500,5,29,34,33,7,5,12,18,134,Basketball-Reference G League player totals,https://www.basketball-reference.com/gleague/years/gleague_2024_totals.html,2026-08-16
Isaac Johnson,2023-2024,NBA G League,TOT,25,6,0,42,2,8,.250,0,0,,2,8,.250,.250,0,1,.000,3,2,5,2,0,0,2,5,4,Basketball-Reference G League player totals,https://www.basketball-reference.com/gleague/years/gleague_2024_totals.html,2026-08-16
Jayce Johnson,2023-2024,NBA G League,TOT,,20,12,508,86,155,.555,0,1,.000,86,154,.558,.555,18,36,.500,91,122,213,22,13,21,27,55,205,Basketball-Reference G League player totals,https://www.basketball-reference.com/gleague/years/gleague_2024_totals.html,2026-08-16
Javan Johnson,2023-2024,NBA G League,SCW,25,34,31,792,139,339,.410,90,237,.380,49,102,.480,.543,12,14,.857,28,76,104,42,11,11,28,43,384,Basketball-Reference G League player totals,https://www.basketball-reference.com/gleague/years/gleague_2024_totals.html,2026-08-16
Kaleb Johnson,2023-2024,NBA G League,AUS,,24,1,297,67,117,.573,0,4,.000,67,113,.593,.573,11,19,.579,33,41,74,15,11,6,11,28,153,Basketball-Reference G League player totals,https://www.basketball-reference.com/gleague/years/gleague_2024_totals.html,2026-08-16
Keon Johnson,2023-2024,NBA G League,LIN,21,26,1,720,173,360,.481,50,132,.379,123,228,.539,.550,53,66,.803,34,128,162,80,31,12,52,55,473,Basketball-Reference G League player totals,https://www.basketball-reference.com/gleague/years/gleague_2024_totals.html,2026-08-16
Keyontae Johnson,2023-2024,NBA G League,OKL,23,25,25,804,193,366,.527,38,97,.392,155,269,.576,.579,46,58,.793,29,117,146,54,29,15,49,68,498,Basketball-Reference G League player totals,https://www.basketball-reference.com/gleague/years/gleague_2024_totals.html,2026-08-16
London Johnson,2023-2024,NBA G League,GLI,,25,8,649,95,221,.430,23,72,.319,72,149,.483,.482,33,41,.805,20,34,54,123,15,10,55,65,265,Basketball-Reference G League player totals,https://www.basketball-reference.com/gleague/years/gleague_2024_totals.html,2026-08-16
Logan Johnson,2023-2024,NBA G League,OKL,24,22,1,321,50,105,.476,8,24,.333,42,81,.519,.514,16,23,.696,21,40,61,27,14,2,13,33,134,Basketball-Reference G League player totals,https://www.basketball-reference.com/gleague/years/gleague_2024_totals.html,2026-08-16
Stanley Johnson,2023-2024,NBA G League,STO,27,31,8,839,153,324,.472,60,147,.408,93,177,.525,.565,42,56,.750,35,125,160,80,33,10,62,71,439,Basketball-Reference G League player totals,https://www.basketball-reference.com/gleague/years/gleague_2024_totals.html,2026-08-16
Jarkel Joiner,2023-2024,NBA G League,CPS,24,30,4,880,127,288,.441,33,119,.277,94,169,.556,.498,33,41,.805,17,79,96,130,31,4,42,66,333,Basketball-Reference G League player totals,https://www.basketball-reference.com/gleague/years/gleague_2024_totals.html,2026-08-16
Peter Jok,2023-2024,NBA G League,SXF,29,8,0,87,5,20,.250,4,13,.308,1,7,.143,.350,1,1,1.000,2,13,15,2,4,1,5,9,15,Basketball-Reference G League player totals,https://www.basketball-reference.com/gleague/years/gleague_2024_totals.html,2026-08-16
Colby Jones,2023-2024,NBA G League,STO,,13,13,474,102,200,.510,30,80,.375,72,120,.600,.585,15,28,.536,15,84,99,61,25,10,44,19,258,Basketball-Reference G League player totals,https://www.basketball-reference.com/gleague/years/gleague_2024_totals.html,2026-08-16
Kai Jones,2023-2024,NBA G League,DEL,23,2,2,48,9,15,.600,0,1,.000,9,14,.643,.600,3,5,.600,5,10,15,7,5,2,1,3,22,Basketball-Reference G League player totals,https://www.basketball-reference.com/gleague/years/gleague_2024_totals.html,2026-08-16
Mason Jones,2023-2024,NBA G League,STO,25,25,23,776,118,231,.511,71,149,.477,47,82,.573,.665,46,54,.852,15,107,122,196,25,8,72,62,377,Basketball-Reference G League player totals,https://www.basketball-reference.com/gleague/years/gleague_2024_totals.html,2026-08-16
Shawndre Jones,2023-2024,NBA G League,MCC,29,30,2,426,54,155,.348,18,66,.273,36,89,.404,.406,11,14,.786,7,33,40,67,12,0,20,28,145,Basketball-Reference G League player totals,https://www.basketball-reference.com/gleague/years/gleague_2024_totals.html,2026-08-16
Tevian Jones,2023-2024,NBA G League,BIR,23,34,3,615,75,192,.391,49,134,.366,26,58,.448,.518,12,13,.923,15,46,61,24,18,3,24,50,220,Basketball-Reference G League player totals,https://www.basketball-reference.com/gleague/years/gleague_2024_totals.html,2026-08-16
Djordjije Jovanovic,2023-2024,NBA G League,ONT,20,32,8,666,57,157,.363,33,108,.306,24,49,.490,.468,14,15,.933,16,60,76,22,26,14,17,52,178,Basketball-Reference G League player totals,https://www.basketball-reference.com/gleague/years/gleague_2024_totals.html,2026-08-16
Keshawn Justice,2023-2024,NBA G League,SLC,24,21,12,606,82,210,.390,64,159,.403,18,51,.353,.543,9,13,.692,14,75,89,33,18,4,14,21,244,Basketball-Reference G League player totals,https://www.basketball-reference.com/gleague/years/gleague_2024_totals.html,2026-08-16
Johnny Juzang,2023-2024,NBA G League,SLC,,23,16,726,159,364,.437,58,181,.320,101,183,.552,.516,43,46,.935,16,76,92,65,14,15,41,53,444,Basketball-Reference G League player totals,https://www.basketball-reference.com/gleague/years/gleague_2024_totals.html,2026-08-16
Gabe Kalscheur,2023-2024,NBA G League,TOT,24,22,0,217,27,85,.318,15,53,.283,12,32,.375,.406,4,4,1.000,9,7,16,7,8,5,8,23,77,Basketball-Reference G League player totals,https://www.basketball-reference.com/gleague/years/gleague_2024_totals.html,2026-08-16
Trevor Keels,2023-2024,NBA G League,IWA,,23,17,735,112,258,.434,51,139,.367,61,119,.513,.533,24,28,.857,12,50,62,87,21,0,40,43,311,Basketball-Reference G League player totals,https://www.basketball-reference.com/gleague/years/gleague_2024_totals.html,2026-08-16
Kylor Kelley,2023-2024,NBA G League,MNE,26,29,16,639,109,158,.690,0,0,,109,158,.690,.690,15,24,.625,70,115,185,44,6,83,26,59,245,Basketball-Reference G League player totals,https://www.basketball-reference.com/gleague/years/gleague_2024_totals.html,2026-08-16
Braxton Key,2023-2024,NBA G League,GRG,26,8,7,290,58,124,.468,6,29,.207,52,95,.547,.492,25,34,.735,14,59,73,39,12,17,21,23,167,Basketball-Reference G League player totals,https://www.basketball-reference.com/gleague/years/gleague_2024_totals.html,2026-08-16
Justin Kier,2023-2024,NBA G League,AUS,,20,4,281,26,61,.426,5,13,.385,21,48,.438,.467,12,14,.857,10,42,52,38,15,1,29,23,79,Basketball-Reference G League player totals,https://www.basketball-reference.com/gleague/years/gleague_2024_totals.html,2026-08-16
Louis King,2023-2024,NBA G League,TOT,24,31,29,1000,191,426,.448,68,203,.335,123,223,.552,.528,54,71,.761,26,144,170,89,36,15,71,78,528,Basketball-Reference G League player totals,https://www.basketball-reference.com/gleague/years/gleague_2024_totals.html,2026-08-16
Mojave King,2023-2024,NBA G League,IND,21,15,0,133,24,63,.381,9,33,.273,15,30,.500,.452,2,6,.333,4,5,9,8,4,3,4,10,59,Basketball-Reference G League player totals,https://www.basketball-reference.com/gleague/years/gleague_2024_totals.html,2026-08-16
Taevion Kinsey,2023-2024,NBA G League,SLC,23,34,23,1050,151,252,.599,47,92,.511,104,160,.650,.692,31,39,.795,49,66,115,73,25,18,36,47,400,Basketball-Reference G League player totals,https://www.basketball-reference.com/gleague/years/gleague_2024_totals.html,2026-08-16
Reggie Kissoonlal,2023-2024,NBA G League,TOT,,16,3,184,25,71,.352,11,40,.275,14,31,.452,.430,6,9,.667,17,22,39,14,5,16,20,35,71,Basketball-Reference G League player totals,https://www.basketball-reference.com/gleague/years/gleague_2024_totals.html,2026-08-16
John Knight III,2023-2024,NBA G League,RGV,24,31,0,372,53,125,.424,1,4,.250,52,121,.430,.428,12,19,.632,34,43,77,68,24,11,43,51,128,Basketball-Reference G League player totals,https://www.basketball-reference.com/gleague/years/gleague_2024_totals.html,2026-08-16
Kevin Knox,2023-2024,NBA G League,RIP,24,11,11,363,93,204,.456,33,89,.371,60,115,.522,.537,18,27,.667,19,76,95,29,10,9,27,30,249,Basketball-Reference G League player totals,https://www.basketball-reference.com/gleague/years/gleague_2024_totals.html,2026-08-16
Kong Kong,2023-2024,NBA G League,OKL,,7,0,26,4,4,1.000,2,2,1.000,2,2,1.000,1.250,0,0,,0,1,1,2,0,1,3,3,10,Basketball-Reference G League player totals,https://www.basketball-reference.com/gleague/years/gleague_2024_totals.html,2026-08-16
Miller Kopp,2023-2024,NBA G League,OKL,25,26,0,457,53,139,.381,32,103,.311,21,36,.583,.496,14,15,.933,14,48,62,21,10,5,18,39,163,Basketball-Reference G League player totals,https://www.basketball-reference.com/gleague/years/gleague_2024_totals.html,2026-08-16
Adam Kunkel,2023-2024,NBA G League,TOT,24,9,0,145,24,63,.381,11,40,.275,13,23,.565,.468,5,7,.714,4,13,17,8,1,0,11,26,66,Basketball-Reference G League player totals,https://www.basketball-reference.com/gleague/years/gleague_2024_totals.html,2026-08-16
Skal Labissiere,2023-2024,NBA G League,STO,27,26,26,759,196,301,.651,5,23,.217,191,278,.687,.659,25,40,.625,88,118,206,52,20,45,37,70,436,Basketball-Reference G League player totals,https://www.basketball-reference.com/gleague/years/gleague_2024_totals.html,2026-08-16
Jeremy Lamb,2023-2024,NBA G League,STO,31,9,2,229,49,102,.480,22,58,.379,27,44,.614,.588,8,11,.727,10,49,59,21,15,10,11,26,135,Basketball-Reference G League player totals,https://www.basketball-reference.com/gleague/years/gleague_2024_totals.html,2026-08-16
Romeo Langford,2023-2024,NBA G League,SLC,24,17,15,502,76,164,.463,22,58,.379,54,106,.509,.530,15,24,.625,29,41,70,33,8,11,21,36,203,Basketball-Reference G League player totals,https://www.basketball-reference.com/gleague/years/gleague_2024_totals.html,2026-08-16
Jake LaRavia,2023-2024,NBA G League,MHU,22,6,6,210,41,105,.390,18,56,.321,23,49,.469,.476,18,22,.818,11,15,26,15,8,2,15,17,131,Basketball-Reference G League player totals,https://www.basketball-reference.com/gleague/years/gleague_2024_totals.html,2026-08-16
Jalen Lecque,2023-2024,NBA G League,RGV,23,31,7,776,139,319,.436,36,130,.277,103,189,.545,.492,57,87,.655,26,89,115,117,37,23,73,74,410,Basketball-Reference G League player totals,https://www.basketball-reference.com/gleague/years/gleague_2024_totals.html,2026-08-16
Kalob Ledoux,2023-2024,NBA G League,STO,,14,0,184,16,63,.254,7,41,.171,9,22,.409,.310,6,7,.857,7,22,29,13,5,0,15,15,48,Basketball-Reference G League player totals,https://www.basketball-reference.com/gleague/years/gleague_2024_totals.html,2026-08-16
Teafale Lenard Jr.,2023-2024,NBA G League,TEX,21,18,1,294,31,73,.425,12,38,.316,19,35,.543,.507,10,15,.667,12,31,43,16,18,20,16,29,95,Basketball-Reference G League player totals,https://www.basketball-reference.com/gleague/years/gleague_2024_totals.html,2026-08-16
Kira Lewis Jr.,2023-2024,NBA G League,TOT,22,10,10,319,59,138,.428,15,47,.319,44,91,.484,.482,11,12,.917,6,18,24,56,15,3,15,26,150,Basketball-Reference G League player totals,https://www.basketball-reference.com/gleague/years/gleague_2024_totals.html,2026-08-16
Malique Lewis,2023-2024,NBA G League,MXC,19,34,18,943,117,231,.506,43,114,.377,74,117,.632,.600,18,26,.692,40,165,205,51,33,40,44,76,307,Basketball-Reference G League player totals,https://www.basketball-reference.com/gleague/years/gleague_2024_totals.html,2026-08-16
Maxwell Lewis,2023-2024,NBA G League,SBL,,25,25,717,136,322,.422,47,132,.356,89,190,.468,.495,29,33,.879,22,98,120,50,32,30,50,48,372,Basketball-Reference G League player totals,https://www.basketball-reference.com/gleague/years/gleague_2024_totals.html,2026-08-16
Scottie Lewis,2023-2024,NBA G League,TOT,23,20,0,309,20,59,.339,7,23,.304,13,36,.361,.398,11,15,.733,15,33,48,26,22,18,20,45,65,Basketball-Reference G League player totals,https://www.basketball-reference.com/gleague/years/gleague_2024_totals.html,2026-08-16
E.J. Liddell,2023-2024,NBA G League,BIR,,26,18,689,171,336,.509,31,115,.270,140,221,.633,.555,53,67,.791,59,146,205,40,13,48,50,90,458,Basketball-Reference G League player totals,https://www.basketball-reference.com/gleague/years/gleague_2024_totals.html,2026-08-16
Scottie Lindsey,2023-2024,NBA G League,TOT,27,14,3,285,36,101,.356,13,53,.245,23,48,.479,.421,1,2,.500,21,31,52,11,11,1,11,20,87,Basketball-Reference G League player totals,https://www.basketball-reference.com/gleague/years/gleague_2024_totals.html,2026-08-16
Chris Livingston,2023-2024,NBA G League,WIS,,16,14,448,94,201,.468,23,61,.377,71,140,.507,.525,8,17,.471,19,93,112,20,21,14,26,45,226,Basketball-Reference G League player totals,https://www.basketball-reference.com/gleague/years/gleague_2024_totals.html,2026-08-16
Kenneth Lofton Jr.,2023-2024,NBA G League,TOT,,19,19,572,177,314,.564,20,64,.313,157,250,.628,.596,69,103,.670,45,136,181,81,20,25,68,66,477,Basketball-Reference G League player totals,https://www.basketball-reference.com/gleague/years/gleague_2024_totals.html,2026-08-16
Loudon Love,2023-2024,NBA G League,MHU,,30,13,561,106,198,.535,0,0,,106,198,.535,.535,23,40,.575,61,67,128,26,33,17,34,68,250,Basketball-Reference G League player totals,https://www.basketball-reference.com/gleague/years/gleague_2024_totals.html,2026-08-16
Seth Lundy,2023-2024,NBA G League,CPS,23,12,10,404,99,195,.508,44,105,.419,55,90,.611,.621,20,25,.800,16,63,79,36,11,13,28,38,277,Basketball-Reference G League player totals,https://www.basketball-reference.com/gleague/years/gleague_2024_totals.html,2026-08-16
Tray Maddox,2023-2024,NBA G League,TOT,,20,0,274,31,83,.373,22,66,.333,9,17,.529,.506,3,5,.600,3,15,18,20,3,5,9,17,90,Basketball-Reference G League player totals,https://www.basketball-reference.com/gleague/years/gleague_2024_totals.html,2026-08-16
Makur Maker,2023-2024,NBA G League,RAP,,23,10,486,73,161,.453,25,83,.301,48,78,.615,.531,20,27,.741,38,103,141,24,6,13,28,43,201,Basketball-Reference G League player totals,https://www.basketball-reference.com/gleague/years/gleague_2024_totals.html,2026-08-16
Hunter Maldonado,2023-2024,NBA G League,OKL,24,34,18,852,125,261,.479,21,59,.356,104,202,.515,.519,44,66,.667,27,130,157,159,40,10,88,86,350,Basketball-Reference G League player totals,https://www.basketball-reference.com/gleague/years/gleague_2024_totals.html,2026-08-16
Theo Maledon,2023-2024,NBA G League,SXF,22,5,0,109,14,27,.519,7,9,.778,7,18,.389,.648,8,10,.800,3,17,20,18,4,1,11,7,48,Basketball-Reference G League player totals,https://www.basketball-reference.com/gleague/years/gleague_2024_totals.html,2026-08-16
Kyle Mangas,2023-2024,NBA G League,IND,24,34,28,1157,219,471,.465,81,223,.363,138,248,.556,.551,56,64,.875,29,76,105,127,41,15,55,71,609,Basketball-Reference G League player totals,https://www.basketball-reference.com/gleague/years/gleague_2024_totals.html,2026-08-16
Tre Mann,2023-2024,NBA G League,OKL,22,1,1,26,5,12,.417,2,8,.250,3,4,.750,.500,1,1,1.000,1,7,8,5,4,1,4,1,14,Basketball-Reference G League player totals,https://www.basketball-reference.com/gleague/years/gleague_2024_totals.html,2026-08-16
Jaylen Martin,2023-2024,NBA G League,TOT,20,28,21,689,129,257,.502,25,84,.298,104,173,.601,.551,36,45,.800,35,79,114,49,18,12,40,32,343,Basketball-Reference G League player totals,https://www.basketball-reference.com/gleague/years/gleague_2024_totals.html,2026-08-16
Luke Martinez,2023-2024,NBA G League,MXC,,26,8,471,69,168,.411,44,124,.355,25,44,.568,.542,20,20,1.000,13,55,68,32,24,1,17,41,209,Basketball-Reference G League player totals,https://www.basketball-reference.com/gleague/years/gleague_2024_totals.html,2026-08-16
Tyrese Martin,2023-2024,NBA G League,IWA,,33,28,1159,215,473,.455,63,204,.309,152,269,.565,.521,60,72,.833,67,199,266,108,28,21,85,65,590,Basketball-Reference G League player totals,https://www.basketball-reference.com/gleague/years/gleague_2024_totals.html,2026-08-16
Yauhen Massalski,2023-2024,NBA G League,AUS,24,21,2,213,44,70,.629,0,0,,44,70,.629,.629,4,19,.211,41,42,83,13,8,17,18,26,96,Basketball-Reference G League player totals,https://www.basketball-reference.com/gleague/years/gleague_2024_totals.html,2026-08-16
Karlo Matković,2023-2024,NBA G League,BIR,22,10,8,313,72,116,.621,7,21,.333,65,95,.684,.651,12,16,.750,27,52,79,19,7,15,16,33,173,Basketball-Reference G League player totals,https://www.basketball-reference.com/gleague/years/gleague_2024_totals.html,2026-08-16
Emmitt Matthews Jr.,2023-2024,NBA G League,CPS,,19,11,272,25,60,.417,5,22,.227,20,38,.526,.458,4,6,.667,14,33,47,13,3,6,22,21,62,Basketball-Reference G League player totals,https://www.basketball-reference.com/gleague/years/gleague_2024_totals.html,2026-08-16
Matthew Mayer,2023-2024,NBA G League,TOT,24,24,0,244,26,85,.306,11,54,.204,15,31,.484,.371,11,13,.846,8,30,38,19,10,11,10,32,81,Basketball-Reference G League player totals,https://www.basketball-reference.com/gleague/years/gleague_2024_totals.html,2026-08-16
Skylar Mays,2023-2024,NBA G League,SBL,26,7,2,232,53,109,.486,19,44,.432,34,65,.523,.573,16,19,.842,5,30,35,39,7,2,17,11,148,Basketball-Reference G League player totals,https://www.basketball-reference.com/gleague/years/gleague_2024_totals.html,2026-08-16
Patrick McCaw,2023-2024,NBA G League,DEL,28,31,7,878,103,203,.507,43,113,.381,60,90,.667,.613,11,14,.786,24,83,107,87,38,7,27,47,267,Basketball-Reference G League player totals,https://www.basketball-reference.com/gleague/years/gleague_2024_totals.html,2026-08-16
Mac McClung,2023-2024,NBA G League,OSC,25,28,27,956,252,489,.515,72,182,.396,180,307,.586,.589,69,82,.841,20,108,128,181,38,15,90,51,691,Basketball-Reference G League player totals,https://www.basketball-reference.com/gleague/years/gleague_2024_totals.html,2026-08-16
Caleb McConnell,2023-2024,NBA G League,OKL,24,32,11,629,70,154,.455,4,18,.222,66,136,.485,.468,31,51,.608,55,118,173,71,36,23,47,85,200,Basketball-Reference G League player totals,https://www.basketball-reference.com/gleague/years/gleague_2024_totals.html,2026-08-16
Brandon McCoy,2023-2024,NBA G League,SXF,25,8,0,87,15,31,.484,0,1,.000,15,30,.500,.484,3,11,.273,11,21,32,2,4,1,4,14,36,Basketball-Reference G League player totals,https://www.basketball-reference.com/gleague/years/gleague_2024_totals.html,2026-08-16
Javante McCoy,2023-2024,NBA G League,AUS,,27,0,462,89,188,.473,17,65,.262,72,123,.585,.519,16,23,.696,18,57,75,49,20,4,36,18,220,Basketball-Reference G League player totals,https://www.basketball-reference.com/gleague/years/gleague_2024_totals.html,2026-08-16
Darius McGhee,2023-2024,NBA G League,IND,24,22,0,296,55,143,.385,33,95,.347,22,48,.458,.500,7,8,.875,8,20,28,51,12,3,24,19,155,Basketball-Reference G League player totals,https://www.basketball-reference.com/gleague/years/gleague_2024_totals.html,2026-08-16
Trey McGowens,2023-2024,NBA G League,TOT,,14,1,316,41,81,.506,11,26,.423,30,55,.545,.574,37,42,.881,11,37,48,30,31,6,23,34,152,Basketball-Reference G League player totals,https://www.basketball-reference.com/gleague/years/gleague_2024_totals.html,2026-08-16
Cameron McGriff,2023-2024,NBA G League,TOT,26,28,2,552,101,229,.441,31,98,.316,70,131,.534,.509,44,49,.898,39,77,116,15,10,8,19,55,301,Basketball-Reference G League player totals,https://www.basketball-reference.com/gleague/years/gleague_2024_totals.html,2026-08-16
MiKyle McIntosh,2023-2024,NBA G League,CPS,,9,0,152,11,43,.256,1,11,.091,10,32,.313,.267,7,11,.636,17,20,37,13,5,0,10,34,36,Basketball-Reference G League player totals,https://www.basketball-reference.com/gleague/years/gleague_2024_totals.html,2026-08-16
Nathan Mensah,2023-2024,NBA G League,GBO,25,9,4,161,23,42,.548,0,1,.000,23,41,.561,.548,3,5,.600,19,28,47,6,7,3,8,9,51,Basketball-Reference G League player totals,https://www.basketball-reference.com/gleague/years/gleague_2024_totals.html,2026-08-16
Mike Miles Jr.,2023-2024,NBA G League,TEX,21,19,2,426,80,172,.465,27,67,.403,53,105,.505,.544,27,36,.750,1,44,45,49,14,3,16,42,231,Basketball-Reference G League player totals,https://www.basketball-reference.com/gleague/years/gleague_2024_totals.html,2026-08-16
Isaiah Miller,2023-2024,NBA G League,SLC,25,34,0,695,167,344,.485,11,52,.212,156,292,.534,.501,38,59,.644,63,103,166,127,48,12,40,53,405,Basketball-Reference G League player totals,https://www.basketball-reference.com/gleague/years/gleague_2024_totals.html,2026-08-16
Jordan Miller,2023-2024,NBA G League,ONT,24,23,23,697,167,347,.481,32,104,.308,135,243,.556,.527,96,117,.821,52,101,153,48,28,7,38,30,517,Basketball-Reference G League player totals,https://www.basketball-reference.com/gleague/years/gleague_2024_totals.html,2026-08-16
Leonard Miller,2023-2024,NBA G League,IWA,20,20,20,609,159,331,.480,42,111,.378,117,220,.532,.544,29,40,.725,49,135,184,66,21,8,49,59,408,Basketball-Reference G League player totals,https://www.basketball-reference.com/gleague/years/gleague_2024_totals.html,2026-08-16
Sean Miller-Moore,2023-2024,NBA G League,WES,,2,0,10,0,1,.000,0,1,.000,0,0,,.000,0,0,,0,3,3,1,0,0,1,1,0,Basketball-Reference G League player totals,https://www.basketball-reference.com/gleague/years/gleague_2024_totals.html,2026-08-16
Justin Minaya,2023-2024,NBA G League,RIP,24,9,9,291,53,105,.505,19,54,.352,34,51,.667,.595,13,17,.765,21,33,54,27,7,2,18,14,146,Basketball-Reference G League player totals,https://www.basketball-reference.com/gleague/years/gleague_2024_totals.html,2026-08-16
Josh Minott,2023-2024,NBA G League,IWA,,8,8,278,70,139,.504,10,33,.303,60,106,.566,.540,15,17,.882,17,33,50,25,8,11,15,25,176,Basketball-Reference G League player totals,https://www.basketball-reference.com/gleague/years/gleague_2024_totals.html,2026-08-16
Davion Mintz,2023-2024,NBA G League,CCG,,30,5,687,106,232,.457,52,120,.433,54,112,.482,.569,32,33,.970,25,48,73,89,23,3,42,37,321,Basketball-Reference G League player totals,https://www.basketball-reference.com/gleague/years/gleague_2024_totals.html,2026-08-16
Ruan Miranda,2023-2024,NBA G League,MXC,22,28,3,328,49,84,.583,0,0,,49,84,.583,.583,14,20,.700,35,56,91,13,2,8,28,49,122,Basketball-Reference G League player totals,https://www.basketball-reference.com/gleague/years/gleague_2024_totals.html,2026-08-16
Trhae Mitchell,2023-2024,NBA G League,RGV,,34,34,1120,98,190,.516,46,109,.422,52,81,.642,.637,12,18,.667,45,93,138,70,62,38,29,128,259,Basketball-Reference G League player totals,https://www.basketball-reference.com/gleague/years/gleague_2024_totals.html,2026-08-16
Isaiah Mobley,2023-2024,NBA G League,CLC,,23,23,709,141,290,.486,41,105,.390,100,185,.541,.557,39,63,.619,36,150,186,77,17,21,63,61,394,Basketball-Reference G League player totals,https://www.basketball-reference.com/gleague/years/gleague_2024_totals.html,2026-08-16
Aminu Mohammed,2023-2024,NBA G League,DEL,,29,6,676,114,221,.516,5,15,.333,109,206,.529,.527,32,48,.667,80,88,168,59,37,21,36,62,290,Basketball-Reference G League player totals,https://www.basketball-reference.com/gleague/years/gleague_2024_totals.html,2026-08-16
Duke Mondy,2023-2024,NBA G League,GRG,,3,0,41,5,13,.385,2,6,.333,3,7,.429,.462,0,0,,0,2,2,5,4,0,2,3,12,Basketball-Reference G League player totals,https://www.basketball-reference.com/gleague/years/gleague_2024_totals.html,2026-08-16
Xavier Moon,2023-2024,NBA G League,ONT,29,14,14,456,104,231,.450,33,82,.402,71,149,.477,.522,27,29,.931,7,56,63,86,21,20,32,32,281,Basketball-Reference G League player totals,https://www.basketball-reference.com/gleague/years/gleague_2024_totals.html,2026-08-16
Omari Moore,2023-2024,NBA G League,RAP,23,29,13,816,107,230,.465,24,79,.304,83,151,.550,.517,17,30,.567,26,83,109,110,18,15,53,49,266,Basketball-Reference G League player totals,https://www.basketball-reference.com/gleague/years/gleague_2024_totals.html,2026-08-16
Taze Moore,2023-2024,NBA G League,TOT,,25,19,743,145,298,.487,41,125,.328,104,173,.601,.555,24,33,.727,41,82,123,160,34,10,63,58,367,Basketball-Reference G League player totals,https://www.basketball-reference.com/gleague/years/gleague_2024_totals.html,2026-08-16
Wendell Moore Jr.,2023-2024,NBA G League,IWA,,8,6,281,49,127,.386,16,51,.314,33,76,.434,.449,22,26,.846,11,27,38,36,17,2,19,18,152,Basketball-Reference G League player totals,https://www.basketball-reference.com/gleague/years/gleague_2024_totals.html,2026-08-16
Alex Morales,2023-2024,NBA G League,OSC,,34,9,850,134,252,.532,22,75,.293,112,177,.633,.575,22,41,.537,64,110,174,124,45,9,65,93,329,Basketball-Reference G League player totals,https://www.basketball-reference.com/gleague/years/gleague_2024_totals.html,2026-08-16
Darryl Morsell,2023-2024,NBA G League,RAP,,26,4,580,114,237,.481,16,50,.320,98,187,.524,.515,38,60,.633,29,55,84,53,22,9,44,70,299,Basketball-Reference G League player totals,https://www.basketball-reference.com/gleague/years/gleague_2024_totals.html,2026-08-16
Isiaih Mosley,2023-2024,NBA G League,TOT,23,13,0,176,22,56,.393,3,12,.250,19,44,.432,.420,2,4,.500,6,19,25,18,6,1,14,20,50,Basketball-Reference G League player totals,https://www.basketball-reference.com/gleague/years/gleague_2024_totals.html,2026-08-16
Shabazz Muhammad,2023-2024,NBA G League,STO,31,12,0,86,25,52,.481,6,14,.429,19,38,.500,.538,9,12,.750,7,10,17,1,0,2,4,5,69,Basketball-Reference G League player totals,https://www.basketball-reference.com/gleague/years/gleague_2024_totals.html,2026-08-16
David Muoka,2023-2024,NBA G League,LIN,23,33,10,512,70,123,.569,0,0,,70,123,.569,.569,10,25,.400,75,96,171,18,9,45,24,58,159,Basketball-Reference G League player totals,https://www.basketball-reference.com/gleague/years/gleague_2024_totals.html,2026-08-16
Jordan Murphy,2023-2024,NBA G League,GBO,26,7,0,128,13,28,.464,0,4,.000,13,24,.542,.464,12,15,.800,13,22,35,5,5,2,4,18,43,Basketball-Reference G League player totals,https://www.basketball-reference.com/gleague/years/gleague_2024_totals.html,2026-08-16
Kris Murray,2023-2024,NBA G League,RIP,23,3,3,99,25,47,.532,6,17,.353,19,30,.633,.596,1,4,.250,9,17,26,5,4,2,4,6,58,Basketball-Reference G League player totals,https://www.basketball-reference.com/gleague/years/gleague_2024_totals.html,2026-08-16
Pete Nance,2023-2024,NBA G League,CLC,23,26,26,891,130,292,.445,55,151,.364,75,141,.532,.539,26,34,.765,44,176,220,89,26,37,43,72,359,Basketball-Reference G League player totals,https://www.basketball-reference.com/gleague/years/gleague_2024_totals.html,2026-08-16
KC Ndefo,2023-2024,NBA G League,TOT,23,11,0,98,8,16,.500,0,1,.000,8,15,.533,.500,3,7,.429,14,14,28,4,3,5,5,11,20,Basketball-Reference G League player totals,https://www.basketball-reference.com/gleague/years/gleague_2024_totals.html,2026-08-16
RJ Nembhard Jr.,2023-2024,NBA G League,CCG,24,4,0,95,12,31,.387,1,7,.143,11,24,.458,.403,3,6,.500,1,11,12,17,4,0,9,10,30,Basketball-Reference G League player totals,https://www.basketball-reference.com/gleague/years/gleague_2024_totals.html,2026-08-16
Joirdon Nicholas,2023-2024,NBA G League,SBL,,26,14,513,85,169,.503,3,9,.333,82,160,.513,.512,19,43,.442,76,80,156,37,20,17,39,76,205,Basketball-Reference G League player totals,https://www.basketball-reference.com/gleague/years/gleague_2024_totals.html,2026-08-16
Daishen Nix,2023-2024,NBA G League,IWA,21,7,6,262,58,138,.420,13,48,.271,45,90,.500,.467,26,40,.650,6,41,47,44,20,3,28,26,174,Basketball-Reference G League player totals,https://www.basketball-reference.com/gleague/years/gleague_2024_totals.html,2026-08-16
Obadiah Noel,2023-2024,NBA G League,WES,24,26,13,772,127,280,.454,28,89,.315,99,191,.518,.504,44,60,.733,41,106,147,96,30,8,55,74,359,Basketball-Reference G League player totals,https://www.basketball-reference.com/gleague/years/gleague_2024_totals.html,2026-08-16
Kevion Nolan,2023-2024,NBA G League,TOT,,22,1,385,34,96,.354,16,46,.348,18,50,.360,.438,5,7,.714,4,37,41,66,9,3,31,42,94,Basketball-Reference G League player totals,https://www.basketball-reference.com/gleague/years/gleague_2024_totals.html,2026-08-16
Landers Nolley II,2023-2024,NBA G League,BIR,23,29,3,723,143,358,.399,45,145,.310,98,213,.460,.462,36,47,.766,40,102,142,111,25,6,59,63,396,Basketball-Reference G League player totals,https://www.basketball-reference.com/gleague/years/gleague_2024_totals.html,2026-08-16
Miles Norris,2023-2024,NBA G League,CPS,23,29,29,883,127,275,.462,59,154,.383,68,121,.562,.569,28,36,.778,46,117,163,40,27,26,24,63,367,Basketball-Reference G League player totals,https://www.basketball-reference.com/gleague/years/gleague_2024_totals.html,2026-08-16
Jaylen Nowell,2023-2024,NBA G League,STO,24,28,10,781,183,415,.441,70,182,.385,113,233,.485,.525,33,38,.868,19,82,101,96,26,3,56,49,486,Basketball-Reference G League player totals,https://www.basketball-reference.com/gleague/years/gleague_2024_totals.html,2026-08-16
Markquis Nowell,2023-2024,NBA G League,RAP,24,13,13,415,68,166,.410,28,82,.341,40,84,.476,.494,12,17,.706,3,32,35,97,25,5,37,29,180,Basketball-Reference G League player totals,https://www.basketball-reference.com/gleague/years/gleague_2024_totals.html,2026-08-16
David Nwaba,2023-2024,NBA G League,MCC,31,3,0,76,17,30,.567,2,5,.400,15,25,.600,.600,3,3,1.000,5,11,16,2,3,4,1,6,42,Basketball-Reference G League player totals,https://www.basketball-reference.com/gleague/years/gleague_2024_totals.html,2026-08-16
Josh Nzeakor,2023-2024,NBA G League,TOT,,21,4,272,33,54,.611,0,2,.000,33,52,.635,.611,13,18,.722,25,25,50,17,5,5,17,26,83,Basketball-Reference G League player totals,https://www.basketball-reference.com/gleague/years/gleague_2024_totals.html,2026-08-16
Kevin Obanor,2023-2024,NBA G League,RAP,24,33,14,855,125,270,.463,33,120,.275,92,150,.613,.524,45,62,.726,64,154,218,36,13,18,44,56,363,Basketball-Reference G League player totals,https://www.basketball-reference.com/gleague/years/gleague_2024_totals.html,2026-08-16
Joshua Obiesie,2023-2024,NBA G League,RGV,23,26,0,346,57,129,.442,20,56,.357,37,73,.507,.519,20,27,.741,23,47,70,53,21,17,45,39,169,Basketball-Reference G League player totals,https://www.basketball-reference.com/gleague/years/gleague_2024_totals.html,2026-08-16
Shawn Occeus,2023-2024,NBA G League,RGV,,28,0,320,32,95,.337,16,60,.267,16,35,.457,.421,15,22,.682,13,32,45,21,30,14,16,33,108,Basketball-Reference G League player totals,https://www.basketball-reference.com/gleague/years/gleague_2024_totals.html,2026-08-16
Eugene Omoruyi,2023-2024,NBA G League,CCG,26,8,8,241,57,111,.514,9,27,.333,48,84,.571,.554,14,19,.737,22,30,52,22,8,4,21,26,147,Basketball-Reference G League player totals,https://www.basketball-reference.com/gleague/years/gleague_2024_totals.html,2026-08-16
Nick Ongenda,2023-2024,NBA G League,SLC,23,25,2,383,59,89,.663,0,0,,59,89,.663,.663,3,20,.150,43,58,101,13,13,28,32,65,123,Basketball-Reference G League player totals,https://www.basketball-reference.com/gleague/years/gleague_2024_totals.html,2026-08-16
Miye Oni,2023-2024,NBA G League,OSC,26,32,22,965,94,206,.456,50,142,.352,44,64,.688,.578,18,29,.621,37,119,156,139,34,12,70,123,269,Basketball-Reference G League player totals,https://www.basketball-reference.com/gleague/years/gleague_2024_totals.html,2026-08-16
Gabe Osabuohien,2023-2024,NBA G League,CLC,,22,4,292,19,50,.380,0,1,.000,19,49,.388,.380,19,29,.655,29,57,86,67,21,8,22,57,70,Basketball-Reference G League player totals,https://www.basketball-reference.com/gleague/years/gleague_2024_totals.html,2026-08-16
Jaysean Paige,2023-2024,NBA G League,RAP,29,15,3,324,54,136,.397,29,83,.349,25,53,.472,.504,5,6,.833,6,24,30,27,15,4,24,30,146,Basketball-Reference G League player totals,https://www.basketball-reference.com/gleague/years/gleague_2024_totals.html,2026-08-16
Jeremy Pargo,2023-2024,NBA G League,GLI,37,14,0,192,28,74,.378,10,37,.270,18,37,.486,.446,2,3,.667,1,16,17,39,5,2,22,7,70,Basketball-Reference G League player totals,https://www.basketball-reference.com/gleague/years/gleague_2024_totals.html,2026-08-16
Dink Pate,2023-2024,NBA G League,GLI,17,31,20,730,95,273,.348,18,84,.214,77,189,.407,.381,24,33,.727,7,83,90,111,19,4,78,40,248,Basketball-Reference G League player totals,https://www.basketball-reference.com/gleague/years/gleague_2024_totals.html,2026-08-16
Elfrid Payton,2023-2024,NBA G League,IND,28,19,18,619,103,229,.450,5,21,.238,98,208,.471,.461,8,23,.348,26,93,119,171,29,12,73,39,225,Basketball-Reference G League player totals,https://www.basketball-reference.com/gleague/years/gleague_2024_totals.html,2026-08-16
Sam Peek,2023-2024,NBA G League,TOT,24,21,9,397,47,100,.470,9,20,.450,38,80,.475,.515,2,7,.286,15,48,63,27,9,8,27,40,107,Basketball-Reference G League player totals,https://www.basketball-reference.com/gleague/years/gleague_2024_totals.html,2026-08-16
Maozinha Pereira,2023-2024,NBA G League,MXC,23,24,6,473,81,132,.614,5,16,.313,76,116,.655,.633,23,34,.676,53,117,170,18,27,23,27,62,211,Basketball-Reference G League player totals,https://www.basketball-reference.com/gleague/years/gleague_2024_totals.html,2026-08-16
Julian Phillips,2023-2024,NBA G League,WCB,,4,4,123,20,40,.500,7,14,.500,13,26,.500,.588,14,17,.824,6,11,17,5,4,4,7,17,67,Basketball-Reference G League player totals,https://www.basketball-reference.com/gleague/years/gleague_2024_totals.html,2026-08-16
Jamorko Pickett,2023-2024,NBA G League,GRG,26,32,11,916,148,324,.457,56,151,.371,92,173,.532,.543,41,48,.854,38,155,193,74,35,15,70,50,421,Basketball-Reference G League player totals,https://www.basketball-reference.com/gleague/years/gleague_2024_totals.html,2026-08-16
Jalen Pickett,2023-2024,NBA G League,GRG,,18,16,618,118,271,.435,39,113,.345,79,158,.500,.507,16,20,.800,21,80,101,140,25,6,43,38,298,Basketball-Reference G League player totals,https://www.basketball-reference.com/gleague/years/gleague_2024_totals.html,2026-08-16
Nate Pierre-Louis,2023-2024,NBA G League,TOT,,24,1,444,64,130,.492,6,23,.261,58,107,.542,.515,20,30,.667,40,71,111,34,19,12,12,44,164,Basketball-Reference G League player totals,https://www.basketball-reference.com/gleague/years/gleague_2024_totals.html,2026-08-16
Theo Pinson,2023-2024,NBA G League,TEX,28,32,30,1077,172,392,.439,63,158,.399,109,234,.466,.519,56,68,.824,31,157,188,229,47,23,101,78,491,Basketball-Reference G League player totals,https://www.basketball-reference.com/gleague/years/gleague_2024_totals.html,2026-08-16
Xavier Pinson,2023-2024,NBA G League,TOT,23,5,0,76,8,17,.471,2,9,.222,6,8,.750,.529,2,3,.667,2,7,9,10,4,2,5,10,22,Basketball-Reference G League player totals,https://www.basketball-reference.com/gleague/years/gleague_2024_totals.html,2026-08-16
Scotty Pippen Jr.,2023-2024,NBA G League,SBL,,5,3,154,29,66,.439,5,24,.208,24,42,.571,.477,17,20,.850,8,24,32,29,14,4,15,22,91,Basketball-Reference G League player totals,https://www.basketball-reference.com/gleague/years/gleague_2024_totals.html,2026-08-16
Daeqwon Plowden,2023-2024,NBA G League,OSC,,33,9,826,131,278,.471,69,177,.390,62,101,.614,.595,20,26,.769,39,100,139,47,30,22,44,61,365,Basketball-Reference G League player totals,https://www.basketball-reference.com/gleague/years/gleague_2024_totals.html,2026-08-16
Mason Plumlee,2023-2024,NBA G League,ONT,33,1,1,29,5,8,.625,0,1,.000,5,7,.714,.625,2,3,.667,1,6,7,4,2,0,3,2,14,Basketball-Reference G League player totals,https://www.basketball-reference.com/gleague/years/gleague_2024_totals.html,2026-08-16
Aleksej Pokusevski,2023-2024,NBA G League,GBO,22,3,3,88,17,33,.515,2,10,.200,15,23,.652,.545,1,3,.333,3,8,11,13,8,2,11,5,37,Basketball-Reference G League player totals,https://www.basketball-reference.com/gleague/years/gleague_2024_totals.html,2026-08-16
Craig Porter Jr.,2023-2024,NBA G League,CLC,23,3,2,73,18,35,.514,4,12,.333,14,23,.609,.571,4,4,1.000,3,6,9,11,2,3,11,4,47,Basketball-Reference G League player totals,https://www.basketball-reference.com/gleague/years/gleague_2024_totals.html,2026-08-16
Micah Potter,2023-2024,NBA G League,SLC,25,28,26,804,157,311,.505,53,142,.373,104,169,.615,.590,41,55,.745,82,171,253,76,21,45,71,81,433,Basketball-Reference G League player totals,https://www.basketball-reference.com/gleague/years/gleague_2024_totals.html,2026-08-16
Justin Powell,2023-2024,NBA G League,CLC,22,28,6,635,61,136,.449,40,107,.374,21,29,.724,.596,9,12,.750,11,56,67,36,21,0,21,53,177,Basketball-Reference G League player totals,https://www.basketball-reference.com/gleague/years/gleague_2024_totals.html,2026-08-16
Jason Preston,2023-2024,NBA G League,TOT,,31,31,1087,188,375,.501,57,128,.445,131,247,.530,.577,48,55,.873,51,240,291,301,51,15,87,55,510,Basketball-Reference G League player totals,https://www.basketball-reference.com/gleague/years/gleague_2024_totals.html,2026-08-16
Joshua Primo,2023-2024,NBA G League,ONT,21,30,30,927,183,390,.469,59,160,.369,124,230,.539,.545,47,62,.758,28,88,116,98,33,23,66,75,501,Basketball-Reference G League player totals,https://www.basketball-reference.com/gleague/years/gleague_2024_totals.html,2026-08-16
Olivier-Maxence Prosper,2023-2024,NBA G League,TEX,,24,24,807,154,301,.512,54,127,.425,100,174,.575,.601,46,60,.767,48,136,184,46,23,12,33,45,439,Basketball-Reference G League player totals,https://www.basketball-reference.com/gleague/years/gleague_2024_totals.html,2026-08-16
Jon Elmore,2023-2024,NBA G League,TOT,,16,1,249,17,74,.230,12,49,.245,5,25,.200,.311,7,9,.778,2,26,28,31,10,2,15,21,59,Basketball-Reference G League player totals,https://www.basketball-reference.com/gleague/years/gleague_2024_totals.html,2026-08-16
Trevelin Queen,2023-2024,NBA G League,OSC,26,19,19,642,152,321,.474,42,147,.286,110,174,.632,.539,47,54,.870,44,90,134,99,40,7,65,30,423,Basketball-Reference G League player totals,https://www.basketball-reference.com/gleague/years/gleague_2024_totals.html,2026-08-16
Neemias Queta,2023-2024,NBA G League,MNE,24,8,8,177,52,79,.658,0,0,,52,79,.658,.658,6,8,.750,28,42,70,25,9,16,15,20,115,Basketball-Reference G League player totals,https://www.basketball-reference.com/gleague/years/gleague_2024_totals.html,2026-08-16
Lester Quinones,2023-2024,NBA G League,SCW,,2,1,26,6,16,.375,6,11,.545,0,5,.000,.563,4,8,.500,0,0,0,4,2,0,2,5,22,Basketball-Reference G League player totals,https://www.basketball-reference.com/gleague/years/gleague_2024_totals.html,2026-08-16
Brandon Rachal,2023-2024,NBA G League,AUS,24,2,0,3,1,2,.500,0,1,.000,1,1,1.000,.500,0,0,,0,0,0,0,0,0,0,0,2,Basketball-Reference G League player totals,https://www.basketball-reference.com/gleague/years/gleague_2024_totals.html,2026-08-16
Jahmi'us Ramsey,2023-2024,NBA G League,TOT,22,20,2,621,161,295,.546,36,87,.414,125,208,.601,.607,51,76,.671,23,140,163,74,27,3,53,36,440,Basketball-Reference G League player totals,https://www.basketball-reference.com/gleague/years/gleague_2024_totals.html,2026-08-16
Brandon Randolph,2023-2024,NBA G League,CPS,,32,1,770,123,263,.468,12,49,.245,111,214,.519,.490,52,66,.788,33,110,143,60,35,12,44,76,350,Basketball-Reference G League player totals,https://www.basketball-reference.com/gleague/years/gleague_2024_totals.html,2026-08-16
Josh Reaves,2023-2024,NBA G League,RGV,26,30,7,570,86,192,.448,12,53,.226,74,139,.532,.479,19,26,.731,25,59,84,79,45,13,53,74,218,Basketball-Reference G League player totals,https://www.basketball-reference.com/gleague/years/gleague_2024_totals.html,2026-08-16
Davon Reed,2023-2024,NBA G League,MHU,28,30,26,894,139,315,.441,72,174,.414,67,141,.475,.556,30,40,.750,33,136,169,97,30,12,41,63,399,Basketball-Reference G League player totals,https://www.basketball-reference.com/gleague/years/gleague_2024_totals.html,2026-08-16
Alex Reese,2023-2024,NBA G League,RIP,24,32,0,598,138,311,.444,86,206,.417,52,105,.495,.582,33,42,.786,55,105,160,21,20,46,36,61,421,Basketball-Reference G League player totals,https://www.basketball-reference.com/gleague/years/gleague_2024_totals.html,2026-08-16
Jared Rhoden,2023-2024,NBA G League,MCC,,29,29,1071,227,507,.448,78,199,.392,149,308,.484,.525,57,70,.814,28,160,188,88,40,19,69,74,615,Basketball-Reference G League player totals,https://www.basketball-reference.com/gleague/years/gleague_2024_totals.html,2026-08-16
Kaiden Rice,2023-2024,NBA G League,TOT,24,23,5,479,64,196,.327,48,150,.320,16,46,.348,.449,9,10,.900,17,54,71,9,10,4,17,41,190,Basketball-Reference G League player totals,https://www.basketball-reference.com/gleague/years/gleague_2024_totals.html,2026-08-16
Sir'Jabari Rice,2023-2024,NBA G League,AUS,25,32,10,707,113,260,.435,36,106,.340,77,154,.500,.504,39,49,.796,16,81,97,95,32,6,49,65,324,Basketball-Reference G League player totals,https://www.basketball-reference.com/gleague/years/gleague_2024_totals.html,2026-08-16
Will Richardson,2023-2024,NBA G League,GRG,24,21,8,356,50,103,.485,24,51,.471,26,52,.500,.602,10,10,1.000,7,32,39,52,14,2,27,42,140,Basketball-Reference G League player totals,https://www.basketball-reference.com/gleague/years/gleague_2024_totals.html,2026-08-16
Terry Roberts,2023-2024,NBA G League,LIN,,19,2,354,52,134,.388,11,42,.262,41,92,.446,.429,14,20,.700,12,45,57,58,20,7,30,32,137,Basketball-Reference G League player totals,https://www.basketball-reference.com/gleague/years/gleague_2024_totals.html,2026-08-16
Galen Robinson Jr.,2023-2024,NBA G League,BIR,26,22,1,373,41,83,.494,4,18,.222,37,65,.569,.518,13,19,.684,6,35,41,57,34,4,12,39,108,Basketball-Reference G League player totals,https://www.basketball-reference.com/gleague/years/gleague_2024_totals.html,2026-08-16
Glenn Robinson III,2023-2024,NBA G League,WIS,30,29,25,855,117,232,.504,38,100,.380,79,132,.598,.586,30,35,.857,37,128,165,64,27,15,29,29,329,Basketball-Reference G League player totals,https://www.basketball-reference.com/gleague/years/gleague_2024_totals.html,2026-08-16
Jerome Robinson,2023-2024,NBA G League,SCW,26,2,0,26,5,10,.500,1,5,.200,4,5,.800,.550,4,5,.800,0,3,3,6,0,1,3,4,16,Basketball-Reference G League player totals,https://www.basketball-reference.com/gleague/years/gleague_2024_totals.html,2026-08-16
Orlando Robinson,2023-2024,NBA G League,SXF,,9,9,302,88,153,.575,6,16,.375,82,137,.599,.595,24,38,.632,47,59,106,18,11,21,30,35,219,Basketball-Reference G League player totals,https://www.basketball-reference.com/gleague/years/gleague_2024_totals.html,2026-08-16
Isaiah Roby,2023-2024,NBA G League,WES,25,9,9,270,42,98,.429,17,41,.415,25,57,.439,.515,13,19,.684,24,61,85,26,9,15,18,30,124,Basketball-Reference G League player totals,https://www.basketball-reference.com/gleague/years/gleague_2024_totals.html,2026-08-16
Spencer Rodgers,2023-2024,NBA G League,TOT,23,7,0,66,3,12,.250,1,9,.111,2,3,.667,.292,0,0,,0,2,2,0,1,6,4,10,7,Basketball-Reference G League player totals,https://www.basketball-reference.com/gleague/years/gleague_2024_totals.html,2026-08-16
Ryan Rollins,2023-2024,NBA G League,TOT,21,15,12,400,87,193,.451,34,87,.391,53,106,.500,.539,18,25,.720,10,47,57,41,18,12,35,42,236,Basketball-Reference G League player totals,https://www.basketball-reference.com/gleague/years/gleague_2024_totals.html,2026-08-16
Quinton Rose,2023-2024,NBA G League,TOT,26,10,0,153,21,58,.362,12,35,.343,9,23,.391,.466,6,6,1.000,5,22,27,17,8,5,10,10,63,Basketball-Reference G League player totals,https://www.basketball-reference.com/gleague/years/gleague_2024_totals.html,2026-08-16
Jackson Rowe,2023-2024,NBA G League,SCW,27,31,18,953,161,325,.495,67,187,.358,94,138,.681,.598,26,33,.788,67,149,216,77,42,41,47,55,429,Basketball-Reference G League player totals,https://www.basketball-reference.com/gleague/years/gleague_2024_totals.html,2026-08-16
Rayan Rupert,2023-2024,NBA G League,RIP,,6,6,174,27,72,.375,7,29,.241,20,43,.465,.424,11,19,.579,8,28,36,10,5,0,18,13,76,Basketball-Reference G League player totals,https://www.basketball-reference.com/gleague/years/gleague_2024_totals.html,2026-08-16
Matt Ryan,2023-2024,NBA G League,BIR,26,2,2,44,5,16,.313,4,12,.333,1,4,.250,.438,1,1,1.000,0,2,2,5,1,0,0,4,17,Basketball-Reference G League player totals,https://www.basketball-reference.com/gleague/years/gleague_2024_totals.html,2026-08-16
Jermaine Samuels,2023-2024,NBA G League,RGV,,25,25,882,184,379,.485,31,95,.326,153,284,.539,.526,58,89,.652,63,138,201,104,27,14,58,55,489,Basketball-Reference G League player totals,https://www.basketball-reference.com/gleague/years/gleague_2024_totals.html,2026-08-16
Babacar Sane,2023-2024,NBA G League,GLI,,23,8,517,88,194,.454,11,43,.256,77,151,.510,.482,37,54,.685,34,100,134,12,12,11,39,73,252,Basketball-Reference G League player totals,https://www.basketball-reference.com/gleague/years/gleague_2024_totals.html,2026-08-16
Adama Sanogo,2023-2024,NBA G League,WCB,21,29,28,878,268,431,.622,0,2,.000,268,429,.625,.622,66,90,.733,175,186,361,47,19,32,60,106,637,Basketball-Reference G League player totals,https://www.basketball-reference.com/gleague/years/gleague_2024_totals.html,2026-08-16
Gui Santos,2023-2024,NBA G League,SCW,,17,17,512,86,196,.439,39,110,.355,47,86,.547,.538,29,40,.725,30,100,130,45,10,8,54,46,258,Basketball-Reference G League player totals,https://www.basketball-reference.com/gleague/years/gleague_2024_totals.html,2026-08-16
Olivier Sarr,2023-2024,NBA G League,OKL,24,16,16,446,85,156,.545,12,36,.333,73,120,.608,.583,28,36,.778,64,148,212,30,12,34,19,40,229,Basketball-Reference G League player totals,https://www.basketball-reference.com/gleague/years/gleague_2024_totals.html,2026-08-16
Wesley Saunders,2023-2024,NBA G League,MHU,30,9,0,147,12,30,.400,0,3,.000,12,27,.444,.400,6,7,.857,10,25,35,21,7,0,2,6,33,Basketball-Reference G League player totals,https://www.basketball-reference.com/gleague/years/gleague_2024_totals.html,2026-08-16
Pavel Savkov,2023-2024,NBA G League,BIR,21,7,0,31,4,14,.286,4,11,.364,0,3,.000,.429,0,0,,1,1,2,1,2,0,3,3,12,Basketball-Reference G League player totals,https://www.basketball-reference.com/gleague/years/gleague_2024_totals.html,2026-08-16
Jordan Schakel,2023-2024,NBA G League,MNE,25,11,11,311,47,120,.392,33,84,.393,14,36,.389,.529,7,9,.778,17,41,58,8,9,1,11,26,139,Basketball-Reference G League player totals,https://www.basketball-reference.com/gleague/years/gleague_2024_totals.html,2026-08-16
Tre Scott,2023-2024,NBA G League,TOT,27,26,4,473,63,143,.441,20,70,.286,43,73,.589,.510,11,19,.579,30,49,79,19,20,6,19,28,165,Basketball-Reference G League player totals,https://www.basketball-reference.com/gleague/years/gleague_2024_totals.html,2026-08-16
Dereon Seabron,2023-2024,NBA G League,BIR,,23,21,750,154,278,.554,19,54,.352,135,224,.603,.588,44,61,.721,16,126,142,134,26,2,54,40,399,Basketball-Reference G League player totals,https://www.basketball-reference.com/gleague/years/gleague_2024_totals.html,2026-08-16
Jaylen Sebree,2023-2024,NBA G League,GBO,26,1,0,17,2,4,.500,1,3,.333,1,1,1.000,.625,0,0,,0,2,2,1,1,0,2,1,5,Basketball-Reference G League player totals,https://www.basketball-reference.com/gleague/years/gleague_2024_totals.html,2026-08-16
Brice Sensabaugh,2023-2024,NBA G League,SLC,20,13,9,357,94,197,.477,27,83,.325,67,114,.588,.546,26,36,.722,8,56,64,32,18,3,36,40,254,Basketball-Reference G League player totals,https://www.basketball-reference.com/gleague/years/gleague_2024_totals.html,2026-08-16
Jorge de la Serna,2023-2024,NBA G League,MXC,24,2,0,3,0,0,,0,0,,0,0,,,0,0,,0,0,0,0,0,0,0,0,0,Basketball-Reference G League player totals,https://www.basketball-reference.com/gleague/years/gleague_2024_totals.html,2026-08-16
Jaden Shackelford,2023-2024,NBA G League,OKL,,34,25,939,147,383,.384,106,296,.358,41,87,.471,.522,32,44,.727,10,80,90,90,30,4,50,55,447,Basketball-Reference G League player totals,https://www.basketball-reference.com/gleague/years/gleague_2024_totals.html,2026-08-16
Ben Sheppard,2023-2024,NBA G League,IND,,5,5,178,35,80,.438,15,38,.395,20,42,.476,.531,12,14,.857,9,23,32,18,3,2,10,11,102,Basketball-Reference G League player totals,https://www.basketball-reference.com/gleague/years/gleague_2024_totals.html,2026-08-16
Devontae Shuler,2023-2024,NBA G League,CLC,25,27,4,534,99,234,.423,33,105,.314,66,129,.512,.494,13,23,.565,17,38,55,68,22,1,26,24,252,Basketball-Reference G League player totals,https://www.basketball-reference.com/gleague/years/gleague_2024_totals.html,2026-08-16
Chris Silva,2023-2024,NBA G League,CPS,27,26,22,673,127,241,.527,4,14,.286,123,227,.542,.535,97,117,.829,54,153,207,74,27,28,82,99,426,Basketball-Reference G League player totals,https://www.basketball-reference.com/gleague/years/gleague_2024_totals.html,2026-08-16
Kobi Simmons,2023-2024,NBA G League,RAP,26,23,19,726,126,284,.444,50,128,.391,76,156,.487,.532,43,52,.827,17,79,96,112,19,10,70,78,368,Basketball-Reference G League player totals,https://www.basketball-reference.com/gleague/years/gleague_2024_totals.html,2026-08-16
Zavier Simpson,2023-2024,NBA G League,MCC,26,32,32,1185,254,546,.465,44,113,.389,210,433,.485,.505,59,82,.720,26,124,150,285,48,10,86,73,641,Basketball-Reference G League player totals,https://www.basketball-reference.com/gleague/years/gleague_2024_totals.html,2026-08-16
Jaylen Sims,2023-2024,NBA G League,GBO,,34,32,1166,177,385,.460,56,155,.361,121,230,.526,.532,95,108,.880,52,149,201,109,39,9,59,66,566,Basketball-Reference G League player totals,https://www.basketball-reference.com/gleague/years/gleague_2024_totals.html,2026-08-16
David Singleton,2023-2024,NBA G League,CPS,25,30,20,795,54,167,.323,35,121,.289,19,46,.413,.428,15,20,.750,18,75,93,39,25,6,23,53,166,Basketball-Reference G League player totals,https://www.basketball-reference.com/gleague/years/gleague_2024_totals.html,2026-08-16
Dmytro Skapintsev,2023-2024,NBA G League,WES,,25,17,665,122,227,.537,18,60,.300,104,167,.623,.577,23,39,.590,88,111,199,82,8,39,44,71,303,Basketball-Reference G League player totals,https://www.basketball-reference.com/gleague/years/gleague_2024_totals.html,2026-08-16
Brandon Slater,2023-2024,NBA G League,MNE,24,30,0,615,87,194,.448,53,141,.376,34,53,.642,.585,16,20,.800,30,62,92,29,19,6,21,52,250,Basketball-Reference G League player totals,https://www.basketball-reference.com/gleague/years/gleague_2024_totals.html,2026-08-16
Jalen Slawson,2023-2024,NBA G League,STO,24,30,30,1037,144,301,.478,24,92,.261,120,209,.574,.518,53,73,.726,51,192,243,112,34,40,78,80,408,Basketball-Reference G League player totals,https://www.basketball-reference.com/gleague/years/gleague_2024_totals.html,2026-08-16
Ja’Vonte Smart,2023-2024,NBA G League,DEL,24,6,6,205,42,84,.500,14,42,.333,28,42,.667,.583,9,11,.818,3,12,15,28,4,2,13,14,111,Basketball-Reference G League player totals,https://www.basketball-reference.com/gleague/years/gleague_2024_totals.html,2026-08-16
Chris Smith,2023-2024,NBA G League,TOT,,27,0,293,35,79,.443,1,15,.067,34,64,.531,.449,14,23,.609,25,38,63,7,10,5,17,48,91,Basketball-Reference G League player totals,https://www.basketball-reference.com/gleague/years/gleague_2024_totals.html,2026-08-16
Marvin Smith,2023-2024,NBA G League,TOT,,16,1,235,28,77,.364,12,41,.293,16,36,.444,.442,5,6,.833,13,27,40,12,8,2,12,23,77,Basketball-Reference G League player totals,https://www.basketball-reference.com/gleague/years/gleague_2024_totals.html,2026-08-16
Malachi Smith,2023-2024,NBA G League,TOT,,28,6,668,96,207,.464,43,101,.426,53,106,.500,.568,15,18,.833,33,93,126,75,22,11,35,39,258,Basketball-Reference G League player totals,https://www.basketball-reference.com/gleague/years/gleague_2024_totals.html,2026-08-16
Nick Smith Jr.,2023-2024,NBA G League,GBO,19,4,4,137,34,80,.425,13,33,.394,21,47,.447,.506,1,3,.333,1,13,14,22,4,0,13,6,83,Basketball-Reference G League player totals,https://www.basketball-reference.com/gleague/years/gleague_2024_totals.html,2026-08-16
Terquavion Smith,2023-2024,NBA G League,DEL,21,22,3,684,181,430,.421,86,232,.371,95,198,.480,.521,36,49,.735,13,47,60,84,37,4,36,56,509,Basketball-Reference G League player totals,https://www.basketball-reference.com/gleague/years/gleague_2024_totals.html,2026-08-16
Tyler Smith,2023-2024,NBA G League,GLI,19,27,2,595,128,266,.481,39,107,.364,89,159,.560,.555,37,51,.725,42,95,137,30,19,27,32,71,363,Basketball-Reference G League player totals,https://www.basketball-reference.com/gleague/years/gleague_2024_totals.html,2026-08-16
Zhaire Smith,2023-2024,NBA G League,CLC,24,32,31,1024,155,283,.548,48,117,.410,107,166,.645,.633,39,45,.867,48,79,127,59,42,28,48,61,427,Basketball-Reference G League player totals,https://www.basketball-reference.com/gleague/years/gleague_2024_totals.html,2026-08-16
Tony Snell,2023-2024,NBA G League,MNE,32,32,13,476,53,138,.384,37,101,.366,16,37,.432,.518,7,7,1.000,16,60,76,15,13,4,10,19,152,Basketball-Reference G League player totals,https://www.basketball-reference.com/gleague/years/gleague_2024_totals.html,2026-08-16
Ray Spalding,2023-2024,NBA G League,RGV,26,33,30,889,180,353,.510,25,85,.294,155,268,.578,.545,30,59,.508,63,148,211,90,65,58,102,109,433,Basketball-Reference G League player totals,https://www.basketball-reference.com/gleague/years/gleague_2024_totals.html,2026-08-16
Pat Spencer,2023-2024,NBA G League,SCW,,34,3,932,181,403,.449,48,146,.329,133,257,.518,.509,51,56,.911,25,162,187,133,40,12,78,55,484,Basketball-Reference G League player totals,https://www.basketball-reference.com/gleague/years/gleague_2024_totals.html,2026-08-16
Noah Starkey,2023-2024,NBA G League,OKL,26,22,9,339,60,89,.674,0,2,.000,60,87,.690,.674,16,21,.762,36,48,84,10,4,12,17,48,150,Basketball-Reference G League player totals,https://www.basketball-reference.com/gleague/years/gleague_2024_totals.html,2026-08-16
Lance Stephenson,2023-2024,NBA G League,IWA,33,31,19,866,166,371,.447,57,157,.363,109,214,.509,.524,39,49,.796,18,182,200,142,26,4,64,75,445,Basketball-Reference G League player totals,https://www.basketball-reference.com/gleague/years/gleague_2024_totals.html,2026-08-16
Erik Stevenson,2023-2024,NBA G League,TOT,24,32,13,656,111,274,.405,49,145,.338,62,129,.481,.495,34,38,.895,14,89,103,73,21,7,68,78,319,Basketball-Reference G League player totals,https://www.basketball-reference.com/gleague/years/gleague_2024_totals.html,2026-08-16
DJ Steward,2023-2024,NBA G League,MNE,22,32,5,949,234,492,.476,81,226,.358,153,266,.575,.558,52,68,.765,32,122,154,128,25,14,86,58,620,Basketball-Reference G League player totals,https://www.basketball-reference.com/gleague/years/gleague_2024_totals.html,2026-08-16
Julian Strawther,2023-2024,NBA G League,GRG,21,2,2,66,14,35,.400,9,23,.391,5,12,.417,.529,7,8,.875,1,4,5,7,1,3,3,6,49,Basketball-Reference G League player totals,https://www.basketball-reference.com/gleague/years/gleague_2024_totals.html,2026-08-16
Cole Swider,2023-2024,NBA G League,SXF,,14,14,551,112,216,.519,66,132,.500,46,84,.548,.671,39,48,.813,30,88,118,44,15,8,34,29,349,Basketball-Reference G League player totals,https://www.basketball-reference.com/gleague/years/gleague_2024_totals.html,2026-08-16
Craig Sword,2023-2024,NBA G League,IND,30,33,8,768,103,182,.566,32,75,.427,71,107,.664,.654,27,33,.818,26,69,95,44,37,14,30,86,285,Basketball-Reference G League player totals,https://www.basketball-reference.com/gleague/years/gleague_2024_totals.html,2026-08-16
Anthony Tarke,2023-2024,NBA G League,TOT,25,12,7,249,31,58,.534,6,21,.286,25,37,.676,.586,1,7,.143,21,33,54,10,15,12,8,23,70,Basketball-Reference G League player totals,https://www.basketball-reference.com/gleague/years/gleague_2024_totals.html,2026-08-16
Brodric Thomas,2023-2024,NBA G League,ONT,27,12,3,237,30,84,.357,12,38,.316,18,46,.391,.429,14,17,.824,10,20,30,20,19,8,22,20,98,Basketball-Reference G League player totals,https://www.basketball-reference.com/gleague/years/gleague_2024_totals.html,2026-08-16
Isaiah Thomas,2023-2024,NBA G League,SLC,34,4,4,147,35,86,.407,25,56,.446,10,30,.333,.552,20,22,.909,1,12,13,21,5,0,11,11,130,Basketball-Reference G League player totals,https://www.basketball-reference.com/gleague/years/gleague_2024_totals.html,2026-08-16
Ethan Thompson,2023-2024,NBA G League,MXC,24,33,33,1222,237,573,.414,54,174,.310,183,399,.459,.461,148,168,.881,29,122,151,166,53,12,87,91,752,Basketball-Reference G League player totals,https://www.basketball-reference.com/gleague/years/gleague_2024_totals.html,2026-08-16
Stephen Thompson Jr.,2023-2024,NBA G League,WIS,,23,11,624,90,235,.383,43,135,.319,47,100,.470,.474,22,28,.786,17,51,68,50,20,7,24,39,264,Basketball-Reference G League player totals,https://www.basketball-reference.com/gleague/years/gleague_2024_totals.html,2026-08-16
Jeremiah Tilmon,2023-2024,NBA G League,GBO,25,32,22,816,153,250,.612,1,5,.200,152,245,.620,.614,40,61,.656,84,143,227,56,15,34,66,106,371,Basketball-Reference G League player totals,https://www.basketball-reference.com/gleague/years/gleague_2024_totals.html,2026-08-16
Drew Timme,2023-2024,NBA G League,WIS,23,12,3,250,49,83,.590,4,8,.500,45,75,.600,.614,3,9,.333,23,49,72,18,3,11,10,24,108,Basketball-Reference G League player totals,https://www.basketball-reference.com/gleague/years/gleague_2024_totals.html,2026-08-16
Au'Diese Toney,2023-2024,NBA G League,GRG,,28,23,917,128,267,.479,36,89,.404,92,178,.517,.547,27,42,.643,45,113,158,48,37,14,56,82,336,Basketball-Reference G League player totals,https://www.basketball-reference.com/gleague/years/gleague_2024_totals.html,2026-08-16
Jacob Toppin,2023-2024,NBA G League,WES,23,25,25,917,179,367,.488,44,130,.338,135,237,.570,.548,57,75,.760,51,162,213,67,23,26,50,40,495,Basketball-Reference G League player totals,https://www.basketball-reference.com/gleague/years/gleague_2024_totals.html,2026-08-16
Juan Toscano-Anderson,2023-2024,NBA G League,MXC,30,6,6,164,26,58,.448,16,36,.444,10,22,.455,.586,2,3,.667,4,20,24,24,4,3,24,16,72,Basketball-Reference G League player totals,https://www.basketball-reference.com/gleague/years/gleague_2024_totals.html,2026-08-16
Reid Travis,2023-2024,NBA G League,IND,28,13,3,191,26,70,.371,5,29,.172,21,41,.512,.407,5,7,.714,17,33,50,7,3,3,8,17,66,Basketball-Reference G League player totals,https://www.basketball-reference.com/gleague/years/gleague_2024_totals.html,2026-08-16
JD Tsasa,2023-2024,NBA G League,TEX,,1,0,11,1,3,.333,0,1,.000,1,2,.500,.333,0,0,,2,0,2,0,0,0,0,0,2,Basketball-Reference G League player totals,https://www.basketball-reference.com/gleague/years/gleague_2024_totals.html,2026-08-16
Oscar Tshiebwe,2023-2024,NBA G League,IND,24,23,21,625,152,273,.557,0,1,.000,152,272,.559,.557,39,59,.661,144,223,367,35,22,19,42,66,373,Basketball-Reference G League player totals,https://www.basketball-reference.com/gleague/years/gleague_2024_totals.html,2026-08-16
Ryan Turell,2023-2024,NBA G League,MCC,,23,2,278,44,103,.427,20,52,.385,24,51,.471,.524,4,7,.571,15,33,48,21,9,0,9,32,114,Basketball-Reference G League player totals,https://www.basketball-reference.com/gleague/years/gleague_2024_totals.html,2026-08-16
Jeremy Tyler,2023-2024,NBA G League,TOT,32,11,2,126,15,33,.455,0,2,.000,15,31,.484,.455,6,7,.857,13,30,43,2,3,3,9,23,40,Basketball-Reference G League player totals,https://www.basketball-reference.com/gleague/years/gleague_2024_totals.html,2026-08-16
Hunter Tyson,2023-2024,NBA G League,GRG,23,17,17,632,134,307,.436,64,158,.405,70,149,.470,.541,45,54,.833,28,110,138,44,26,4,32,38,405,Basketball-Reference G League player totals,https://www.basketball-reference.com/gleague/years/gleague_2024_totals.html,2026-08-16
Stanley Umude,2023-2024,NBA G League,MCC,,19,13,618,116,286,.406,56,167,.335,60,119,.504,.503,19,25,.760,22,100,122,27,16,13,36,43,322,Basketball-Reference G League player totals,https://www.basketball-reference.com/gleague/years/gleague_2024_totals.html,2026-08-16
Vincent Valerio-Bodon,2023-2024,NBA G League,SBL,22,25,5,456,54,137,.394,26,85,.306,28,52,.538,.489,10,11,.909,13,47,60,30,17,26,16,33,149,Basketball-Reference G League player totals,https://www.basketball-reference.com/gleague/years/gleague_2024_totals.html,2026-08-16
Chandler Vaudrin,2023-2024,NBA G League,MCC,,12,0,147,8,23,.348,0,7,.000,8,16,.500,.348,6,10,.600,9,9,18,18,11,1,6,17,26,Basketball-Reference G League player totals,https://www.basketball-reference.com/gleague/years/gleague_2024_totals.html,2026-08-16
Will Vorhees,2023-2024,NBA G League,IND,,26,1,324,49,90,.544,6,19,.316,43,71,.606,.578,12,16,.750,34,39,73,24,6,10,11,56,123,Basketball-Reference G League player totals,https://www.basketball-reference.com/gleague/years/gleague_2024_totals.html,2026-08-16
Chris Walker,2023-2024,NBA G League,OSC,29,29,7,387,63,97,.649,0,2,.000,63,95,.663,.649,13,27,.481,53,102,155,31,8,40,19,36,150,Basketball-Reference G League player totals,https://www.basketball-reference.com/gleague/years/gleague_2024_totals.html,2026-08-16
Dibaji Walker,2023-2024,NBA G League,CLC,,16,0,180,25,54,.463,5,24,.208,20,30,.667,.509,13,19,.684,6,19,25,12,11,4,10,24,75,Basketball-Reference G League player totals,https://www.basketball-reference.com/gleague/years/gleague_2024_totals.html,2026-08-16
Jarace Walker,2023-2024,NBA G League,IND,,13,13,454,98,213,.460,37,98,.378,61,115,.530,.547,25,30,.833,8,68,76,58,13,12,36,20,273,Basketball-Reference G League player totals,https://www.basketball-reference.com/gleague/years/gleague_2024_totals.html,2026-08-16
Jordan Walker,2023-2024,NBA G League,TEX,24,20,3,530,142,302,.470,79,190,.416,63,112,.563,.601,46,51,.902,5,36,41,93,23,4,66,35,429,Basketball-Reference G League player totals,https://www.basketball-reference.com/gleague/years/gleague_2024_totals.html,2026-08-16
M.J. Walker,2023-2024,NBA G League,GBO,25,20,2,367,54,126,.429,33,83,.398,21,43,.488,.560,12,12,1.000,5,24,29,20,5,5,19,34,163,Basketball-Reference G League player totals,https://www.basketball-reference.com/gleague/years/gleague_2024_totals.html,2026-08-16
Jordan Walsh,2023-2024,NBA G League,MNE,19,27,27,802,142,332,.428,56,155,.361,86,177,.486,.512,34,46,.739,59,141,200,33,28,18,53,81,396,Basketball-Reference G League player totals,https://www.basketball-reference.com/gleague/years/gleague_2024_totals.html,2026-08-16
Bryson Warren,2023-2024,NBA G League,SXF,19,17,2,333,48,126,.381,26,85,.306,22,41,.537,.484,7,9,.778,4,23,27,33,14,5,17,16,133,Basketball-Reference G League player totals,https://www.basketball-reference.com/gleague/years/gleague_2024_totals.html,2026-08-16
Davion Warren,2023-2024,NBA G League,LIN,,22,2,374,89,169,.527,14,49,.286,75,120,.625,.568,31,37,.838,10,60,70,29,15,8,30,45,242,Basketball-Reference G League player totals,https://www.basketball-reference.com/gleague/years/gleague_2024_totals.html,2026-08-16
Julian Washburn,2023-2024,NBA G League,AUS,32,32,28,916,47,109,.431,44,97,.454,3,12,.250,.633,1,3,.333,24,95,119,46,23,8,23,30,139,Basketball-Reference G League player totals,https://www.basketball-reference.com/gleague/years/gleague_2024_totals.html,2026-08-16
Duane Washington Jr.,2023-2024,NBA G League,WES,23,11,9,344,88,200,.440,42,107,.393,46,93,.495,.545,20,25,.800,5,41,46,53,8,1,42,16,247,Basketball-Reference G League player totals,https://www.basketball-reference.com/gleague/years/gleague_2024_totals.html,2026-08-16
TyTy Washington Jr.,2023-2024,NBA G League,WIS,22,24,23,763,193,414,.466,66,156,.423,127,258,.492,.546,36,46,.783,18,83,101,198,30,7,57,37,511,Basketball-Reference G League player totals,https://www.basketball-reference.com/gleague/years/gleague_2024_totals.html,2026-08-16
Lindy Waters III,2023-2024,NBA G League,OKL,26,10,10,324,71,146,.486,37,85,.435,34,61,.557,.613,23,24,.958,16,50,66,26,18,9,17,22,218,Basketball-Reference G League player totals,https://www.basketball-reference.com/gleague/years/gleague_2024_totals.html,2026-08-16
Mike Watkins,2023-2024,NBA G League,DEL,28,2,0,11,1,2,.500,0,0,,1,2,.500,.500,0,0,,0,1,1,0,0,0,1,1,2,Basketball-Reference G League player totals,https://www.basketball-reference.com/gleague/years/gleague_2024_totals.html,2026-08-16
Paul Watson,2023-2024,NBA G League,AUS,29,31,27,932,165,325,.508,82,187,.439,83,138,.601,.634,22,28,.786,15,110,125,45,31,20,50,100,450,Basketball-Reference G League player totals,https://www.basketball-reference.com/gleague/years/gleague_2024_totals.html,2026-08-16
Quinndary Weatherspoon,2023-2024,NBA G League,SBL,27,12,0,274,63,125,.504,15,40,.375,48,85,.565,.564,22,29,.759,9,26,35,24,16,7,26,32,177,Basketball-Reference G League player totals,https://www.basketball-reference.com/gleague/years/gleague_2024_totals.html,2026-08-16
Romeo Weems,2023-2024,NBA G League,RIP,22,31,17,763,78,185,.422,23,84,.274,55,101,.545,.484,11,16,.688,48,123,171,61,23,26,32,83,196,Basketball-Reference G League player totals,https://www.basketball-reference.com/gleague/years/gleague_2024_totals.html,2026-08-16
Wenyen Gabriel,2023-2024,NBA G League,WIS,26,26,26,876,170,319,.533,32,71,.451,138,248,.556,.583,35,60,.583,102,164,266,83,28,48,65,88,434,Basketball-Reference G League player totals,https://www.basketball-reference.com/gleague/years/gleague_2024_totals.html,2026-08-16
Jamari Wheeler,2023-2024,NBA G League,TOT,26,2,0,4,0,0,,0,0,,0,0,,,0,0,,0,0,0,0,0,0,2,3,0,Basketball-Reference G League player totals,https://www.basketball-reference.com/gleague/years/gleague_2024_totals.html,2026-08-16
Dariq Whitehead,2023-2024,NBA G League,LIN,19,4,4,78,15,35,.429,2,14,.143,13,21,.619,.457,1,1,1.000,1,12,13,7,4,1,5,7,33,Basketball-Reference G League player totals,https://www.basketball-reference.com/gleague/years/gleague_2024_totals.html,2026-08-16
Jack White,2023-2024,NBA G League,SBL,,22,17,594,72,166,.434,30,87,.345,42,79,.532,.524,15,26,.577,41,93,134,39,22,23,17,41,200,Basketball-Reference G League player totals,https://www.basketball-reference.com/gleague/years/gleague_2024_totals.html,2026-08-16
Jimmy Whitt Jr.,2023-2024,NBA G League,SCW,,23,0,283,50,94,.532,0,0,,50,94,.532,.532,5,7,.714,24,30,54,14,6,4,8,22,108,Basketball-Reference G League player totals,https://www.basketball-reference.com/gleague/years/gleague_2024_totals.html,2026-08-16
Joe Wieskamp,2023-2024,NBA G League,TOT,24,31,13,882,150,300,.500,55,150,.367,95,150,.633,.592,29,41,.707,25,143,168,30,30,22,31,57,402,Basketball-Reference G League player totals,https://www.basketball-reference.com/gleague/years/gleague_2024_totals.html,2026-08-16
Alondes Williams,2023-2024,NBA G League,SXF,,27,27,1027,216,414,.522,66,175,.377,150,239,.628,.601,59,77,.766,29,116,145,194,32,15,113,83,587,Basketball-Reference G League player totals,https://www.basketball-reference.com/gleague/years/gleague_2024_totals.html,2026-08-16
Bryson Williams,2023-2024,NBA G League,ONT,,33,24,838,138,255,.541,18,62,.290,120,193,.622,.576,35,46,.761,56,151,207,62,17,28,34,114,350,Basketball-Reference G League player totals,https://www.basketball-reference.com/gleague/years/gleague_2024_totals.html,2026-08-16
Donovan Williams,2023-2024,NBA G League,SCW,,32,32,930,229,477,.480,58,193,.301,171,284,.602,.541,72,102,.706,31,105,136,59,25,15,76,102,642,Basketball-Reference G League player totals,https://www.basketball-reference.com/gleague/years/gleague_2024_totals.html,2026-08-16
Eric Williams Jr.,2023-2024,NBA G League,MHU,24,4,0,48,5,18,.278,0,4,.000,5,14,.357,.278,0,0,,8,2,10,3,3,1,2,4,10,Basketball-Reference G League player totals,https://www.basketball-reference.com/gleague/years/gleague_2024_totals.html,2026-08-16
Jeenathan Williams,2023-2024,NBA G League,RGV,,9,9,289,66,132,.500,8,23,.348,58,109,.532,.530,19,29,.655,18,39,57,27,14,4,31,14,169,Basketball-Reference G League player totals,https://www.basketball-reference.com/gleague/years/gleague_2024_totals.html,2026-08-16
KJ Williams,2023-2024,NBA G League,OKL,24,30,9,573,118,258,.457,34,111,.306,84,147,.571,.523,16,25,.640,58,127,185,37,18,13,28,76,297,Basketball-Reference G League player totals,https://www.basketball-reference.com/gleague/years/gleague_2024_totals.html,2026-08-16
Lucas Williamson,2023-2024,NBA G League,MHU,,27,4,733,84,213,.394,50,155,.323,34,58,.586,.512,18,26,.692,12,70,82,28,27,12,19,66,249,Basketball-Reference G League player totals,https://www.basketball-reference.com/gleague/years/gleague_2024_totals.html,2026-08-16
Malik Williams,2023-2024,NBA G League,SXF,25,33,24,766,143,328,.436,31,97,.320,112,231,.485,.483,30,46,.652,102,202,304,47,27,40,39,82,365,Basketball-Reference G League player totals,https://www.basketball-reference.com/gleague/years/gleague_2024_totals.html,2026-08-16
Bryce Wills,2023-2024,NBA G League,GRG,,25,8,481,47,121,.388,14,58,.241,33,63,.524,.446,1,13,.077,9,78,87,53,16,14,30,36,110,Basketball-Reference G League player totals,https://www.basketball-reference.com/gleague/years/gleague_2024_totals.html,2026-08-16
D.J. Wilson,2023-2024,NBA G League,OSC,27,27,27,910,229,395,.580,52,125,.416,177,270,.656,.646,32,42,.762,38,224,262,133,18,37,79,65,568,Basketball-Reference G League player totals,https://www.basketball-reference.com/gleague/years/gleague_2024_totals.html,2026-08-16
Jared Wilson-Frame,2023-2024,NBA G League,TOT,,13,1,253,28,82,.341,19,61,.311,9,21,.429,.457,2,2,1.000,8,23,31,19,7,1,11,21,79,Basketball-Reference G League player totals,https://www.basketball-reference.com/gleague/years/gleague_2024_totals.html,2026-08-16
Jalen Wilson,2023-2024,NBA G League,LIN,23,11,11,385,68,155,.439,11,40,.275,57,115,.496,.474,43,59,.729,29,56,85,40,10,3,16,20,209,Basketball-Reference G League player totals,https://www.basketball-reference.com/gleague/years/gleague_2024_totals.html,2026-08-16
Dylan Windler,2023-2024,NBA G League,TOT,27,6,3,167,27,73,.370,14,45,.311,13,28,.464,.466,5,7,.714,16,45,61,10,6,3,9,15,78,Basketball-Reference G League player totals,https://www.basketball-reference.com/gleague/years/gleague_2024_totals.html,2026-08-16
Justise Winslow,2023-2024,NBA G League,RAP,27,22,18,593,131,275,.476,23,78,.295,108,197,.548,.518,30,45,.667,45,121,166,59,36,22,59,77,333,Basketball-Reference G League player totals,https://www.basketball-reference.com/gleague/years/gleague_2024_totals.html,2026-08-16
Isaiah Wong,2023-2024,NBA G League,IND,23,30,17,809,150,343,.437,34,120,.283,116,223,.520,.487,70,86,.814,22,87,109,96,24,7,66,56,444,Basketball-Reference G League player totals,https://www.basketball-reference.com/gleague/years/gleague_2024_totals.html,2026-08-16
Justin Wright-Foreman,2023-2024,NBA G League,MXC,26,12,10,352,85,190,.447,26,72,.361,59,118,.500,.516,16,21,.762,3,27,30,45,7,0,28,20,220,Basketball-Reference G League player totals,https://www.basketball-reference.com/gleague/years/gleague_2024_totals.html,2026-08-16
Kok Yat,2023-2024,NBA G League,IWA,20,26,3,339,46,109,.422,26,69,.377,20,40,.500,.541,4,6,.667,8,25,33,9,9,4,12,42,126,Basketball-Reference G League player totals,https://www.basketball-reference.com/gleague/years/gleague_2024_totals.html,2026-08-16
Gabe York,2023-2024,NBA G League,GLI,30,19,17,637,105,248,.423,43,134,.321,62,114,.544,.510,26,31,.839,14,76,90,67,30,5,34,36,302,Basketball-Reference G League player totals,https://www.basketball-reference.com/gleague/years/gleague_2024_totals.html,2026-08-16
Jacob Young,2023-2024,NBA G League,WCB,26,20,1,319,42,107,.393,10,38,.263,32,69,.464,.439,2,8,.250,11,34,45,39,15,2,21,26,98,Basketball-Reference G League player totals,https://www.basketball-reference.com/gleague/years/gleague_2024_totals.html,2026-08-16
