new_rank,player_name_raw,player_name_key,season,league,team,source,recommendation_score,score_component_pathway,score_component_performance,score_component_context,score_component_completeness,reason_summary,games,minutes_per_game,points_per_36,usage_proxy,ts_pct,fg_pct,three_pct,ft_pct,height,weight,age,official_player_url,official_stats_url,youtube_search_url,google_video_search_url,video_search_query,data_quality_warning,basketball_reference_search_url,league_official_search_url,rank,score,recommendation_season
1,Javon Small,javonsmall,2025-2026,G League,MHU,pasted_stats_table,2.3647491173275395,1.0,0.5473298026434908,0.0,0.5,common CBA source league/pathway; strong scoring per 36; high usage proxy,2,12.0,40.5,1.471666666666667,0.4452506596306069,0.345,0.357,0.667,,,23.0,,,https://www.youtube.com/results?search_query=Javon+Small+G+League+basketball+highlights,https://www.google.com/search?tbm=vid&q=Javon+Small+G+League+basketball+highlights,Javon Small G League basketball highlights,,https://www.google.com/search?q=site%3Abasketball-reference.com+%22Javon+Small%22+basketball,https://www.google.com/search?q=%22Javon+Small%22+%22G+League%22+official+basketball+stats,1,2.3647491173275395,2025-2026
2,Terrence Shannon Jr.,terrenceshannon,2025-2026,G League,IWA,pasted_stats_table,2.302112657673969,1.0,0.820561741806989,0.0,0.5,common CBA source league/pathway; strong scoring per 36; high usage proxy; efficient scoring profile,2,20.5,41.3,0.883888888888889,0.7530999270605396,0.538,0.273,0.833,,,25.0,,,https://www.youtube.com/results?search_query=Terrence+Shannon+Jr.+G+League+basketball+highlights,https://www.google.com/search?tbm=vid&q=Terrence+Shannon+Jr.+G+League+basketball+highlights,Terrence Shannon Jr. G League basketball highlights,,https://www.google.com/search?q=site%3Abasketball-reference.com+%22Terrence+Shannon+Jr.%22+basketball,https://www.google.com/search?q=%22Terrence+Shannon+Jr.%22+%22G+League%22+official+basketball+stats,2,2.302112657673969,2025-2026
3,Tyrese Proctor,tyreseproctor,2025-2026,G League,CLC,pasted_stats_table,2.2455402558995714,1.0,0.8626054680427304,0.0,0.5,common CBA source league/pathway; strong scoring per 36; high usage proxy; efficient scoring profile,1,27.0,38.7,0.8235555555555556,0.71804957696304,0.556,0.4,0.8,,,,,,https://www.youtube.com/results?search_query=Tyrese+Proctor+G+League+basketball+highlights,https://www.google.com/search?tbm=vid&q=Tyrese+Proctor+G+League+basketball+highlights,Tyrese Proctor G League basketball highlights,,https://www.google.com/search?q=site%3Abasketball-reference.com+%22Tyrese+Proctor%22+basketball,https://www.google.com/search?q=%22Tyrese+Proctor%22+%22G+League%22+official+basketball+stats,3,2.2455402558995714,2025-2026
4,Elijah Harkless,elijahharkless,2025-2026,G League,SLC,pasted_stats_table,2.2169247087935298,1.0,0.8369210573963426,0.0,0.5,common CBA source league/pathway; strong scoring per 36; high usage proxy; efficient scoring profile,5,25.2,36.9,0.8787777777777779,0.69008078994614,0.47,0.323,0.958,,,25.0,,,https://www.youtube.com/results?search_query=Elijah+Harkless+G+League+basketball+highlights,https://www.google.com/search?tbm=vid&q=Elijah+Harkless+G+League+basketball+highlights,Elijah Harkless G League basketball highlights,,https://www.google.com/search?q=site%3Abasketball-reference.com+%22Elijah+Harkless%22+basketball,https://www.google.com/search?q=%22Elijah+Harkless%22+%22G+League%22+official+basketball+stats,4,2.2169247087935298,2025-2026
5,Jamaree Bouyea,jamareebouyea,2025-2026,G League,VAL,pasted_stats_table,2.2075422702033918,1.0,0.8519468585913453,0.0,0.5,common CBA source league/pathway; strong scoring per 36; high usage proxy; efficient scoring profile,1,25.0,38.9,0.6662222222222222,0.922500474293303,0.75,0.5,1.0,,,,,,https://www.youtube.com/results?search_query=Jamaree+Bouyea+G+League+basketball+highlights,https://www.google.com/search?tbm=vid&q=Jamaree+Bouyea+G+League+basketball+highlights,Jamaree Bouyea G League basketball highlights,,https://www.google.com/search?q=site%3Abasketball-reference.com+%22Jamaree+Bouyea%22+basketball,https://www.google.com/search?q=%22Jamaree+Bouyea%22+%22G+League%22+official+basketball+stats,5,2.2075422702033918,2025-2026
6,Will Riley,willriley,2025-2026,G League,CCG,pasted_stats_table,2.114363200857022,1.0,0.8232305812058662,0.0,0.5,common CBA source league/pathway; strong scoring per 36; high usage proxy; efficient scoring profile,2,31.0,32.5,0.8342222222222222,0.6124679632142319,0.444,0.182,0.818,,,19.0,,,https://www.youtube.com/results?search_query=Will+Riley+G+League+basketball+highlights,https://www.google.com/search?tbm=vid&q=Will+Riley+G+League+basketball+highlights,Will Riley G League basketball highlights,,https://www.google.com/search?q=site%3Abasketball-reference.com+%22Will+Riley%22+basketball,https://www.google.com/search?q=%22Will+Riley%22+%22G+League%22+official+basketball+stats,6,2.114363200857022,2025-2026
7,Mac McClung,macmcclung,2025-2026,G League,WCB,pasted_stats_table,2.1072177862272916,1.0,0.9543155893536122,0.0,0.5,common CBA source league/pathway; strong scoring per 36; high usage proxy; efficient scoring profile,29,36.10344827586207,31.7,0.7385555555555556,0.6894901687837133,0.515,0.381,0.775,,,27.0,,,https://www.youtube.com/results?search_query=Mac+McClung+G+League+basketball+highlights,https://www.google.com/search?tbm=vid&q=Mac+McClung+G+League+basketball+highlights,Mac McClung G League basketball highlights,,https://www.google.com/search?q=site%3Abasketball-reference.com+%22Mac+McClung%22+basketball,https://www.google.com/search?q=%22Mac+McClung%22+%22G+League%22+official+basketball+stats,7,2.1072177862272916,2025-2026
8,Julian Phillips,julianphillips,2025-2026,G League,IWA,pasted_stats_table,2.0631859119439917,1.0,0.8102992033315227,0.0,0.5,common CBA source league/pathway; strong scoring per 36; high usage proxy,2,34.5,30.3,0.8184444444444445,0.5746472462448794,0.542,0.308,0.167,,,,,,https://www.youtube.com/results?search_query=Julian+Phillips+G+League+basketball+highlights,https://www.google.com/search?tbm=vid&q=Julian+Phillips+G+League+basketball+highlights,Julian Phillips G League basketball highlights,,https://www.google.com/search?q=site%3Abasketball-reference.com+%22Julian+Phillips%22+basketball,https://www.google.com/search?q=%22Julian+Phillips%22+%22G+League%22+official+basketball+stats,8,2.0631859119439917,2025-2026
9,Malaki Branham,malakibranham,2025-2026,G League,CLC,pasted_stats_table,2.0509212912668233,1.0,0.7895740539561832,0.0,0.5,common CBA source league/pathway; strong scoring per 36; high usage proxy; efficient scoring profile,7,23.571428571428573,31.0,0.7341111111111112,0.6560013543253767,0.525,0.364,0.882,,,22.0,,,https://www.youtube.com/results?search_query=Malaki+Branham+G+League+basketball+highlights,https://www.google.com/search?tbm=vid&q=Malaki+Branham+G+League+basketball+highlights,Malaki Branham G League basketball highlights,,https://www.google.com/search?q=site%3Abasketball-reference.com+%22Malaki+Branham%22+basketball,https://www.google.com/search?q=%22Malaki+Branham%22+%22G+League%22+official+basketball+stats,9,2.0509212912668233,2025-2026
10,Orlando Robinson,orlandorobinson,2025-2026,G League,MHU,pasted_stats_table,2.0399841948820083,1.0,0.9360478906391454,0.0,0.5,common CBA source league/pathway; strong scoring per 36; high usage proxy; efficient scoring profile,10,34.1,29.7,0.6478888888888888,0.7379248658318426,0.602,0.435,0.776,,,,,,https://www.youtube.com/results?search_query=Orlando+Robinson+G+League+basketball+highlights,https://www.google.com/search?tbm=vid&q=Orlando+Robinson+G+League+basketball+highlights,Orlando Robinson G League basketball highlights,,https://www.google.com/search?q=site%3Abasketball-reference.com+%22Orlando+Robinson%22+basketball,https://www.google.com/search?q=%22Orlando+Robinson%22+%22G+League%22+official+basketball+stats,10,2.0399841948820083,2025-2026
11,Drew Timme,drewtimme,2025-2026,G League,SBL,pasted_stats_table,2.0357853898847242,1.0,0.8409193373166757,0.0,0.5,common CBA source league/pathway; strong scoring per 36; high usage proxy; efficient scoring profile,13,28.692307692307693,29.7,0.7262222222222223,0.6646079484425349,0.563,0.172,0.792,,,25.0,,,https://www.youtube.com/results?search_query=Drew+Timme+G+League+basketball+highlights,https://www.google.com/search?tbm=vid&q=Drew+Timme+G+League+basketball+highlights,Drew Timme G League basketball highlights,,https://www.google.com/search?q=site%3Abasketball-reference.com+%22Drew+Timme%22+basketball,https://www.google.com/search?q=%22Drew+Timme%22+%22G+League%22+official+basketball+stats,11,2.0357853898847242,2025-2026
12,Trayce Jackson-Davis,traycejacksondavis,2025-2026,G League,RAP,pasted_stats_table,2.0329303126320237,1.0,0.9130101394169836,0.0,0.444,common CBA source league/pathway; strong scoring per 36; high usage proxy; efficient scoring profile; data warning: low_performance_stat_coverage,2,32.0,30.4,0.6091111111111112,0.7744039127776645,0.633,,0.818,,,25.0,,,https://www.youtube.com/results?search_query=Trayce+Jackson-Davis+G+League+basketball+highlights,https://www.google.com/search?tbm=vid&q=Trayce+Jackson-Davis+G+League+basketball+highlights,Trayce Jackson-Davis G League basketball highlights,low_performance_stat_coverage,https://www.google.com/search?q=site%3Abasketball-reference.com+%22Trayce+Jackson-Davis%22+basketball,https://www.google.com/search?q=%22Trayce+Jackson-Davis%22+%22G+League%22+official+basketball+stats,12,2.0329303126320237,2025-2026
13,Tyrese Martin,tyresemartin,2025-2026,G League,DEL,pasted_stats_table,2.0193818350534127,1.0,0.9488606735469854,0.0,0.5,common CBA source league/pathway; strong scoring per 36; high usage proxy; efficient scoring profile,3,39.0,28.6,0.6406666666666667,0.7056849585471773,0.538,0.568,1.0,,,,,,https://www.youtube.com/results?search_query=Tyrese+Martin+G+League+basketball+highlights,https://www.google.com/search?tbm=vid&q=Tyrese+Martin+G+League+basketball+highlights,Tyrese Martin G League basketball highlights,,https://www.google.com/search?q=site%3Abasketball-reference.com+%22Tyrese+Martin%22+basketball,https://www.google.com/search?q=%22Tyrese+Martin%22+%22G+League%22+official+basketball+stats,13,2.0193818350534127,2025-2026
14,Kobe Bufkin,kobebufkin,2025-2026,G League,SBL,pasted_stats_table,2.0119086396282215,1.0,0.8835234474017745,0.0,0.5,common CBA source league/pathway; strong scoring per 36; high usage proxy; efficient scoring profile,17,30.647058823529413,29.1,0.6361111111111111,0.7311557788944725,0.512,0.419,0.875,,,22.0,,,https://www.youtube.com/results?search_query=Kobe+Bufkin+G+League+basketball+highlights,https://www.google.com/search?tbm=vid&q=Kobe+Bufkin+G+League+basketball+highlights,Kobe Bufkin G League basketball highlights,,https://www.google.com/search?q=site%3Abasketball-reference.com+%22Kobe+Bufkin%22+basketball,https://www.google.com/search?q=%22Kobe+Bufkin%22+%22G+League%22+official+basketball+stats,14,2.0119086396282215,2025-2026
15,Ethan Thompson,ethanthompson,2025-2026,G League,NOB,pasted_stats_table,2.008991558030056,1.0,0.9179662321202245,0.0,0.5,common CBA source league/pathway; strong scoring per 36; high usage proxy; efficient scoring profile,8,33.875,28.6,0.63,0.7051282051282052,0.478,0.528,0.912,,,26.0,,,https://www.youtube.com/results?search_query=Ethan+Thompson+G+League+basketball+highlights,https://www.google.com/search?tbm=vid&q=Ethan+Thompson+G+League+basketball+highlights,Ethan Thompson G League basketball highlights,,https://www.google.com/search?q=site%3Abasketball-reference.com+%22Ethan+Thompson%22+basketball,https://www.google.com/search?q=%22Ethan+Thompson%22+%22G+League%22+official+basketball+stats,15,2.008991558030056,2025-2026
16,David Jones,davidjones,2025-2026,G League,AUS,pasted_stats_table,2.001422739754964,1.0,0.7755798479087452,0.0,0.5,common CBA source league/pathway; strong scoring per 36; high usage proxy,11,32.72727272727273,28.0,0.7901111111111112,0.5635163419739172,0.416,0.3,0.843,,,,,,https://www.youtube.com/results?search_query=David+Jones+G+League+basketball+highlights,https://www.google.com/search?tbm=vid&q=David+Jones+G+League+basketball+highlights,David Jones G League basketball highlights,,https://www.google.com/search?q=site%3Abasketball-reference.com+%22David+Jones%22+basketball,https://www.google.com/search?q=%22David+Jones%22+%22G+League%22+official+basketball+stats,16,2.001422739754964,2025-2026
17,Ron Harper Jr.,ronharper,2025-2026,G League,MNE,pasted_stats_table,1.9982178465809641,1.0,0.8510936085460801,0.0,0.5,common CBA source league/pathway; strong scoring per 36; high usage proxy; efficient scoring profile,10,31.4,27.9,0.7097777777777776,0.6383855024711698,0.455,0.377,0.828,,,,,,https://www.youtube.com/results?search_query=Ron+Harper+Jr.+G+League+basketball+highlights,https://www.google.com/search?tbm=vid&q=Ron+Harper+Jr.+G+League+basketball+highlights,Ron Harper Jr. G League basketball highlights,,https://www.google.com/search?q=site%3Abasketball-reference.com+%22Ron+Harper+Jr.%22+basketball,https://www.google.com/search?q=%22Ron+Harper+Jr.%22+%22G+League%22+official+basketball+stats,17,1.9982178465809641,2025-2026
18,Zyon Pullin,zyonpullin,2025-2026,G League,IWA,pasted_stats_table,1.9978818048765767,1.0,0.9313049972840848,0.0,0.5,common CBA source league/pathway; strong scoring per 36; high usage proxy; efficient scoring profile,11,35.09090909090909,28.4,0.5882222222222223,0.7603341186549581,0.583,0.564,0.793,,,,,,https://www.youtube.com/results?search_query=Zyon+Pullin+G+League+basketball+highlights,https://www.google.com/search?tbm=vid&q=Zyon+Pullin+G+League+basketball+highlights,Zyon Pullin G League basketball highlights,,https://www.google.com/search?q=site%3Abasketball-reference.com+%22Zyon+Pullin%22+basketball,https://www.google.com/search?q=%22Zyon+Pullin%22+%22G+League%22+official+basketball+stats,18,1.9978818048765767,2025-2026
19,Moses Brown,mosesbrown,2025-2026,G League,GRG,pasted_stats_table,1.9854275439072966,1.0,0.7847768422958536,0.0,0.444,common CBA source league/pathway; strong scoring per 36; high usage proxy; efficient scoring profile; data warning: low_performance_stat_coverage,25,26.96,28.4,0.7073333333333333,0.6321225071225072,0.599,,0.5,,,26.0,,,https://www.youtube.com/results?search_query=Moses+Brown+G+League+basketball+highlights,https://www.google.com/search?tbm=vid&q=Moses+Brown+G+League+basketball+highlights,Moses Brown G League basketball highlights,low_performance_stat_coverage,https://www.google.com/search?q=site%3Abasketball-reference.com+%22Moses+Brown%22+basketball,https://www.google.com/search?q=%22Moses+Brown%22+%22G+League%22+official+basketball+stats,19,1.9854275439072966,2025-2026
20,Quenton Jackson,quentonjackson,2025-2026,G League,NOB,pasted_stats_table,1.9821336909288432,1.0,0.8618680970487055,0.0,0.5,common CBA source league/pathway; strong scoring per 36; high usage proxy; efficient scoring profile,1,30.0,27.6,0.6586666666666667,0.6861575178997613,0.467,0.6,1.0,,,,,,https://www.youtube.com/results?search_query=Quenton+Jackson+G+League+basketball+highlights,https://www.google.com/search?tbm=vid&q=Quenton+Jackson+G+League+basketball+highlights,Quenton Jackson G League basketball highlights,,https://www.google.com/search?q=site%3Abasketball-reference.com+%22Quenton+Jackson%22+basketball,https://www.google.com/search?q=%22Quenton+Jackson%22+%22G+League%22+official+basketball+stats,20,1.9821336909288432,2025-2026
21,Dalano Banton,dalanobanton,2025-2026,G League,TEX,pasted_stats_table,1.979243828836985,1.0,0.7848642042368278,0.0,0.5,common CBA source league/pathway; strong scoring per 36; high usage proxy,30,33.233333333333334,27.1,0.7641111111111111,0.5715370339126034,0.425,0.302,0.774,,,26.0,,,https://www.youtube.com/results?search_query=Dalano+Banton+G+League+basketball+highlights,https://www.google.com/search?tbm=vid&q=Dalano+Banton+G+League+basketball+highlights,Dalano Banton G League basketball highlights,,https://www.google.com/search?q=site%3Abasketball-reference.com+%22Dalano+Banton%22+basketball,https://www.google.com/search?q=%22Dalano+Banton%22+%22G+League%22+official+basketball+stats,21,1.979243828836985,2025-2026
22,Omer Yurtseven,omeryurtseven,2025-2026,G League,RGV,pasted_stats_table,1.977809199408534,1.0,0.8123479087452472,0.0,0.5,common CBA source league/pathway; strong scoring per 36; high usage proxy; efficient scoring profile,3,29.666666666666668,27.9,0.666888888888889,0.6338604143947655,0.569,0.0,0.875,,,27.0,,,https://www.youtube.com/results?search_query=Omer+Yurtseven+G+League+basketball+highlights,https://www.google.com/search?tbm=vid&q=Omer+Yurtseven+G+League+basketball+highlights,Omer Yurtseven G League basketball highlights,,https://www.google.com/search?q=site%3Abasketball-reference.com+%22Omer+Yurtseven%22+basketball,https://www.google.com/search?q=%22Omer+Yurtseven%22+%22G+League%22+official+basketball+stats,22,1.977809199408534,2025-2026
23,Isaiah Moore,isaiahmoore,2025-2026,G League,WCB,pasted_stats_table,1.9660459578127831,1.0,0.6665838312511317,0.0,0.444,common CBA source league/pathway; strong scoring per 36; high usage proxy; efficient scoring profile; data warning: low_performance_stat_coverage,2,4.0,31.5,0.5,0.875,0.75,1.0,,,,25.0,,,https://www.youtube.com/results?search_query=Isaiah+Moore+G+League+basketball+highlights,https://www.google.com/search?tbm=vid&q=Isaiah+Moore+G+League+basketball+highlights,Isaiah Moore G League basketball highlights,low_performance_stat_coverage,https://www.google.com/search?q=site%3Abasketball-reference.com+%22Isaiah+Moore%22+basketball,https://www.google.com/search?q=%22Isaiah+Moore%22+%22G+League%22+official+basketball+stats,23,1.9660459578127831,2025-2026
24,Sean Pedulla,seanpedulla,2025-2026,G League,TOT,pasted_stats_table,1.9659902981471422,1.0,0.8191834148107912,0.0,0.5,common CBA source league/pathway; strong scoring per 36; high usage proxy; efficient scoring profile,28,31.964285714285715,26.6,0.7167777777777777,0.6099798202164741,0.444,0.369,0.845,,,23.0,,,https://www.youtube.com/results?search_query=Sean+Pedulla+G+League+basketball+highlights,https://www.google.com/search?tbm=vid&q=Sean+Pedulla+G+League+basketball+highlights,Sean Pedulla G League basketball highlights,,https://www.google.com/search?q=site%3Abasketball-reference.com+%22Sean+Pedulla%22+basketball,https://www.google.com/search?q=%22Sean+Pedulla%22+%22G+League%22+official+basketball+stats,24,1.9659902981471422,2025-2026
25,Caleb Love,caleblove,2025-2026,G League,RIP,pasted_stats_table,1.9534374886836865,1.0,0.7600832880680789,0.0,0.5,common CBA source league/pathway; strong scoring per 36; high usage proxy,10,34.3,25.9,0.7816666666666667,0.5320460147904683,0.433,0.235,0.758,,,,,,https://www.youtube.com/results?search_query=Caleb+Love+G+League+basketball+highlights,https://www.google.com/search?tbm=vid&q=Caleb+Love+G+League+basketball+highlights,Caleb Love G League basketball highlights,,https://www.google.com/search?q=site%3Abasketball-reference.com+%22Caleb+Love%22+basketball,https://www.google.com/search?q=%22Caleb+Love%22+%22G+League%22+official+basketball+stats,25,1.9534374886836865,2025-2026
26,Lester Quinones,lesterquinones,2025-2026,G League,OSC,pasted_stats_table,1.9507185104713622,1.0,0.8673184863298933,0.0,0.5,common CBA source league/pathway; strong scoring per 36; high usage proxy; efficient scoring profile,36,31.63888888888889,26.5,0.6155555555555555,0.6739572736520855,0.477,0.41,0.841,,,,,,https://www.youtube.com/results?search_query=Lester+Quinones+G+League+basketball+highlights,https://www.google.com/search?tbm=vid&q=Lester+Quinones+G+League+basketball+highlights,Lester Quinones G League basketball highlights,,https://www.google.com/search?q=site%3Abasketball-reference.com+%22Lester+Quinones%22+basketball,https://www.google.com/search?q=%22Lester+Quinones%22+%22G+League%22+official+basketball+stats,26,1.9507185104713622,2025-2026
27,Keon Johnson,keonjohnson,2025-2026,G League,MNE,pasted_stats_table,1.9503351137666727,1.0,0.7207848995111352,0.0,0.5,common CBA source league/pathway; strong scoring per 36; high usage proxy; efficient scoring profile,11,23.09090909090909,26.8,0.7365555555555555,0.6031688872884409,0.416,0.263,0.8,,,23.0,,,https://www.youtube.com/results?search_query=Keon+Johnson+G+League+basketball+highlights,https://www.google.com/search?tbm=vid&q=Keon+Johnson+G+League+basketball+highlights,Keon Johnson G League basketball highlights,,https://www.google.com/search?q=site%3Abasketball-reference.com+%22Keon+Johnson%22+basketball,https://www.google.com/search?q=%22Keon+Johnson%22+%22G+League%22+official+basketball+stats,27,1.9503351137666727,2025-2026
28,Jaelen House,jaelenhouse,2025-2026,G League,SDC,pasted_stats_table,1.9453744945379927,1.0,0.7726090892630817,0.0,0.5,common CBA source league/pathway; strong scoring per 36; high usage proxy; efficient scoring profile,22,28.59090909090909,26.4,0.6968888888888889,0.6114508060033351,0.441,0.363,0.844,,,,,,https://www.youtube.com/results?search_query=Jaelen+House+G+League+basketball+highlights,https://www.google.com/search?tbm=vid&q=Jaelen+House+G+League+basketball+highlights,Jaelen House G League basketball highlights,,https://www.google.com/search?q=site%3Abasketball-reference.com+%22Jaelen+House%22+basketball,https://www.google.com/search?q=%22Jaelen+House%22+%22G+League%22+official+basketball+stats,28,1.9453744945379927,2025-2026
29,Tristen Newton,tristennewton,2025-2026,G League,TOT,pasted_stats_table,1.937620133985153,1.0,0.9091472026072787,0.0,0.5,common CBA source league/pathway; strong scoring per 36; high usage proxy; efficient scoring profile,35,36.2,25.5,0.6013333333333333,0.6764643463497454,0.482,0.378,0.859,,,,,,https://www.youtube.com/results?search_query=Tristen+Newton+G+League+basketball+highlights,https://www.google.com/search?tbm=vid&q=Tristen+Newton+G+League+basketball+highlights,Tristen Newton G League basketball highlights,,https://www.google.com/search?q=site%3Abasketball-reference.com+%22Tristen+Newton%22+basketball,https://www.google.com/search?q=%22Tristen+Newton%22+%22G+League%22+official+basketball+stats,29,1.937620133985153,2025-2026
30,JD Davison,jddavison,2025-2026,G League,RGV,pasted_stats_table,1.9359015480717001,1.0,0.842939525620134,0.0,0.5,common CBA source league/pathway; strong scoring per 36; high usage proxy; efficient scoring profile,5,35.6,25.5,0.6606666666666666,0.6076057948913458,0.5,0.29,0.667,,,,,,https://www.youtube.com/results?search_query=JD+Davison+G+League+basketball+highlights,https://www.google.com/search?tbm=vid&q=JD+Davison+G+League+basketball+highlights,JD Davison G League basketball highlights,,https://www.google.com/search?q=site%3Abasketball-reference.com+%22JD+Davison%22+basketball,https://www.google.com/search?q=%22JD+Davison%22+%22G+League%22+official+basketball+stats,30,1.9359015480717001,2025-2026
31,Isaac Jones,isaacjones,2025-2026,G League,MCC,pasted_stats_table,1.9340354728710243,1.0,0.848364113706319,0.0,0.5,common CBA source league/pathway; strong scoring per 36; high usage proxy; efficient scoring profile,29,30.03448275862069,26.7,0.5517777777777778,0.7515199279441567,0.623,0.231,0.728,,,,,,https://www.youtube.com/results?search_query=Isaac+Jones+G+League+basketball+highlights,https://www.google.com/search?tbm=vid&q=Isaac+Jones+G+League+basketball+highlights,Isaac Jones G League basketball highlights,,https://www.google.com/search?q=site%3Abasketball-reference.com+%22Isaac+Jones%22+basketball,https://www.google.com/search?q=%22Isaac+Jones%22+%22G+League%22+official+basketball+stats,31,1.9340354728710243,2025-2026
32,Jahmir Young,jahmiryoung,2025-2026,G League,SXF,pasted_stats_table,1.928467197778985,1.0,0.8519799022270504,0.0,0.5,common CBA source league/pathway; strong scoring per 36; high usage proxy; efficient scoring profile,25,37.2,25.1,0.6538888888888889,0.6110029211295035,0.471,0.374,0.813,,,25.0,,,https://www.youtube.com/results?search_query=Jahmir+Young+G+League+basketball+highlights,https://www.google.com/search?tbm=vid&q=Jahmir+Young+G+League+basketball+highlights,Jahmir Young G League basketball highlights,,https://www.google.com/search?q=site%3Abasketball-reference.com+%22Jahmir+Young%22+basketball,https://www.google.com/search?q=%22Jahmir+Young%22+%22G+League%22+official+basketball+stats,32,1.928467197778985,2025-2026
33,Teddy Allen,teddyallen,2025-2026,G League,TOT,pasted_stats_table,1.9238185919488202,1.0,0.7473854789063914,0.0,0.5,common CBA source league/pathway; strong scoring per 36; high usage proxy; efficient scoring profile,26,27.884615384615383,25.8,0.6838888888888889,0.5994423791821561,0.45,0.373,0.8,,,,,,https://www.youtube.com/results?search_query=Teddy+Allen+G+League+basketball+highlights,https://www.google.com/search?tbm=vid&q=Teddy+Allen+G+League+basketball+highlights,Teddy Allen G League basketball highlights,,https://www.google.com/search?q=site%3Abasketball-reference.com+%22Teddy+Allen%22+basketball,https://www.google.com/search?q=%22Teddy+Allen%22+%22G+League%22+official+basketball+stats,33,1.9238185919488202,2025-2026
34,Keylan Boone,keylanboone,2025-2026,G League,SBL,pasted_stats_table,1.9227425070915567,1.0,0.6135922505884482,0.0,0.444,common CBA source league/pathway; strong scoring per 36; efficient scoring profile; data warning: low_performance_stat_coverage,1,7.0,30.9,0.4277777777777778,1.0032467532467533,0.667,1.0,,,,25.0,,,https://www.youtube.com/results?search_query=Keylan+Boone+G+League+basketball+highlights,https://www.google.com/search?tbm=vid&q=Keylan+Boone+G+League+basketball+highlights,Keylan Boone G League basketball highlights,low_performance_stat_coverage,https://www.google.com/search?q=site%3Abasketball-reference.com+%22Keylan+Boone%22+basketball,https://www.google.com/search?q=%22Keylan+Boone%22+%22G+League%22+official+basketball+stats,34,1.9227425070915567,2025-2026
35,DaQuan Jeffries,daquanjeffries,2025-2026,G League,STO,pasted_stats_table,1.9216747465145756,1.0,0.8713656527249684,0.0,0.5,common CBA source league/pathway; strong scoring per 36; high usage proxy; efficient scoring profile,28,33.357142857142854,25.4,0.5833333333333335,0.6791443850267378,0.518,0.438,0.831,,,28.0,,,https://www.youtube.com/results?search_query=DaQuan+Jeffries+G+League+basketball+highlights,https://www.google.com/search?tbm=vid&q=DaQuan+Jeffries+G+League+basketball+highlights,DaQuan Jeffries G League basketball highlights,,https://www.google.com/search?q=site%3Abasketball-reference.com+%22DaQuan+Jeffries%22+basketball,https://www.google.com/search?q=%22DaQuan+Jeffries%22+%22G+League%22+official+basketball+stats,35,1.9216747465145756,2025-2026
36,Vernon Carey Jr.,vernoncarey,2025-2026,G League,RGV,pasted_stats_table,1.9192726477156132,1.0,0.7072017019735651,0.0,0.5,common CBA source league/pathway; strong scoring per 36; high usage proxy; efficient scoring profile,4,14.5,27.9,0.5378888888888889,0.7434448944787891,0.571,0.5,0.8,,,24.0,,,https://www.youtube.com/results?search_query=Vernon+Carey+Jr.+G+League+basketball+highlights,https://www.google.com/search?tbm=vid&q=Vernon+Carey+Jr.+G+League+basketball+highlights,Vernon Carey Jr. G League basketball highlights,,https://www.google.com/search?q=site%3Abasketball-reference.com+%22Vernon+Carey+Jr.%22+basketball,https://www.google.com/search?q=%22Vernon+Carey+Jr.%22+%22G+League%22+official+basketball+stats,36,1.9192726477156132,2025-2026
37,Keyontae Johnson,keyontaejohnson,2025-2026,G League,GBO,pasted_stats_table,1.9175961434003261,1.0,0.8073845736013037,0.0,0.5,common CBA source league/pathway; strong scoring per 36; high usage proxy; efficient scoring profile,21,29.428571428571427,25.5,0.623,0.6495822294681067,0.547,0.373,0.766,,,25.0,,,https://www.youtube.com/results?search_query=Keyontae+Johnson+G+League+basketball+highlights,https://www.google.com/search?tbm=vid&q=Keyontae+Johnson+G+League+basketball+highlights,Keyontae Johnson G League basketball highlights,,https://www.google.com/search?q=site%3Abasketball-reference.com+%22Keyontae+Johnson%22+basketball,https://www.google.com/search?q=%22Keyontae+Johnson%22+%22G+League%22+official+basketball+stats,37,1.9175961434003261,2025-2026
38,Jameer Nelson Jr.,jameernelson,2025-2026,G League,STO,pasted_stats_table,1.9171719928782667,1.0,0.7335768604019555,0.0,0.5,common CBA source league/pathway; strong scoring per 36; high usage proxy; efficient scoring profile,11,27.90909090909091,25.7,0.679111111111111,0.5908589295567409,0.465,0.362,0.583,,,,,,https://www.youtube.com/results?search_query=Jameer+Nelson+Jr.+G+League+basketball+highlights,https://www.google.com/search?tbm=vid&q=Jameer+Nelson+Jr.+G+League+basketball+highlights,Jameer Nelson Jr. G League basketball highlights,,https://www.google.com/search?q=site%3Abasketball-reference.com+%22Jameer+Nelson+Jr.%22+basketball,https://www.google.com/search?q=%22Jameer+Nelson+Jr.%22+%22G+League%22+official+basketball+stats,38,1.9171719928782667,2025-2026
39,Wendell Moore Jr.,wendellmoore,2025-2026,G League,MCC,pasted_stats_table,1.9131494055163256,1.0,0.8164865109541916,0.0,0.5,common CBA source league/pathway; strong scoring per 36; high usage proxy; efficient scoring profile,22,27.818181818181817,25.6,0.5881111111111111,0.6929406669553919,0.538,0.419,0.815,,,,,,https://www.youtube.com/results?search_query=Wendell+Moore+Jr.+G+League+basketball+highlights,https://www.google.com/search?tbm=vid&q=Wendell+Moore+Jr.+G+League+basketball+highlights,Wendell Moore Jr. G League basketball highlights,,https://www.google.com/search?q=site%3Abasketball-reference.com+%22Wendell+Moore+Jr.%22+basketball,https://www.google.com/search?q=%22Wendell+Moore+Jr.%22+%22G+League%22+official+basketball+stats,39,1.9131494055163256,2025-2026
40,Johni Broome,johnibroome,2025-2026,G League,DEL,pasted_stats_table,1.9127568501418313,1.0,0.7934718450117689,0.0,0.5,common CBA source league/pathway; strong scoring per 36; high usage proxy; efficient scoring profile,18,33.166666666666664,24.9,0.6655555555555556,0.5939885496183206,0.464,0.309,0.687,,,23.0,,,https://www.youtube.com/results?search_query=Johni+Broome+G+League+basketball+highlights,https://www.google.com/search?tbm=vid&q=Johni+Broome+G+League+basketball+highlights,Johni Broome G League basketball highlights,,https://www.google.com/search?q=site%3Abasketball-reference.com+%22Johni+Broome%22+basketball,https://www.google.com/search?q=%22Johni+Broome%22+%22G+League%22+official+basketball+stats,40,1.9127568501418313,2025-2026
41,Ariel Hukporti,arielhukporti,2025-2026,G League,WES,pasted_stats_table,1.9125372759369907,1.0,0.7681491037479631,0.0,0.5,common CBA source league/pathway; strong scoring per 36; high usage proxy; efficient scoring profile,6,26.666666666666668,25.4,0.6499999999999999,0.635,0.571,0.381,0.455,,,,,,https://www.youtube.com/results?search_query=Ariel+Hukporti+G+League+basketball+highlights,https://www.google.com/search?tbm=vid&q=Ariel+Hukporti+G+League+basketball+highlights,Ariel Hukporti G League basketball highlights,,https://www.google.com/search?q=site%3Abasketball-reference.com+%22Ariel+Hukporti%22+basketball,https://www.google.com/search?q=%22Ariel+Hukporti%22+%22G+League%22+official+basketball+stats,41,1.9125372759369907,2025-2026
42,Killian Hayes,killianhayes,2025-2026,G League,CLC,pasted_stats_table,1.9039317928058423,1.0,0.7822827267789245,0.0,0.5,common CBA source league/pathway; strong scoring per 36; high usage proxy; efficient scoring profile,19,32.89473684210526,24.5,0.6734444444444445,0.5848930481283422,0.474,0.318,0.804,,,,,,https://www.youtube.com/results?search_query=Killian+Hayes+G+League+basketball+highlights,https://www.google.com/search?tbm=vid&q=Killian+Hayes+G+League+basketball+highlights,Killian Hayes G League basketball highlights,,https://www.google.com/search?q=site%3Abasketball-reference.com+%22Killian+Hayes%22+basketball,https://www.google.com/search?q=%22Killian+Hayes%22+%22G+League%22+official+basketball+stats,42,1.9039317928058423,2025-2026
43,Devin Carter,devincarter,2025-2026,G League,STO,pasted_stats_table,1.90059950057336,1.0,0.7579535578489951,0.0,0.5,common CBA source league/pathway; strong scoring per 36; high usage proxy,2,35.0,24.2,0.7084444444444444,0.5400821281913943,0.425,0.278,0.625,,,23.0,,,https://www.youtube.com/results?search_query=Devin+Carter+G+League+basketball+highlights,https://www.google.com/search?tbm=vid&q=Devin+Carter+G+League+basketball+highlights,Devin Carter G League basketball highlights,,https://www.google.com/search?q=site%3Abasketball-reference.com+%22Devin+Carter%22+basketball,https://www.google.com/search?q=%22Devin+Carter%22+%22G+League%22+official+basketball+stats,43,1.90059950057336,2025-2026
44,Jules Bernard,julesbernard,2025-2026,G League,IWA,pasted_stats_table,1.8996085687126563,1.0,0.8184342748506247,0.0,0.5,common CBA source league/pathway; strong scoring per 36; high usage proxy; efficient scoring profile,32,35.4375,24.0,0.66,0.5982053838484546,0.427,0.358,0.824,,,,,,https://www.youtube.com/results?search_query=Jules+Bernard+G+League+basketball+highlights,https://www.google.com/search?tbm=vid&q=Jules+Bernard+G+League+basketball+highlights,Jules Bernard G League basketball highlights,,https://www.google.com/search?q=site%3Abasketball-reference.com+%22Jules+Bernard%22+basketball,https://www.google.com/search?q=%22Jules+Bernard%22+%22G+League%22+official+basketball+stats,44,1.8996085687126563,2025-2026
45,RayJ Dennis,rayjdennis,2025-2026,G League,CPS,pasted_stats_table,1.8982989392842053,1.0,0.8050846460257106,0.0,0.5,common CBA source league/pathway; strong scoring per 36; high usage proxy; efficient scoring profile,31,36.2258064516129,24.0,0.6681111111111111,0.5810575246949448,0.446,0.369,0.75,,,,,,https://www.youtube.com/results?search_query=RayJ+Dennis+G+League+basketball+highlights,https://www.google.com/search?tbm=vid&q=RayJ+Dennis+G+League+basketball+highlights,RayJ Dennis G League basketball highlights,,https://www.google.com/search?q=site%3Abasketball-reference.com+%22RayJ+Dennis%22+basketball,https://www.google.com/search?q=%22RayJ+Dennis%22+%22G+League%22+official+basketball+stats,45,1.8982989392842053,2025-2026
46,Josh Christopher,joshchristopher,2025-2026,G League,SXF,pasted_stats_table,1.897922717122337,1.0,0.8282464240449031,0.0,0.5,common CBA source league/pathway; strong scoring per 36; high usage proxy; efficient scoring profile,31,33.645161290322584,24.4,0.6114444444444445,0.6220681215582295,0.494,0.34,0.824,,,24.0,,,https://www.youtube.com/results?search_query=Josh+Christopher+G+League+basketball+highlights,https://www.google.com/search?tbm=vid&q=Josh+Christopher+G+League+basketball+highlights,Josh Christopher G League basketball highlights,,https://www.google.com/search?q=site%3Abasketball-reference.com+%22Josh+Christopher%22+basketball,https://www.google.com/search?q=%22Josh+Christopher%22+%22G+League%22+official+basketball+stats,46,1.897922717122337,2025-2026
47,Asa Newell,asanewell,2025-2026,G League,CPS,pasted_stats_table,1.8936885675055828,1.0,0.8518653811334419,0.0,0.5,common CBA source league/pathway; strong scoring per 36; high usage proxy; efficient scoring profile,12,33.416666666666664,24.5,0.5628888888888889,0.6707183530442401,0.569,0.339,0.714,,,20.0,,,https://www.youtube.com/results?search_query=Asa+Newell+G+League+basketball+highlights,https://www.google.com/search?tbm=vid&q=Asa+Newell+G+League+basketball+highlights,Asa Newell G League basketball highlights,,https://www.google.com/search?q=site%3Abasketball-reference.com+%22Asa+Newell%22+basketball,https://www.google.com/search?q=%22Asa+Newell%22+%22G+League%22+official+basketball+stats,47,1.8936885675055828,2025-2026
48,Nick Smith Jr.,nicksmith,2025-2026,G League,SBL,pasted_stats_table,1.8930290150280644,1.0,0.7631160601122579,0.0,0.5,common CBA source league/pathway; strong scoring per 36; high usage proxy; efficient scoring profile,15,28.8,24.7,0.6329999999999999,0.6147949024293111,0.511,0.353,0.636,,,21.0,,,https://www.youtube.com/results?search_query=Nick+Smith+Jr.+G+League+basketball+highlights,https://www.google.com/search?tbm=vid&q=Nick+Smith+Jr.+G+League+basketball+highlights,Nick Smith Jr. G League basketball highlights,,https://www.google.com/search?q=site%3Abasketball-reference.com+%22Nick+Smith+Jr.%22+basketball,https://www.google.com/search?q=%22Nick+Smith+Jr.%22+%22G+League%22+official+basketball+stats,48,1.8930290150280644,2025-2026
49,Dalen Terry,dalenterry,2025-2026,G League,DEL,pasted_stats_table,1.892685828957692,1.0,0.8445210936085461,0.0,0.5,common CBA source league/pathway; strong scoring per 36; high usage proxy; efficient scoring profile,3,30.666666666666668,23.9,0.6142222222222222,0.6863082931311739,0.571,0.467,0.5,,,23.0,,,https://www.youtube.com/results?search_query=Dalen+Terry+G+League+basketball+highlights,https://www.google.com/search?tbm=vid&q=Dalen+Terry+G+League+basketball+highlights,Dalen Terry G League basketball highlights,,https://www.google.com/search?q=site%3Abasketball-reference.com+%22Dalen+Terry%22+basketball,https://www.google.com/search?q=%22Dalen+Terry%22+%22G+League%22+official+basketball+stats,49,1.892685828957692,2025-2026
50,Charles Bassey,charlesbassey,2025-2026,G League,TOT,pasted_stats_table,1.8912638134467983,1.0,0.8286108093427484,0.0,0.5,common CBA source league/pathway; strong scoring per 36; high usage proxy; efficient scoring profile,20,29.9,24.6,0.5684444444444445,0.6963315217391304,0.613,0.435,0.654,,,25.0,,,https://www.youtube.com/results?search_query=Charles+Bassey+G+League+basketball+highlights,https://www.google.com/search?tbm=vid&q=Charles+Bassey+G+League+basketball+highlights,Charles Bassey G League basketball highlights,,https://www.google.com/search?q=site%3Abasketball-reference.com+%22Charles+Bassey%22+basketball,https://www.google.com/search?q=%22Charles+Bassey%22+%22G+League%22+official+basketball+stats,50,1.8912638134467983,2025-2026
51,Miles Kelly,mileskelly,2025-2026,G League,TEX,pasted_stats_table,1.8873039939042793,1.0,0.8156604200615608,0.0,0.5,common CBA source league/pathway; strong scoring per 36; high usage proxy; efficient scoring profile,21,32.76190476190476,24.2,0.5975555555555556,0.626553438276719,0.451,0.397,0.886,,,,,,https://www.youtube.com/results?search_query=Miles+Kelly+G+League+basketball+highlights,https://www.google.com/search?tbm=vid&q=Miles+Kelly+G+League+basketball+highlights,Miles Kelly G League basketball highlights,,https://www.google.com/search?q=site%3Abasketball-reference.com+%22Miles+Kelly%22+basketball,https://www.google.com/search?q=%22Miles+Kelly%22+%22G+League%22+official+basketball+stats,51,1.8873039939042793,2025-2026
52,Chris Youngblood,chrisyoungblood,2025-2026,G League,TOT,pasted_stats_table,1.8869080964451688,1.0,0.8425212746695637,0.0,0.5,common CBA source league/pathway; strong scoring per 36; high usage proxy; efficient scoring profile,17,34.705882352941174,23.7,0.6091111111111112,0.6293817718291905,0.457,0.327,0.867,,,,,,https://www.youtube.com/results?search_query=Chris+Youngblood+G+League+basketball+highlights,https://www.google.com/search?tbm=vid&q=Chris+Youngblood+G+League+basketball+highlights,Chris Youngblood G League basketball highlights,,https://www.google.com/search?q=site%3Abasketball-reference.com+%22Chris+Youngblood%22+basketball,https://www.google.com/search?q=%22Chris+Youngblood%22+%22G+League%22+official+basketball+stats,52,1.8869080964451688,2025-2026
53,Donovan Williams,donovanwilliams,2025-2026,G League,TOT,pasted_stats_table,1.885430155712475,1.0,0.7907206228499004,0.0,0.5,common CBA source league/pathway; strong scoring per 36; high usage proxy; efficient scoring profile,26,30.46153846153846,24.4,0.599,0.6333056478405316,0.505,0.327,0.794,,,,,,https://www.youtube.com/results?search_query=Donovan+Williams+G+League+basketball+highlights,https://www.google.com/search?tbm=vid&q=Donovan+Williams+G+League+basketball+highlights,Donovan Williams G League basketball highlights,,https://www.google.com/search?q=site%3Abasketball-reference.com+%22Donovan+Williams%22+basketball,https://www.google.com/search?q=%22Donovan+Williams%22+%22G+League%22+official+basketball+stats,53,1.885430155712475,2025-2026
54,Pacome Dadiet,pacomedadiet,2025-2026,G League,WES,pasted_stats_table,1.8842980038022814,1.0,0.8475253485424589,0.0,0.5,common CBA source league/pathway; strong scoring per 36; high usage proxy; efficient scoring profile,15,35.13333333333333,23.7,0.5936666666666667,0.6380572905449063,0.466,0.324,0.691,,,20.0,,,https://www.youtube.com/results?search_query=Pacome+Dadiet+G+League+basketball+highlights,https://www.google.com/search?tbm=vid&q=Pacome+Dadiet+G+League+basketball+highlights,Pacome Dadiet G League basketball highlights,,https://www.google.com/search?q=site%3Abasketball-reference.com+%22Pacome+Dadiet%22+basketball,https://www.google.com/search?q=%22Pacome+Dadiet%22+%22G+League%22+official+basketball+stats,54,1.8842980038022814,2025-2026
55,Tristan Enaruna,tristanenaruna,2025-2026,G League,CLC,pasted_stats_table,1.8814305857323919,1.0,0.8300556762629006,0.0,0.5,common CBA source league/pathway; strong scoring per 36; high usage proxy; efficient scoring profile,24,31.25,24.8,0.5116666666666666,0.7328605200945627,0.575,0.423,0.794,,,,,,https://www.youtube.com/results?search_query=Tristan+Enaruna+G+League+basketball+highlights,https://www.google.com/search?tbm=vid&q=Tristan+Enaruna+G+League+basketball+highlights,Tristan Enaruna G League basketball highlights,,https://www.google.com/search?q=site%3Abasketball-reference.com+%22Tristan+Enaruna%22+basketball,https://www.google.com/search?q=%22Tristan+Enaruna%22+%22G+League%22+official+basketball+stats,55,1.8814305857323919,2025-2026
56,MarJon Beauchamp,marjonbeauchamp,2025-2026,G League,DEL,pasted_stats_table,1.880104366588207,1.0,0.8329730219083832,0.0,0.5,common CBA source league/pathway; strong scoring per 36; high usage proxy; efficient scoring profile,19,38.42105263157895,23.6,0.5994444444444444,0.612033195020747,0.481,0.354,0.75,,,25.0,,,https://www.youtube.com/results?search_query=MarJon+Beauchamp+G+League+basketball+highlights,https://www.google.com/search?tbm=vid&q=MarJon+Beauchamp+G+League+basketball+highlights,MarJon Beauchamp G League basketball highlights,,https://www.google.com/search?q=site%3Abasketball-reference.com+%22MarJon+Beauchamp%22+basketball,https://www.google.com/search?q=%22MarJon+Beauchamp%22+%22G+League%22+official+basketball+stats,56,1.880104366588207,2025-2026
57,Tolu Smith III,tolusmith,2025-2026,G League,MCC,pasted_stats_table,1.8797904429959562,1.0,0.8241173275393807,0.0,0.444,common CBA source league/pathway; strong scoring per 36; high usage proxy; efficient scoring profile; data warning: low_performance_stat_coverage,15,28.866666666666667,24.4,0.5654444444444445,0.7368929693162599,0.642,,0.661,,,,,,https://www.youtube.com/results?search_query=Tolu+Smith+III+G+League+basketball+highlights,https://www.google.com/search?tbm=vid&q=Tolu+Smith+III+G+League+basketball+highlights,Tolu Smith III G League basketball highlights,low_performance_stat_coverage,https://www.google.com/search?q=site%3Abasketball-reference.com+%22Tolu+Smith+III%22+basketball,https://www.google.com/search?q=%22Tolu+Smith+III%22+%22G+League%22+official+basketball+stats,57,1.8797904429959562,2025-2026
58,DeJon Jarreau,dejonjarreau,2025-2026,G League,MHU,pasted_stats_table,1.876843940491279,1.0,0.6541535397428933,0.0,0.5,common CBA source league/pathway; strong scoring per 36; high usage proxy,19,22.68421052631579,24.3,0.7092222222222223,0.5669092945128779,0.459,0.273,0.714,,,28.0,,,https://www.youtube.com/results?search_query=DeJon+Jarreau+G+League+basketball+highlights,https://www.google.com/search?tbm=vid&q=DeJon+Jarreau+G+League+basketball+highlights,DeJon Jarreau G League basketball highlights,,https://www.google.com/search?q=site%3Abasketball-reference.com+%22DeJon+Jarreau%22+basketball,https://www.google.com/search?q=%22DeJon+Jarreau%22+%22G+League%22+official+basketball+stats,58,1.876843940491279,2025-2026
59,Gregory Jackson II,gregoryjackson,2025-2026,G League,MHU,pasted_stats_table,1.875580987084314,1.0,0.7975461705594785,0.0,0.5,common CBA source league/pathway; strong scoring per 36; high usage proxy; efficient scoring profile,2,33.5,23.6,0.6167777777777778,0.6050041017227236,0.514,0.333,0.333,,,21.0,,,https://www.youtube.com/results?search_query=Gregory+Jackson+II+G+League+basketball+highlights,https://www.google.com/search?tbm=vid&q=Gregory+Jackson+II+G+League+basketball+highlights,Gregory Jackson II G League basketball highlights,,https://www.google.com/search?q=site%3Abasketball-reference.com+%22Gregory+Jackson+II%22+basketball,https://www.google.com/search?q=%22Gregory+Jackson+II%22+%22G+League%22+official+basketball+stats,59,1.875580987084314,2025-2026
60,Cormac Ryan,cormacryan,2025-2026,G League,WIS,pasted_stats_table,1.8748288143521035,1.0,0.8468708129639689,0.0,0.5,common CBA source league/pathway; strong scoring per 36; high usage proxy; efficient scoring profile,25,33.64,23.6,0.5644444444444444,0.6696935300794552,0.493,0.441,0.87,,,,,,https://www.youtube.com/results?search_query=Cormac+Ryan+G+League+basketball+highlights,https://www.google.com/search?tbm=vid&q=Cormac+Ryan+G+League+basketball+highlights,Cormac Ryan G League basketball highlights,,https://www.google.com/search?q=site%3Abasketball-reference.com+%22Cormac+Ryan%22+basketball,https://www.google.com/search?q=%22Cormac+Ryan%22+%22G+League%22+official+basketball+stats,60,1.8748288143521035,2025-2026
61,Kevin Knox,kevinknox,2025-2026,G League,WCB,pasted_stats_table,1.8700005959925163,1.0,0.8275579395256201,0.0,0.5,common CBA source league/pathway; strong scoring per 36; high usage proxy; efficient scoring profile,26,34.73076923076923,23.5,0.5724444444444445,0.6348606008212664,0.458,0.412,0.838,,,26.0,,,https://www.youtube.com/results?search_query=Kevin+Knox+G+League+basketball+highlights,https://www.google.com/search?tbm=vid&q=Kevin+Knox+G+League+basketball+highlights,Kevin Knox G League basketball highlights,,https://www.google.com/search?q=site%3Abasketball-reference.com+%22Kevin+Knox%22+basketball,https://www.google.com/search?q=%22Kevin+Knox%22+%22G+League%22+official+basketball+stats,61,1.8700005959925163,2025-2026
62,Bryce Thompson,brycethompson,2025-2026,G League,OKL,pasted_stats_table,1.8699031700766493,1.0,0.7457237914177078,0.0,0.5,common CBA source league/pathway; strong scoring per 36; high usage proxy; efficient scoring profile,22,29.727272727272727,23.7,0.6378888888888888,0.5995749848208864,0.513,0.362,0.719,,,23.0,,,https://www.youtube.com/results?search_query=Bryce+Thompson+G+League+basketball+highlights,https://www.google.com/search?tbm=vid&q=Bryce+Thompson+G+League+basketball+highlights,Bryce Thompson G League basketball highlights,,https://www.google.com/search?q=site%3Abasketball-reference.com+%22Bryce+Thompson%22+basketball,https://www.google.com/search?q=%22Bryce+Thompson%22+%22G+League%22+official+basketball+stats,62,1.8699031700766493,2025-2026
63,Nikola Topić,nikolatopic,2025-2026,G League,OKL,pasted_stats_table,1.8688032545717905,1.0,0.7922130182871627,0.0,0.5,common CBA source league/pathway; strong scoring per 36; high usage proxy; efficient scoring profile,13,28.0,23.6,0.5950000000000001,0.6696935300794552,0.552,0.465,0.867,,,,,,https://www.youtube.com/results?search_query=Nikola+Topi%C4%87+G+League+basketball+highlights,https://www.google.com/search?tbm=vid&q=Nikola+Topi%C4%87+G+League+basketball+highlights,Nikola Topić G League basketball highlights,,https://www.google.com/search?q=site%3Abasketball-reference.com+%22Nikola+Topi%C4%87%22+basketball,https://www.google.com/search?q=%22Nikola+Topi%C4%87%22+%22G+League%22+official+basketball+stats,63,1.8688032545717905,2025-2026
64,Alondes Williams,alondeswilliams,2025-2026,G League,CCG,pasted_stats_table,1.865980083288068,1.0,0.8582536664856056,0.0,0.5,common CBA source league/pathway; strong scoring per 36; high usage proxy; efficient scoring profile,25,35.96,22.9,0.5736666666666665,0.656085262434105,0.478,0.419,0.793,,,,,,https://www.youtube.com/results?search_query=Alondes+Williams+G+League+basketball+highlights,https://www.google.com/search?tbm=vid&q=Alondes+Williams+G+League+basketball+highlights,Alondes Williams G League basketball highlights,,https://www.google.com/search?q=site%3Abasketball-reference.com+%22Alondes+Williams%22+basketball,https://www.google.com/search?q=%22Alondes+Williams%22+%22G+League%22+official+basketball+stats,64,1.865980083288068,2025-2026
65,LJ Cryer,ljcryer,2025-2026,G League,SCW,pasted_stats_table,1.8655694067233992,1.0,0.7647220713380409,0.0,0.5,common CBA source league/pathway; strong scoring per 36; high usage proxy; efficient scoring profile,7,25.0,24.9,0.5055555555555555,0.7929936305732485,0.535,0.549,1.0,,,24.0,,,https://www.youtube.com/results?search_query=LJ+Cryer+G+League+basketball+highlights,https://www.google.com/search?tbm=vid&q=LJ+Cryer+G+League+basketball+highlights,LJ Cryer G League basketball highlights,,https://www.google.com/search?q=site%3Abasketball-reference.com+%22LJ+Cryer%22+basketball,https://www.google.com/search?q=%22LJ+Cryer%22+%22G+League%22+official+basketball+stats,65,1.8655694067233992,2025-2026
66,A.J. Lawson,ajlawson,2025-2026,G League,RAP,pasted_stats_table,1.8623387802522784,1.0,0.8021328987868912,0.0,0.5,common CBA source league/pathway; strong scoring per 36; high usage proxy; efficient scoring profile,25,32.08,23.4,0.5752222222222223,0.635593220338983,0.462,0.371,0.778,,,25.0,,,https://www.youtube.com/results?search_query=A.J.+Lawson+G+League+basketball+highlights,https://www.google.com/search?tbm=vid&q=A.J.+Lawson+G+League+basketball+highlights,A.J. Lawson G League basketball highlights,,https://www.google.com/search?q=site%3Abasketball-reference.com+%22A.J.+Lawson%22+basketball,https://www.google.com/search?q=%22A.J.+Lawson%22+%22G+League%22+official+basketball+stats,66,1.8623387802522784,2025-2026
67,Trey Alexander,treyalexander,2025-2026,G League,BIR,pasted_stats_table,1.860002202909047,1.0,0.8248977005250769,0.0,0.5,common CBA source league/pathway; strong scoring per 36; high usage proxy; efficient scoring profile,26,37.76923076923077,22.8,0.5911111111111111,0.6135629709364908,0.45,0.387,0.82,,,,,,https://www.youtube.com/results?search_query=Trey+Alexander+G+League+basketball+highlights,https://www.google.com/search?tbm=vid&q=Trey+Alexander+G+League+basketball+highlights,Trey Alexander G League basketball highlights,,https://www.google.com/search?q=site%3Abasketball-reference.com+%22Trey+Alexander%22+basketball,https://www.google.com/search?q=%22Trey+Alexander%22+%22G+League%22+official+basketball+stats,67,1.860002202909047,2025-2026
68,Tyler Kolek,tylerkolek,2025-2026,G League,WES,pasted_stats_table,1.859413075623152,1.0,0.7958745247148289,0.0,0.5,common CBA source league/pathway; strong scoring per 36; high usage proxy; efficient scoring profile,4,33.75,22.1,0.6737777777777778,0.6019830028328612,0.446,0.393,0.889,,,24.0,,,https://www.youtube.com/results?search_query=Tyler+Kolek+G+League+basketball+highlights,https://www.google.com/search?tbm=vid&q=Tyler+Kolek+G+League+basketball+highlights,Tyler Kolek G League basketball highlights,,https://www.google.com/search?q=site%3Abasketball-reference.com+%22Tyler+Kolek%22+basketball,https://www.google.com/search?q=%22Tyler+Kolek%22+%22G+League%22+official+basketball+stats,68,1.859413075623152,2025-2026
69,Tidjane Salaün,tidjanesalaun,2025-2026,G League,GBO,pasted_stats_table,1.8558361699559418,1.0,0.7669002353793228,0.0,0.5,common CBA source league/pathway; strong scoring per 36; high usage proxy; efficient scoring profile,4,32.0,23.6,0.5684444444444445,0.6093782276389176,0.5,0.31,0.818,,,20.0,,,https://www.youtube.com/results?search_query=Tidjane+Sala%C3%BCn+G+League+basketball+highlights,https://www.google.com/search?tbm=vid&q=Tidjane+Sala%C3%BCn+G+League+basketball+highlights,Tidjane Salaün G League basketball highlights,,https://www.google.com/search?q=site%3Abasketball-reference.com+%22Tidjane+Sala%C3%BCn%22+basketball,https://www.google.com/search?q=%22Tidjane+Sala%C3%BCn%22+%22G+League%22+official+basketball+stats,69,1.8558361699559418,2025-2026
70,Ryan Nembhard,ryannembhard,2025-2026,G League,TEX,pasted_stats_table,1.8557526706500092,1.0,0.7220106826000362,0.0,0.5,common CBA source league/pathway; strong scoring per 36; high usage proxy,5,36.8,21.9,0.7490000000000001,0.4831450758912812,0.431,0.192,0.563,,,,,,https://www.youtube.com/results?search_query=Ryan+Nembhard+G+League+basketball+highlights,https://www.google.com/search?tbm=vid&q=Ryan+Nembhard+G+League+basketball+highlights,Ryan Nembhard G League basketball highlights,,https://www.google.com/search?q=site%3Abasketball-reference.com+%22Ryan+Nembhard%22+basketball,https://www.google.com/search?q=%22Ryan+Nembhard%22+%22G+League%22+official+basketball+stats,70,1.8557526706500092,2025-2026
71,Jaden Shackelford,jadenshackelford,2025-2026,G League,VAL,pasted_stats_table,1.8501520761663348,1.0,0.786830526887561,0.0,0.5,common CBA source league/pathway; strong scoring per 36; high usage proxy; efficient scoring profile,30,35.06666666666667,22.8,0.5897777777777777,0.5989911727616646,0.432,0.378,0.802,,,,,,https://www.youtube.com/results?search_query=Jaden+Shackelford+G+League+basketball+highlights,https://www.google.com/search?tbm=vid&q=Jaden+Shackelford+G+League+basketball+highlights,Jaden Shackelford G League basketball highlights,,https://www.google.com/search?q=site%3Abasketball-reference.com+%22Jaden+Shackelford%22+basketball,https://www.google.com/search?q=%22Jaden+Shackelford%22+%22G+League%22+official+basketball+stats,71,1.8501520761663348,2025-2026
72,Blake Hinson,blakehinson,2025-2026,G League,TOT,pasted_stats_table,1.8462554770957813,1.0,0.7896885750497917,0.0,0.5,common CBA source league/pathway; strong scoring per 36; high usage proxy; efficient scoring profile,20,35.3,22.6,0.5873333333333334,0.5996603693483337,0.452,0.327,0.686,,,,,,https://www.youtube.com/results?search_query=Blake+Hinson+G+League+basketball+highlights,https://www.google.com/search?tbm=vid&q=Blake+Hinson+G+League+basketball+highlights,Blake Hinson G League basketball highlights,,https://www.google.com/search?q=site%3Abasketball-reference.com+%22Blake+Hinson%22+basketball,https://www.google.com/search?q=%22Blake+Hinson%22+%22G+League%22+official+basketball+stats,72,1.8462554770957813,2025-2026
73,DeAndre Williams,deandrewilliams,2025-2026,G League,DEL,pasted_stats_table,1.8455062994145695,1.0,0.7072474198804997,0.0,0.5,common CBA source league/pathway; strong scoring per 36; high usage proxy; efficient scoring profile,32,26.8125,23.5,0.5947777777777778,0.6084299917149958,0.542,0.35,0.673,,,29.0,,,https://www.youtube.com/results?search_query=DeAndre+Williams+G+League+basketball+highlights,https://www.google.com/search?tbm=vid&q=DeAndre+Williams+G+League+basketball+highlights,DeAndre Williams G League basketball highlights,,https://www.google.com/search?q=site%3Abasketball-reference.com+%22DeAndre+Williams%22+basketball,https://www.google.com/search?q=%22DeAndre+Williams%22+%22G+League%22+official+basketball+stats,73,1.8455062994145695,2025-2026
74,TyTy Washington Jr.,tytywashington,2025-2026,G League,SDC,pasted_stats_table,1.8436893445591165,1.0,0.8130907115697991,0.0,0.5,common CBA source league/pathway; strong scoring per 36; high usage proxy; efficient scoring profile,13,33.53846153846154,22.7,0.5456666666666667,0.6506535198349002,0.503,0.413,0.813,,,24.0,,,https://www.youtube.com/results?search_query=TyTy+Washington+Jr.+G+League+basketball+highlights,https://www.google.com/search?tbm=vid&q=TyTy+Washington+Jr.+G+League+basketball+highlights,TyTy Washington Jr. G League basketball highlights,,https://www.google.com/search?q=site%3Abasketball-reference.com+%22TyTy+Washington+Jr.%22+basketball,https://www.google.com/search?q=%22TyTy+Washington+Jr.%22+%22G+League%22+official+basketball+stats,74,1.8436893445591165,2025-2026
75,Tyler Burton,tylerburton,2025-2026,G League,MHU,pasted_stats_table,1.8415994326754783,1.0,0.7859532862574687,0.0,0.5,common CBA source league/pathway; strong scoring per 36; high usage proxy; efficient scoring profile,29,32.6551724137931,22.7,0.5644444444444444,0.6263796909492273,0.465,0.393,0.772,,,,,,https://www.youtube.com/results?search_query=Tyler+Burton+G+League+basketball+highlights,https://www.google.com/search?tbm=vid&q=Tyler+Burton+G+League+basketball+highlights,Tyler Burton G League basketball highlights,,https://www.google.com/search?q=site%3Abasketball-reference.com+%22Tyler+Burton%22+basketball,https://www.google.com/search?q=%22Tyler+Burton%22+%22G+League%22+official+basketball+stats,75,1.8415994326754783,2025-2026
76,Damion Baugh,damionbaugh,2025-2026,G League,VAL,pasted_stats_table,1.8405955096867643,1.0,0.7753820387470577,0.0,0.5,common CBA source league/pathway; strong scoring per 36; high usage proxy; efficient scoring profile,20,35.8,21.8,0.6429999999999999,0.5813953488372094,0.443,0.302,0.759,,,25.0,,,https://www.youtube.com/results?search_query=Damion+Baugh+G+League+basketball+highlights,https://www.google.com/search?tbm=vid&q=Damion+Baugh+G+League+basketball+highlights,Damion Baugh G League basketball highlights,,https://www.google.com/search?q=site%3Abasketball-reference.com+%22Damion+Baugh%22+basketball,https://www.google.com/search?q=%22Damion+Baugh%22+%22G+League%22+official+basketball+stats,76,1.8405955096867643,2025-2026
77,PJ Hall,pjhall,2025-2026,G League,GBO,pasted_stats_table,1.8402505130062163,1.0,0.7951131631359768,0.0,0.5,common CBA source league/pathway; strong scoring per 36; high usage proxy; efficient scoring profile,23,29.565217391304348,23.0,0.5258888888888889,0.7173153692614771,0.602,0.329,0.792,,,,,,https://www.youtube.com/results?search_query=PJ+Hall+G+League+basketball+highlights,https://www.google.com/search?tbm=vid&q=PJ+Hall+G+League+basketball+highlights,PJ Hall G League basketball highlights,,https://www.google.com/search?q=site%3Abasketball-reference.com+%22PJ+Hall%22+basketball,https://www.google.com/search?q=%22PJ+Hall%22+%22G+League%22+official+basketball+stats,77,1.8402505130062163,2025-2026
78,James Bouknight,jamesbouknight,2025-2026,G League,MXC,pasted_stats_table,1.8322283179431467,1.0,0.7912466051059206,0.0,0.5,common CBA source league/pathway; strong scoring per 36; high usage proxy; efficient scoring profile,36,31.25,22.4,0.5456666666666667,0.6610009442870631,0.48,0.404,0.817,,,25.0,,,https://www.youtube.com/results?search_query=James+Bouknight+G+League+basketball+highlights,https://www.google.com/search?tbm=vid&q=James+Bouknight+G+League+basketball+highlights,James Bouknight G League basketball highlights,,https://www.google.com/search?q=site%3Abasketball-reference.com+%22James+Bouknight%22+basketball,https://www.google.com/search?q=%22James+Bouknight%22+%22G+League%22+official+basketball+stats,78,1.8322283179431467,2025-2026
79,Sean East II,seaneast,2025-2026,G League,SLC,pasted_stats_table,1.831770165670831,1.0,0.7224139960166576,0.0,0.5,common CBA source league/pathway; strong scoring per 36; high usage proxy; efficient scoring profile,36,30.38888888888889,22.5,0.6046666666666667,0.5931041754533952,0.494,0.359,0.758,,,,,,https://www.youtube.com/results?search_query=Sean+East+II+G+League+basketball+highlights,https://www.google.com/search?tbm=vid&q=Sean+East+II+G+League+basketball+highlights,Sean East II G League basketball highlights,,https://www.google.com/search?q=site%3Abasketball-reference.com+%22Sean+East+II%22+basketball,https://www.google.com/search?q=%22Sean+East+II%22+%22G+League%22+official+basketball+stats,79,1.831770165670831,2025-2026
80,Liam McNeeley,liammcneeley,2025-2026,G League,GBO,pasted_stats_table,1.8298926081839582,1.0,0.7829037660691653,0.0,0.5,common CBA source league/pathway; strong scoring per 36; high usage proxy; efficient scoring profile,18,31.5,22.4,0.5446666666666666,0.6470996071180957,0.455,0.326,0.789,,,20.0,,,https://www.youtube.com/results?search_query=Liam+McNeeley+G+League+basketball+highlights,https://www.google.com/search?tbm=vid&q=Liam+McNeeley+G+League+basketball+highlights,Liam McNeeley G League basketball highlights,,https://www.google.com/search?q=site%3Abasketball-reference.com+%22Liam+McNeeley%22+basketball,https://www.google.com/search?q=%22Liam+McNeeley%22+%22G+League%22+official+basketball+stats,80,1.8298926081839582,2025-2026
81,RJ Davis,rjdavis,2025-2026,G League,SBL,pasted_stats_table,1.8294734142072546,1.0,0.7784492123845737,0.0,0.5,common CBA source league/pathway; strong scoring per 36; high usage proxy; efficient scoring profile,36,29.25,22.5,0.5394444444444444,0.6809927360774819,0.484,0.459,0.852,,,24.0,,,https://www.youtube.com/results?search_query=RJ+Davis+G+League+basketball+highlights,https://www.google.com/search?tbm=vid&q=RJ+Davis+G+League+basketball+highlights,RJ Davis G League basketball highlights,,https://www.google.com/search?q=site%3Abasketball-reference.com+%22RJ+Davis%22+basketball,https://www.google.com/search?q=%22RJ+Davis%22+%22G+League%22+official+basketball+stats,81,1.8294734142072546,2025-2026
82,Adou Thiero,adouthiero,2025-2026,G League,SBL,pasted_stats_table,1.829238087693886,1.0,0.7307301285533224,0.0,0.5,common CBA source league/pathway; strong scoring per 36; high usage proxy; efficient scoring profile,7,23.428571428571427,23.7,0.4902222222222222,0.747728419989904,0.625,0.643,0.579,,,21.0,,,https://www.youtube.com/results?search_query=Adou+Thiero+G+League+basketball+highlights,https://www.google.com/search?tbm=vid&q=Adou+Thiero+G+League+basketball+highlights,Adou Thiero G League basketball highlights,,https://www.google.com/search?q=site%3Abasketball-reference.com+%22Adou+Thiero%22+basketball,https://www.google.com/search?q=%22Adou+Thiero%22+%22G+League%22+official+basketball+stats,82,1.829238087693886,2025-2026
83,Patrick Baldwin Jr.,patrickbaldwin,2025-2026,G League,TOT,pasted_stats_table,1.8288616995594185,1.0,0.7706690204598949,0.0,0.5,common CBA source league/pathway; strong scoring per 36; high usage proxy; efficient scoring profile,24,34.791666666666664,22.1,0.5767777777777778,0.5984618717504332,0.503,0.326,0.603,,,23.0,,,https://www.youtube.com/results?search_query=Patrick+Baldwin+Jr.+G+League+basketball+highlights,https://www.google.com/search?tbm=vid&q=Patrick+Baldwin+Jr.+G+League+basketball+highlights,Patrick Baldwin Jr. G League basketball highlights,,https://www.google.com/search?q=site%3Abasketball-reference.com+%22Patrick+Baldwin+Jr.%22+basketball,https://www.google.com/search?q=%22Patrick+Baldwin+Jr.%22+%22G+League%22+official+basketball+stats,83,1.8288616995594185,2025-2026
84,Norchad Omier,norchadomier,2025-2026,G League,TOT,pasted_stats_table,1.8288194595328626,1.0,0.802944504798117,0.0,0.5,common CBA source league/pathway; strong scoring per 36; high usage proxy; efficient scoring profile,27,31.03703703703704,22.3,0.5283333333333333,0.6960049937578028,0.591,0.311,0.812,,,24.0,,,https://www.youtube.com/results?search_query=Norchad+Omier+G+League+basketball+highlights,https://www.google.com/search?tbm=vid&q=Norchad+Omier+G+League+basketball+highlights,Norchad Omier G League basketball highlights,,https://www.google.com/search?q=site%3Abasketball-reference.com+%22Norchad+Omier%22+basketball,https://www.google.com/search?q=%22Norchad+Omier%22+%22G+League%22+official+basketball+stats,84,1.8288194595328626,2025-2026
85,Dain Dainja,daindainja,2025-2026,G League,SXF,pasted_stats_table,1.828373483613978,1.0,0.7294939344559117,0.0,0.5,common CBA source league/pathway; strong scoring per 36; high usage proxy; efficient scoring profile,36,22.47222222222222,22.8,0.56,0.6801909307875894,0.637,0.0,0.562,,,23.0,,,https://www.youtube.com/results?search_query=Dain+Dainja+G+League+basketball+highlights,https://www.google.com/search?tbm=vid&q=Dain+Dainja+G+League+basketball+highlights,Dain Dainja G League basketball highlights,,https://www.google.com/search?q=site%3Abasketball-reference.com+%22Dain+Dainja%22+basketball,https://www.google.com/search?q=%22Dain+Dainja%22+%22G+League%22+official+basketball+stats,85,1.828373483613978,2025-2026
86,Daishen Nix,daishennix,2025-2026,G League,RGV,pasted_stats_table,1.8270321232421993,1.0,0.7896840485243526,0.0,0.5,common CBA source league/pathway; strong scoring per 36; high usage proxy; efficient scoring profile,35,36.94285714285714,21.5,0.5984444444444444,0.5990860454748106,0.411,0.296,0.736,,,23.0,,,https://www.youtube.com/results?search_query=Daishen+Nix+G+League+basketball+highlights,https://www.google.com/search?tbm=vid&q=Daishen+Nix+G+League+basketball+highlights,Daishen Nix G League basketball highlights,,https://www.google.com/search?q=site%3Abasketball-reference.com+%22Daishen+Nix%22+basketball,https://www.google.com/search?q=%22Daishen+Nix%22+%22G+League%22+official+basketball+stats,86,1.8270321232421993,2025-2026
87,Skal Labissiere,skallabissiere,2025-2026,G League,CCG,pasted_stats_table,1.8217761482286197,1.0,0.7836601484700343,0.0,0.5,common CBA source league/pathway; strong scoring per 36; high usage proxy; efficient scoring profile,34,31.352941176470587,22.4,0.5114444444444444,0.6701771182383915,0.533,0.398,0.821,,,29.0,,,https://www.youtube.com/results?search_query=Skal+Labissiere+G+League+basketball+highlights,https://www.google.com/search?tbm=vid&q=Skal+Labissiere+G+League+basketball+highlights,Skal Labissiere G League basketball highlights,,https://www.google.com/search?q=site%3Abasketball-reference.com+%22Skal+Labissiere%22+basketball,https://www.google.com/search?q=%22Skal+Labissiere%22+%22G+League%22+official+basketball+stats,87,1.8217761482286197,2025-2026
88,T.J. Warren,tjwarren,2025-2026,G League,WES,pasted_stats_table,1.8210050546200736,1.0,0.71557577403585,0.0,0.5,common CBA source league/pathway; strong scoring per 36; high usage proxy; efficient scoring profile,8,29.125,22.6,0.5604444444444444,0.6116042433427149,0.486,0.348,0.842,,,32.0,,,https://www.youtube.com/results?search_query=T.J.+Warren+G+League+basketball+highlights,https://www.google.com/search?tbm=vid&q=T.J.+Warren+G+League+basketball+highlights,T.J. Warren G League basketball highlights,,https://www.google.com/search?q=site%3Abasketball-reference.com+%22T.J.+Warren%22+basketball,https://www.google.com/search?q=%22T.J.+Warren%22+%22G+League%22+official+basketball+stats,88,1.8210050546200736,2025-2026
89,Amari Williams,amariwilliams,2025-2026,G League,MNE,pasted_stats_table,1.819762644094393,1.0,0.7874950208220171,0.0,0.5,common CBA source league/pathway; strong scoring per 36; high usage proxy; efficient scoring profile,18,29.61111111111111,21.8,0.5475555555555556,0.6937372708757638,0.592,0.286,0.704,,,,,,https://www.youtube.com/results?search_query=Amari+Williams+G+League+basketball+highlights,https://www.google.com/search?tbm=vid&q=Amari+Williams+G+League+basketball+highlights,Amari Williams G League basketball highlights,,https://www.google.com/search?q=site%3Abasketball-reference.com+%22Amari+Williams%22+basketball,https://www.google.com/search?q=%22Amari+Williams%22+%22G+League%22+official+basketball+stats,89,1.819762644094393,2025-2026
90,Colin Castleton,colincastleton,2025-2026,G League,OSC,pasted_stats_table,1.8196262221618684,1.0,0.7635048886474742,0.0,0.5,common CBA source league/pathway; strong scoring per 36; high usage proxy; efficient scoring profile,18,28.0,22.6,0.507,0.7128438051980823,0.565,0.375,0.728,,,25.0,,,https://www.youtube.com/results?search_query=Colin+Castleton+G+League+basketball+highlights,https://www.google.com/search?tbm=vid&q=Colin+Castleton+G+League+basketball+highlights,Colin Castleton G League basketball highlights,,https://www.google.com/search?q=site%3Abasketball-reference.com+%22Colin+Castleton%22+basketball,https://www.google.com/search?q=%22Colin+Castleton%22+%22G+League%22+official+basketball+stats,90,1.8196262221618684,2025-2026
91,Daeqwon Plowden,daeqwonplowden,2025-2026,G League,STO,pasted_stats_table,1.81814444897097,1.0,0.8371333514394351,0.0,0.5,common CBA source league/pathway; strong scoring per 36; high usage proxy; efficient scoring profile,15,37.8,21.4,0.5234444444444445,0.6710988459608629,0.502,0.391,0.854,,,,,,https://www.youtube.com/results?search_query=Daeqwon+Plowden+G+League+basketball+highlights,https://www.google.com/search?tbm=vid&q=Daeqwon+Plowden+G+League+basketball+highlights,Daeqwon Plowden G League basketball highlights,,https://www.google.com/search?q=site%3Abasketball-reference.com+%22Daeqwon+Plowden%22+basketball,https://www.google.com/search?q=%22Daeqwon+Plowden%22+%22G+League%22+official+basketball+stats,91,1.81814444897097,2025-2026
92,Riley Minix,rileyminix,2025-2026,G League,CLC,pasted_stats_table,1.8145441637998672,1.0,0.7827322107550244,0.0,0.5,common CBA source league/pathway; strong scoring per 36; high usage proxy; efficient scoring profile,23,31.26086956521739,22.2,0.4994444444444444,0.6860321384425216,0.546,0.438,0.795,,,,,,https://www.youtube.com/results?search_query=Riley+Minix+G+League+basketball+highlights,https://www.google.com/search?tbm=vid&q=Riley+Minix+G+League+basketball+highlights,Riley Minix G League basketball highlights,,https://www.google.com/search?q=site%3Abasketball-reference.com+%22Riley+Minix%22+basketball,https://www.google.com/search?q=%22Riley+Minix%22+%22G+League%22+official+basketball+stats,92,1.8145441637998672,2025-2026
93,Bryson Warren,brysonwarren,2025-2026,G League,WES,pasted_stats_table,1.8125607610598105,1.0,0.7450208220170197,0.0,0.5,common CBA source league/pathway; strong scoring per 36; high usage proxy; efficient scoring profile,21,32.80952380952381,21.8,0.5612222222222223,0.6020768890852851,0.429,0.386,0.833,,,21.0,,,https://www.youtube.com/results?search_query=Bryson+Warren+G+League+basketball+highlights,https://www.google.com/search?tbm=vid&q=Bryson+Warren+G+League+basketball+highlights,Bryson Warren G League basketball highlights,,https://www.google.com/search?q=site%3Abasketball-reference.com+%22Bryson+Warren%22+basketball,https://www.google.com/search?q=%22Bryson+Warren%22+%22G+League%22+official+basketball+stats,93,1.8125607610598105,2025-2026
94,Justin Edwards,justinedwards,2025-2026,G League,DEL,pasted_stats_table,1.812182117206832,1.0,0.7135062466051059,0.0,0.5,common CBA source league/pathway; strong scoring per 36; high usage proxy,4,34.75,21.2,0.6392222222222222,0.532342306147047,0.452,0.297,0.333,,,,,,https://www.youtube.com/results?search_query=Justin+Edwards+G+League+basketball+highlights,https://www.google.com/search?tbm=vid&q=Justin+Edwards+G+League+basketball+highlights,Justin Edwards G League basketball highlights,,https://www.google.com/search?q=site%3Abasketball-reference.com+%22Justin+Edwards%22+basketball,https://www.google.com/search?q=%22Justin+Edwards%22+%22G+League%22+official+basketball+stats,94,1.812182117206832,2025-2026
95,Grant Nelson,grantnelson,2025-2026,G League,LIN,pasted_stats_table,1.812094430864868,1.0,0.686933279015028,0.0,0.5,common CBA source league/pathway; strong scoring per 36; high usage proxy; efficient scoring profile,16,20.4375,22.8,0.5374444444444444,0.6687001407789771,0.551,0.211,0.816,,,23.0,,,https://www.youtube.com/results?search_query=Grant+Nelson+G+League+basketball+highlights,https://www.google.com/search?tbm=vid&q=Grant+Nelson+G+League+basketball+highlights,Grant Nelson G League basketball highlights,,https://www.google.com/search?q=site%3Abasketball-reference.com+%22Grant+Nelson%22+basketball,https://www.google.com/search?q=%22Grant+Nelson%22+%22G+League%22+official+basketball+stats,95,1.812094430864868,2025-2026
96,E.J. Liddell,ejliddell,2025-2026,G League,LIN,pasted_stats_table,1.8096427817007668,1.0,0.7646822379141771,0.0,0.5,common CBA source league/pathway; strong scoring per 36; high usage proxy; efficient scoring profile,22,29.272727272727277,22.1,0.5058888888888888,0.6944444444444444,0.496,0.356,0.859,,,,,,https://www.youtube.com/results?search_query=E.J.+Liddell+G+League+basketball+highlights,https://www.google.com/search?tbm=vid&q=E.J.+Liddell+G+League+basketball+highlights,E.J. Liddell G League basketball highlights,,https://www.google.com/search?q=site%3Abasketball-reference.com+%22E.J.+Liddell%22+basketball,https://www.google.com/search?q=%22E.J.+Liddell%22+%22G+League%22+official+basketball+stats,96,1.8096427817007668,2025-2026
97,Jase Richardson,jaserichardson,2025-2026,G League,OSC,pasted_stats_table,1.808935474379866,1.0,0.715741897519464,0.0,0.5,common CBA source league/pathway; strong scoring per 36; high usage proxy; efficient scoring profile,2,32.0,21.9,0.5680000000000001,0.5840622999786643,0.531,0.25,0.667,,,,,,https://www.youtube.com/results?search_query=Jase+Richardson+G+League+basketball+highlights,https://www.google.com/search?tbm=vid&q=Jase+Richardson+G+League+basketball+highlights,Jase Richardson G League basketball highlights,,https://www.google.com/search?q=site%3Abasketball-reference.com+%22Jase+Richardson%22+basketball,https://www.google.com/search?q=%22Jase+Richardson%22+%22G+League%22+official+basketball+stats,97,1.808935474379866,2025-2026
98,Antoine Davis,antoinedavis,2025-2026,G League,STO,pasted_stats_table,1.8068263926609933,1.0,0.5971944595328625,0.0,0.5,common CBA source league/pathway; strong scoring per 36; high usage proxy; efficient scoring profile,17,13.764705882352942,22.8,0.6061111111111112,0.5993690851735016,0.434,0.425,1.0,,,,,,https://www.youtube.com/results?search_query=Antoine+Davis+G+League+basketball+highlights,https://www.google.com/search?tbm=vid&q=Antoine+Davis+G+League+basketball+highlights,Antoine Davis G League basketball highlights,,https://www.google.com/search?q=site%3Abasketball-reference.com+%22Antoine+Davis%22+basketball,https://www.google.com/search?q=%22Antoine+Davis%22+%22G+League%22+official+basketball+stats,98,1.8068263926609933,2025-2026
99,Jamison Battle,jamisonbattle,2025-2026,G League,RAP,pasted_stats_table,1.8061262070734503,1.0,0.7613937171826906,0.0,0.5,common CBA source league/pathway; strong scoring per 36; high usage proxy; efficient scoring profile,1,37.0,21.4,0.5511111111111111,0.596432552954292,0.444,0.462,0.0,,,,,,https://www.youtube.com/results?search_query=Jamison+Battle+G+League+basketball+highlights,https://www.google.com/search?tbm=vid&q=Jamison+Battle+G+League+basketball+highlights,Jamison Battle G League basketball highlights,,https://www.google.com/search?q=site%3Abasketball-reference.com+%22Jamison+Battle%22+basketball,https://www.google.com/search?q=%22Jamison+Battle%22+%22G+League%22+official+basketball+stats,99,1.8061262070734503,2025-2026
100,Alijah Martin,alijahmartin,2025-2026,G League,RAP,pasted_stats_table,1.8051285382340516,1.0,0.7317363751584284,0.0,0.5,common CBA source league/pathway; strong scoring per 36; high usage proxy; efficient scoring profile,25,30.92,21.5,0.5687777777777777,0.6116294947655895,0.481,0.384,0.651,,,,,,https://www.youtube.com/results?search_query=Alijah+Martin+G+League+basketball+highlights,https://www.google.com/search?tbm=vid&q=Alijah+Martin+G+League+basketball+highlights,Alijah Martin G League basketball highlights,,https://www.google.com/search?q=site%3Abasketball-reference.com+%22Alijah+Martin%22+basketball,https://www.google.com/search?q=%22Alijah+Martin%22+%22G+League%22+official+basketball+stats,100,1.8051285382340516,2025-2026
101,Wooga Poplar,woogapoplar,2025-2026,G League,WCB,pasted_stats_table,1.8036020882370694,1.0,0.6591861307260547,0.0,0.5,common CBA source league/pathway; strong scoring per 36; high usage proxy; efficient scoring profile,12,14.166666666666666,23.1,0.5072222222222221,0.7236842105263159,0.537,0.409,0.842,,,23.0,,,https://www.youtube.com/results?search_query=Wooga+Poplar+G+League+basketball+highlights,https://www.google.com/search?tbm=vid&q=Wooga+Poplar+G+League+basketball+highlights,Wooga Poplar G League basketball highlights,,https://www.google.com/search?q=site%3Abasketball-reference.com+%22Wooga+Poplar%22+basketball,https://www.google.com/search?q=%22Wooga+Poplar%22+%22G+League%22+official+basketball+stats,101,1.8036020882370694,2025-2026
102,Trevor Keels,trevorkeels,2025-2026,G League,SXF,pasted_stats_table,1.798643649284809,1.0,0.7385745971392359,0.0,0.5,common CBA source league/pathway; strong scoring per 36; high usage proxy; efficient scoring profile,27,34.333333333333336,21.2,0.56,0.593505039193729,0.455,0.4,0.744,,,,,,https://www.youtube.com/results?search_query=Trevor+Keels+G+League+basketball+highlights,https://www.google.com/search?tbm=vid&q=Trevor+Keels+G+League+basketball+highlights,Trevor Keels G League basketball highlights,,https://www.google.com/search?q=site%3Abasketball-reference.com+%22Trevor+Keels%22+basketball,https://www.google.com/search?q=%22Trevor+Keels%22+%22G+League%22+official+basketball+stats,102,1.798643649284809,2025-2026
103,Sharife Cooper,sharifecooper,2025-2026,G League,CCG,pasted_stats_table,1.7979391031444265,1.0,0.7393119681332609,0.0,0.5,common CBA source league/pathway; strong scoring per 36; high usage proxy; efficient scoring profile,8,32.375,20.8,0.5884444444444443,0.6017125665355243,0.478,0.348,0.654,,,24.0,,,https://www.youtube.com/results?search_query=Sharife+Cooper+G+League+basketball+highlights,https://www.google.com/search?tbm=vid&q=Sharife+Cooper+G+League+basketball+highlights,Sharife Cooper G League basketball highlights,,https://www.google.com/search?q=site%3Abasketball-reference.com+%22Sharife+Cooper%22+basketball,https://www.google.com/search?q=%22Sharife+Cooper%22+%22G+League%22+official+basketball+stats,103,1.7979391031444265,2025-2026
104,Eric Dixon,ericdixon,2025-2026,G League,TOT,pasted_stats_table,1.7957825758947434,1.0,0.6846858591345284,0.0,0.5,common CBA source league/pathway; strong scoring per 36; high usage proxy; efficient scoring profile,34,27.205882352941178,21.9,0.5464444444444445,0.6126902417188899,0.448,0.337,0.763,,,25.0,,,https://www.youtube.com/results?search_query=Eric+Dixon+G+League+basketball+highlights,https://www.google.com/search?tbm=vid&q=Eric+Dixon+G+League+basketball+highlights,Eric Dixon G League basketball highlights,,https://www.google.com/search?q=site%3Abasketball-reference.com+%22Eric+Dixon%22+basketball,https://www.google.com/search?q=%22Eric+Dixon%22+%22G+League%22+official+basketball+stats,104,1.7957825758947434,2025-2026
105,Javonte Cooke,javontecooke,2025-2026,G League,RIP,pasted_stats_table,1.7952195063069587,1.0,0.7249891363389462,0.0,0.5,common CBA source league/pathway; strong scoring per 36; high usage proxy,17,34.529411764705884,21.0,0.5758888888888889,0.5759104870557262,0.435,0.345,0.674,,,,,,https://www.youtube.com/results?search_query=Javonte+Cooke+G+League+basketball+highlights,https://www.google.com/search?tbm=vid&q=Javonte+Cooke+G+League+basketball+highlights,Javonte Cooke G League basketball highlights,,https://www.google.com/search?q=site%3Abasketball-reference.com+%22Javonte+Cooke%22+basketball,https://www.google.com/search?q=%22Javonte+Cooke%22+%22G+League%22+official+basketball+stats,105,1.7952195063069587,2025-2026
106,Chris Livingston,chrislivingston,2025-2026,G League,TOT,pasted_stats_table,1.7921993859013823,1.0,0.7805753213833062,0.0,0.5,common CBA source league/pathway; strong scoring per 36; high usage proxy; efficient scoring profile,21,32.666666666666664,21.1,0.5002222222222222,0.6716322892793481,0.553,0.262,0.852,,,,,,https://www.youtube.com/results?search_query=Chris+Livingston+G+League+basketball+highlights,https://www.google.com/search?tbm=vid&q=Chris+Livingston+G+League+basketball+highlights,Chris Livingston G League basketball highlights,,https://www.google.com/search?q=site%3Abasketball-reference.com+%22Chris+Livingston%22+basketball,https://www.google.com/search?q=%22Chris+Livingston%22+%22G+League%22+official+basketball+stats,106,1.7921993859013823,2025-2026
107,Pete Nance,petenance,2025-2026,G League,WIS,pasted_stats_table,1.7901945274307443,1.0,0.78911144305631,0.0,0.5,common CBA source league/pathway; strong scoring per 36; high usage proxy; efficient scoring profile,6,35.833333333333336,21.1,0.4836666666666666,0.6630216189039718,0.517,0.4,0.857,,,25.0,,,https://www.youtube.com/results?search_query=Pete+Nance+G+League+basketball+highlights,https://www.google.com/search?tbm=vid&q=Pete+Nance+G+League+basketball+highlights,Pete Nance G League basketball highlights,,https://www.google.com/search?q=site%3Abasketball-reference.com+%22Pete+Nance%22+basketball,https://www.google.com/search?q=%22Pete+Nance%22+%22G+League%22+official+basketball+stats,107,1.7901945274307443,2025-2026
108,Mo Bamba,mobamba,2025-2026,G League,SLC,pasted_stats_table,1.7897875248958899,1.0,0.7171500995835598,0.0,0.5,common CBA source league/pathway; strong scoring per 36; high usage proxy; efficient scoring profile,10,26.6,21.9,0.49,0.6912878787878788,0.547,0.355,0.885,,,27.0,,,https://www.youtube.com/results?search_query=Mo+Bamba+G+League+basketball+highlights,https://www.google.com/search?tbm=vid&q=Mo+Bamba+G+League+basketball+highlights,Mo Bamba G League basketball highlights,,https://www.google.com/search?q=site%3Abasketball-reference.com+%22Mo+Bamba%22+basketball,https://www.google.com/search?q=%22Mo+Bamba%22+%22G+League%22+official+basketball+stats,108,1.7897875248958899,2025-2026
109,Zack Austin,zackaustin,2025-2026,G League,OKL,pasted_stats_table,1.789503704206651,1.0,0.7724592612710484,0.0,0.5,common CBA source league/pathway; strong scoring per 36; high usage proxy; efficient scoring profile,6,34.5,21.2,0.4895555555555555,0.653353057199211,0.511,0.422,0.833,,,24.0,,,https://www.youtube.com/results?search_query=Zack+Austin+G+League+basketball+highlights,https://www.google.com/search?tbm=vid&q=Zack+Austin+G+League+basketball+highlights,Zack Austin G League basketball highlights,,https://www.google.com/search?q=site%3Abasketball-reference.com+%22Zack+Austin%22+basketball,https://www.google.com/search?q=%22Zack+Austin%22+%22G+League%22+official+basketball+stats,109,1.789503704206651,2025-2026
110,Zhaire Smith,zhairesmith,2025-2026,G League,TOT,pasted_stats_table,1.7892797920815982,1.0,0.8076747238819482,0.0,0.5,common CBA source league/pathway; strong scoring per 36; high usage proxy; efficient scoring profile,35,35.857142857142854,20.7,0.4934444444444445,0.678066037735849,0.577,0.454,0.682,,,26.0,,,https://www.youtube.com/results?search_query=Zhaire+Smith+G+League+basketball+highlights,https://www.google.com/search?tbm=vid&q=Zhaire+Smith+G+League+basketball+highlights,Zhaire Smith G League basketball highlights,,https://www.google.com/search?q=site%3Abasketball-reference.com+%22Zhaire+Smith%22+basketball,https://www.google.com/search?q=%22Zhaire+Smith%22+%22G+League%22+official+basketball+stats,110,1.7892797920815982,2025-2026
111,Phillip Wheeler,phillipwheeler,2025-2026,G League,OSC,pasted_stats_table,1.7887452320598707,1.0,0.6928698171283723,0.0,0.5,common CBA source league/pathway; strong scoring per 36; high usage proxy; efficient scoring profile,36,24.58333333333333,21.9,0.5101111111111111,0.6650874635568513,0.511,0.399,0.776,,,,,,https://www.youtube.com/results?search_query=Phillip+Wheeler+G+League+basketball+highlights,https://www.google.com/search?tbm=vid&q=Phillip+Wheeler+G+League+basketball+highlights,Phillip Wheeler G League basketball highlights,,https://www.google.com/search?q=site%3Abasketball-reference.com+%22Phillip+Wheeler%22+basketball,https://www.google.com/search?q=%22Phillip+Wheeler%22+%22G+League%22+official+basketball+stats,111,1.7887452320598707,2025-2026
112,Jaylen Sims,jaylensims,2025-2026,G League,GBO,pasted_stats_table,1.7867748581688696,1.0,0.7173216548977005,0.0,0.5,common CBA source league/pathway; strong scoring per 36; high usage proxy; efficient scoring profile,36,28.55555555555556,21.4,0.5177777777777778,0.6508515815085157,0.462,0.361,0.87,,,,,,https://www.youtube.com/results?search_query=Jaylen+Sims+G+League+basketball+highlights,https://www.google.com/search?tbm=vid&q=Jaylen+Sims+G+League+basketball+highlights,Jaylen Sims G League basketball highlights,,https://www.google.com/search?q=site%3Abasketball-reference.com+%22Jaylen+Sims%22+basketball,https://www.google.com/search?q=%22Jaylen+Sims%22+%22G+League%22+official+basketball+stats,112,1.7867748581688696,2025-2026
113,Dalton Knecht,daltonknecht,2025-2026,G League,SBL,pasted_stats_table,1.7840109391031442,1.0,0.7422659786347999,0.0,0.5,common CBA source league/pathway; strong scoring per 36; high usage proxy; efficient scoring profile,3,31.33333333333333,21.1,0.5057777777777778,0.6469217561932794,0.472,0.231,0.933,,,24.0,,,https://www.youtube.com/results?search_query=Dalton+Knecht+G+League+basketball+highlights,https://www.google.com/search?tbm=vid&q=Dalton+Knecht+G+League+basketball+highlights,Dalton Knecht G League basketball highlights,,https://www.google.com/search?q=site%3Abasketball-reference.com+%22Dalton+Knecht%22+basketball,https://www.google.com/search?q=%22Dalton+Knecht%22+%22G+League%22+official+basketball+stats,113,1.7840109391031442,2025-2026
114,Tyreke Key,tyrekekey,2025-2026,G League,RAP,pasted_stats_table,1.7837932962158247,1.0,0.7055065181966322,0.0,0.5,common CBA source league/pathway; strong scoring per 36; high usage proxy; efficient scoring profile,33,27.09090909090909,22.0,0.4696666666666667,0.6914759869248177,0.521,0.421,0.838,,,,,,https://www.youtube.com/results?search_query=Tyreke+Key+G+League+basketball+highlights,https://www.google.com/search?tbm=vid&q=Tyreke+Key+G+League+basketball+highlights,Tyreke Key G League basketball highlights,,https://www.google.com/search?q=site%3Abasketball-reference.com+%22Tyreke+Key%22+basketball,https://www.google.com/search?q=%22Tyreke+Key%22+%22G+League%22+official+basketball+stats,114,1.7837932962158247,2025-2026
115,Jazian Gortman,jaziangortman,2025-2026,G League,OKL,pasted_stats_table,1.781559410646388,1.0,0.5202376425855514,0.0,0.5,common CBA source league/pathway; strong scoring per 36; high usage proxy,2,20.0,19.8,0.8220000000000001,0.4421221864951768,0.458,0.0,0.0,,,22.0,,,https://www.youtube.com/results?search_query=Jazian+Gortman+G+League+basketball+highlights,https://www.google.com/search?tbm=vid&q=Jazian+Gortman+G+League+basketball+highlights,Jazian Gortman G League basketball highlights,,https://www.google.com/search?q=site%3Abasketball-reference.com+%22Jazian+Gortman%22+basketball,https://www.google.com/search?q=%22Jazian+Gortman%22+%22G+League%22+official+basketball+stats,115,1.781559410646388,2025-2026
116,Damari Monsanto,damarimonsanto,2025-2026,G League,CCG,pasted_stats_table,1.7813582216790393,1.0,0.6298773311606012,0.0,0.5,common CBA source league/pathway; strong scoring per 36; high usage proxy; efficient scoring profile,36,17.13888888888889,22.3,0.5115555555555554,0.6552656323460273,0.445,0.429,0.833,,,25.0,,,https://www.youtube.com/results?search_query=Damari+Monsanto+G+League+basketball+highlights,https://www.google.com/search?tbm=vid&q=Damari+Monsanto+G+League+basketball+highlights,Damari Monsanto G League basketball highlights,,https://www.google.com/search?q=site%3Abasketball-reference.com+%22Damari+Monsanto%22+basketball,https://www.google.com/search?q=%22Damari+Monsanto%22+%22G+League%22+official+basketball+stats,116,1.7813582216790393,2025-2026
117,Javante McCoy,javantemccoy,2025-2026,G League,GRG,pasted_stats_table,1.7810253183656226,1.0,0.6242123845736014,0.0,0.5,common CBA source league/pathway; strong scoring per 36; high usage proxy,26,25.884615384615383,21.5,0.5798888888888889,0.5695062513244331,0.471,0.316,0.836,,,,,,https://www.youtube.com/results?search_query=Javante+McCoy+G+League+basketball+highlights,https://www.google.com/search?tbm=vid&q=Javante+McCoy+G+League+basketball+highlights,Javante McCoy G League basketball highlights,,https://www.google.com/search?q=site%3Abasketball-reference.com+%22Javante+McCoy%22+basketball,https://www.google.com/search?q=%22Javante+McCoy%22+%22G+League%22+official+basketball+stats,117,1.7810253183656226,2025-2026
118,Hunter Dickinson,hunterdickinson,2025-2026,G League,BIR,pasted_stats_table,1.7797388270263745,1.0,0.7458441969943871,0.0,0.5,common CBA source league/pathway; strong scoring per 36; high usage proxy; efficient scoring profile,33,31.24242424242424,20.7,0.5171111111111111,0.6544006069802731,0.568,0.391,0.732,,,,,,https://www.youtube.com/results?search_query=Hunter+Dickinson+G+League+basketball+highlights,https://www.google.com/search?tbm=vid&q=Hunter+Dickinson+G+League+basketball+highlights,Hunter Dickinson G League basketball highlights,,https://www.google.com/search?q=site%3Abasketball-reference.com+%22Hunter+Dickinson%22+basketball,https://www.google.com/search?q=%22Hunter+Dickinson%22+%22G+League%22+official+basketball+stats,118,1.7797388270263745,2025-2026
119,John Tonje,johntonje,2025-2026,G League,TOT,pasted_stats_table,1.7785624207858046,1.0,0.7222496831432192,0.0,0.5,common CBA source league/pathway; strong scoring per 36; high usage proxy; efficient scoring profile,29,31.344827586206897,20.8,0.528,0.6187529747739172,0.44,0.354,0.888,,,,,,https://www.youtube.com/results?search_query=John+Tonje+G+League+basketball+highlights,https://www.google.com/search?tbm=vid&q=John+Tonje+G+League+basketball+highlights,John Tonje G League basketball highlights,,https://www.google.com/search?q=site%3Abasketball-reference.com+%22John+Tonje%22+basketball,https://www.google.com/search?q=%22John+Tonje%22+%22G+League%22+official+basketball+stats,119,1.7785624207858046,2025-2026
120,Colby Jones,colbyjones,2025-2026,G League,MHU,pasted_stats_table,1.777027807954614,1.0,0.5942223429295672,0.0,0.5,common CBA source league/pathway; strong scoring per 36; high usage proxy,11,23.63636363636364,21.0,0.633888888888889,0.5434782608695652,0.423,0.316,0.591,,,,,,https://www.youtube.com/results?search_query=Colby+Jones+G+League+basketball+highlights,https://www.google.com/search?tbm=vid&q=Colby+Jones+G+League+basketball+highlights,Colby Jones G League basketball highlights,,https://www.google.com/search?q=site%3Abasketball-reference.com+%22Colby+Jones%22+basketball,https://www.google.com/search?q=%22Colby+Jones%22+%22G+League%22+official+basketball+stats,120,1.777027807954614,2025-2026
121,Mark Sears,marksears,2025-2026,G League,WIS,pasted_stats_table,1.7764432901804577,1.0,0.7409953829440522,0.0,0.5,common CBA source league/pathway; strong scoring per 36; high usage proxy; efficient scoring profile,28,33.785714285714285,20.3,0.5407777777777778,0.6089512838972883,0.447,0.418,0.881,,,23.0,,,https://www.youtube.com/results?search_query=Mark+Sears+G+League+basketball+highlights,https://www.google.com/search?tbm=vid&q=Mark+Sears+G+League+basketball+highlights,Mark Sears G League basketball highlights,,https://www.google.com/search?q=site%3Abasketball-reference.com+%22Mark+Sears%22+basketball,https://www.google.com/search?q=%22Mark+Sears%22+%22G+League%22+official+basketball+stats,121,1.7764432901804577,2025-2026
122,Yuki Kawamura,yukikawamura,2025-2026,G League,WCB,pasted_stats_table,1.7763143973685798,1.0,0.6888131450298751,0.0,0.5,common CBA source league/pathway; strong scoring per 36; high usage proxy,11,33.45454545454545,20.2,0.6004444444444446,0.5514304433282375,0.359,0.349,0.875,,,,,,https://www.youtube.com/results?search_query=Yuki+Kawamura+G+League+basketball+highlights,https://www.google.com/search?tbm=vid&q=Yuki+Kawamura+G+League+basketball+highlights,Yuki Kawamura G League basketball highlights,,https://www.google.com/search?q=site%3Abasketball-reference.com+%22Yuki+Kawamura%22+basketball,https://www.google.com/search?q=%22Yuki+Kawamura%22+%22G+League%22+official+basketball+stats,122,1.7763143973685798,2025-2026
123,Mark Armstrong,markarmstrong,2025-2026,G League,TEX,pasted_stats_table,1.7759492199287827,1.0,0.5640191019373529,0.0,0.5,common CBA source league/pathway; strong scoring per 36; high usage proxy,35,20.8,21.4,0.6277777777777778,0.5245098039215685,0.426,0.275,0.84,,,,,,https://www.youtube.com/results?search_query=Mark+Armstrong+G+League+basketball+highlights,https://www.google.com/search?tbm=vid&q=Mark+Armstrong+G+League+basketball+highlights,Mark Armstrong G League basketball highlights,,https://www.google.com/search?q=site%3Abasketball-reference.com+%22Mark+Armstrong%22+basketball,https://www.google.com/search?q=%22Mark+Armstrong%22+%22G+League%22+official+basketball+stats,123,1.7759492199287827,2025-2026
124,Brooks Barnhizer,brooksbarnhizer,2025-2026,G League,OKL,pasted_stats_table,1.774501410767095,1.0,0.7715611986239364,0.0,0.5,common CBA source league/pathway; strong scoring per 36; high usage proxy; efficient scoring profile,11,32.0,20.4,0.4944444444444444,0.6845637583892616,0.585,0.619,0.667,,,,,,https://www.youtube.com/results?search_query=Brooks+Barnhizer+G+League+basketball+highlights,https://www.google.com/search?tbm=vid&q=Brooks+Barnhizer+G+League+basketball+highlights,Brooks Barnhizer G League basketball highlights,,https://www.google.com/search?q=site%3Abasketball-reference.com+%22Brooks+Barnhizer%22+basketball,https://www.google.com/search?q=%22Brooks+Barnhizer%22+%22G+League%22+official+basketball+stats,124,1.774501410767095,2025-2026
125,Rocco Zikarsky,roccozikarsky,2025-2026,G League,IWA,pasted_stats_table,1.7723912879473718,1.0,0.6956762629005975,0.0,0.5,common CBA source league/pathway; strong scoring per 36; high usage proxy; efficient scoring profile,28,27.428571428571427,20.8,0.5298888888888889,0.6389776357827477,0.534,0.256,0.79,,,,,,https://www.youtube.com/results?search_query=Rocco+Zikarsky+G+League+basketball+highlights,https://www.google.com/search?tbm=vid&q=Rocco+Zikarsky+G+League+basketball+highlights,Rocco Zikarsky G League basketball highlights,,https://www.google.com/search?q=site%3Abasketball-reference.com+%22Rocco+Zikarsky%22+basketball,https://www.google.com/search?q=%22Rocco+Zikarsky%22+%22G+League%22+official+basketball+stats,125,1.7723912879473718,2025-2026
126,Ja’Vonte Smart,javontesmart,2025-2026,G League,OSC,pasted_stats_table,1.771463636912306,1.0,0.6437434365381134,0.0,0.5,common CBA source league/pathway; strong scoring per 36; high usage proxy; efficient scoring profile,35,27.314285714285717,21.0,0.562111111111111,0.5886970172684459,0.452,0.348,0.8,,,26.0,,,https://www.youtube.com/results?search_query=Ja%E2%80%99Vonte+Smart+G+League+basketball+highlights,https://www.google.com/search?tbm=vid&q=Ja%E2%80%99Vonte+Smart+G+League+basketball+highlights,Ja’Vonte Smart G League basketball highlights,,https://www.google.com/search?q=site%3Abasketball-reference.com+%22Ja%E2%80%99Vonte+Smart%22+basketball,https://www.google.com/search?q=%22Ja%E2%80%99Vonte+Smart%22+%22G+League%22+official+basketball+stats,126,1.771463636912306,2025-2026
127,Bronny James,bronnyjames,2025-2026,G League,SBL,pasted_stats_table,1.7712398983040618,1.0,0.7140707043273584,0.0,0.5,common CBA source league/pathway; strong scoring per 36; high usage proxy; efficient scoring profile,14,26.714285714285715,21.0,0.4908888888888889,0.7060247444862829,0.564,0.456,0.786,,,,,,https://www.youtube.com/results?search_query=Bronny+James+G+League+basketball+highlights,https://www.google.com/search?tbm=vid&q=Bronny+James+G+League+basketball+highlights,Bronny James G League basketball highlights,,https://www.google.com/search?q=site%3Abasketball-reference.com+%22Bronny+James%22+basketball,https://www.google.com/search?q=%22Bronny+James%22+%22G+League%22+official+basketball+stats,127,1.7712398983040618,2025-2026
128,Matthew Cleveland,matthewcleveland,2025-2026,G League,TOT,pasted_stats_table,1.7705067973323676,1.0,0.6969160782183595,0.0,0.5,common CBA source league/pathway; strong scoring per 36; high usage proxy; efficient scoring profile,21,27.61904761904762,21.3,0.4811111111111111,0.6689698492462312,0.549,0.338,0.857,,,23.0,,,https://www.youtube.com/results?search_query=Matthew+Cleveland+G+League+basketball+highlights,https://www.google.com/search?tbm=vid&q=Matthew+Cleveland+G+League+basketball+highlights,Matthew Cleveland G League basketball highlights,,https://www.google.com/search?q=site%3Abasketball-reference.com+%22Matthew+Cleveland%22+basketball,https://www.google.com/search?q=%22Matthew+Cleveland%22+%22G+League%22+official+basketball+stats,128,1.7705067973323676,2025-2026
129,Khaman Maluach,khamanmaluach,2025-2026,G League,VAL,pasted_stats_table,1.7696662894562134,1.0,0.6622207133804092,0.0,0.5,common CBA source league/pathway; strong scoring per 36; high usage proxy,5,30.8,20.3,0.5924444444444444,0.5630130907477259,0.5,0.188,0.563,,,19.0,,,https://www.youtube.com/results?search_query=Khaman+Maluach+G+League+basketball+highlights,https://www.google.com/search?tbm=vid&q=Khaman+Maluach+G+League+basketball+highlights,Khaman Maluach G League basketball highlights,,https://www.google.com/search?q=site%3Abasketball-reference.com+%22Khaman+Maluach%22+basketball,https://www.google.com/search?q=%22Khaman+Maluach%22+%22G+League%22+official+basketball+stats,129,1.7696662894562134,2025-2026
130,Keshon Gilbert,keshongilbert,2025-2026,G League,TOT,pasted_stats_table,1.7673463093729254,1.0,0.7489407930472569,0.0,0.5,common CBA source league/pathway; strong scoring per 36; high usage proxy; efficient scoring profile,32,31.15625,19.9,0.5284444444444444,0.6578947368421053,0.499,0.211,0.787,,,22.0,,,https://www.youtube.com/results?search_query=Keshon+Gilbert+G+League+basketball+highlights,https://www.google.com/search?tbm=vid&q=Keshon+Gilbert+G+League+basketball+highlights,Keshon Gilbert G League basketball highlights,,https://www.google.com/search?q=site%3Abasketball-reference.com+%22Keshon+Gilbert%22+basketball,https://www.google.com/search?q=%22Keshon+Gilbert%22+%22G+League%22+official+basketball+stats,130,1.7673463093729254,2025-2026
131,James Akinjo,jamesakinjo,2025-2026,G League,GRG,pasted_stats_table,1.7667790376606918,1.0,0.6737828173094332,0.0,0.5,common CBA source league/pathway; strong scoring per 36; high usage proxy,14,35.214285714285715,19.6,0.6253333333333333,0.4971590909090909,0.383,0.301,0.839,,,,,,https://www.youtube.com/results?search_query=James+Akinjo+G+League+basketball+highlights,https://www.google.com/search?tbm=vid&q=James+Akinjo+G+League+basketball+highlights,James Akinjo G League basketball highlights,,https://www.google.com/search?q=site%3Abasketball-reference.com+%22James+Akinjo%22+basketball,https://www.google.com/search?q=%22James+Akinjo%22+%22G+League%22+official+basketball+stats,131,1.7667790376606918,2025-2026
132,Curtis Jones,curtisjones,2025-2026,G League,GRG,pasted_stats_table,1.7667436628643853,1.0,0.6949746514575412,0.0,0.5,common CBA source league/pathway; strong scoring per 36; high usage proxy,30,36.6,19.9,0.58,0.5355220667384284,0.38,0.343,0.839,,,,,,https://www.youtube.com/results?search_query=Curtis+Jones+G+League+basketball+highlights,https://www.google.com/search?tbm=vid&q=Curtis+Jones+G+League+basketball+highlights,Curtis Jones G League basketball highlights,,https://www.google.com/search?q=site%3Abasketball-reference.com+%22Curtis+Jones%22+basketball,https://www.google.com/search?q=%22Curtis+Jones%22+%22G+League%22+official+basketball+stats,132,1.7667436628643853,2025-2026
133,Max Abmas,maxabmas,2025-2026,G League,SLC,pasted_stats_table,1.765113419639085,1.0,0.701342567445229,0.0,0.5,common CBA source league/pathway; strong scoring per 36; high usage proxy; efficient scoring profile,36,30.55555555555556,20.5,0.5191111111111111,0.6216642406598739,0.435,0.378,0.817,,,,,,https://www.youtube.com/results?search_query=Max+Abmas+G+League+basketball+highlights,https://www.google.com/search?tbm=vid&q=Max+Abmas+G+League+basketball+highlights,Max Abmas G League basketball highlights,,https://www.google.com/search?q=site%3Abasketball-reference.com+%22Max+Abmas%22+basketball,https://www.google.com/search?q=%22Max+Abmas%22+%22G+League%22+official+basketball+stats,133,1.765113419639085,2025-2026
134,Yang Hansen,yanghansen,2025-2026,G League,RIP,pasted_stats_table,1.7642883472146782,1.0,0.7630422777476009,0.0,0.5,common CBA source league/pathway; strong scoring per 36; high usage proxy; efficient scoring profile,14,30.785714285714285,20.0,0.4941111111111111,0.7359434795407712,0.624,0.321,0.75,,,20.0,,,https://www.youtube.com/results?search_query=Yang+Hansen+G+League+basketball+highlights,https://www.google.com/search?tbm=vid&q=Yang+Hansen+G+League+basketball+highlights,Yang Hansen G League basketball highlights,,https://www.google.com/search?q=site%3Abasketball-reference.com+%22Yang+Hansen%22+basketball,https://www.google.com/search?q=%22Yang+Hansen%22+%22G+League%22+official+basketball+stats,134,1.7642883472146782,2025-2026
135,Dakota Mathias,dakotamathias,2025-2026,G League,NOB,pasted_stats_table,1.7641747842356208,1.0,0.770810248053594,0.0,0.5,common CBA source league/pathway; strong scoring per 36; high usage proxy; efficient scoring profile,9,38.888888888888886,20.3,0.4618888888888889,0.6621868475991649,0.493,0.439,1.0,,,30.0,,,https://www.youtube.com/results?search_query=Dakota+Mathias+G+League+basketball+highlights,https://www.google.com/search?tbm=vid&q=Dakota+Mathias+G+League+basketball+highlights,Dakota Mathias G League basketball highlights,,https://www.google.com/search?q=site%3Abasketball-reference.com+%22Dakota+Mathias%22+basketball,https://www.google.com/search?q=%22Dakota+Mathias%22+%22G+League%22+official+basketball+stats,135,1.7641747842356208,2025-2026
136,Jared McCain,jaredmccain,2025-2026,G League,DEL,pasted_stats_table,1.7636689978272677,1.0,0.5853426579757378,0.0,0.5,common CBA source league/pathway; strong scoring per 36; high usage proxy,1,30.0,18.0,0.8293333333333334,0.3972457627118643,0.278,0.222,1.0,,,21.0,,,https://www.youtube.com/results?search_query=Jared+McCain+G+League+basketball+highlights,https://www.google.com/search?tbm=vid&q=Jared+McCain+G+League+basketball+highlights,Jared McCain G League basketball highlights,,https://www.google.com/search?q=site%3Abasketball-reference.com+%22Jared+McCain%22+basketball,https://www.google.com/search?q=%22Jared+McCain%22+%22G+League%22+official+basketball+stats,136,1.7636689978272677,2025-2026
137,Lachlan Olbrich,lachlanolbrich,2025-2026,G League,WCB,pasted_stats_table,1.7631599221437624,1.0,0.7446396885750497,0.0,0.5,common CBA source league/pathway; strong scoring per 36; high usage proxy; efficient scoring profile,7,32.0,19.8,0.524,0.6443634470190055,0.586,0.227,0.579,,,22.0,,,https://www.youtube.com/results?search_query=Lachlan+Olbrich+G+League+basketball+highlights,https://www.google.com/search?tbm=vid&q=Lachlan+Olbrich+G+League+basketball+highlights,Lachlan Olbrich G League basketball highlights,,https://www.google.com/search?q=site%3Abasketball-reference.com+%22Lachlan+Olbrich%22+basketball,https://www.google.com/search?q=%22Lachlan+Olbrich%22+%22G+League%22+official+basketball+stats,137,1.7631599221437624,2025-2026
138,Marques Bolden,marquesbolden,2025-2026,G League,SCW,pasted_stats_table,1.762009852737039,1.0,0.6819282998370451,0.0,0.5,common CBA source league/pathway; strong scoring per 36; high usage proxy; efficient scoring profile,29,27.0,21.0,0.4861111111111111,0.660377358490566,0.519,0.369,0.778,,,27.0,,,https://www.youtube.com/results?search_query=Marques+Bolden+G+League+basketball+highlights,https://www.google.com/search?tbm=vid&q=Marques+Bolden+G+League+basketball+highlights,Marques Bolden G League basketball highlights,,https://www.google.com/search?q=site%3Abasketball-reference.com+%22Marques+Bolden%22+basketball,https://www.google.com/search?q=%22Marques+Bolden%22+%22G+League%22+official+basketball+stats,138,1.762009852737039,2025-2026
139,Jalen Slawson,jalenslawson,2025-2026,G League,NOB,pasted_stats_table,1.761306076105981,1.0,0.782002082201702,0.0,0.5,common CBA source league/pathway; strong scoring per 36; high usage proxy; efficient scoring profile,25,34.64,19.5,0.5032222222222222,0.6716726370901075,0.477,0.348,0.785,,,26.0,,,https://www.youtube.com/results?search_query=Jalen+Slawson+G+League+basketball+highlights,https://www.google.com/search?tbm=vid&q=Jalen+Slawson+G+League+basketball+highlights,Jalen Slawson G League basketball highlights,,https://www.google.com/search?q=site%3Abasketball-reference.com+%22Jalen+Slawson%22+basketball,https://www.google.com/search?q=%22Jalen+Slawson%22+%22G+League%22+official+basketball+stats,139,1.761306076105981,2025-2026
140,Ben Saraf,bensaraf,2025-2026,G League,LIN,pasted_stats_table,1.758523288973384,1.0,0.6177598225602028,0.0,0.5,common CBA source league/pathway; strong scoring per 36; high usage proxy,15,27.53333333333333,20.1,0.6083333333333334,0.5521978021978021,0.423,0.373,0.759,,,19.0,,,https://www.youtube.com/results?search_query=Ben+Saraf+G+League+basketball+highlights,https://www.google.com/search?tbm=vid&q=Ben+Saraf+G+League+basketball+highlights,Ben Saraf G League basketball highlights,,https://www.google.com/search?q=site%3Abasketball-reference.com+%22Ben+Saraf%22+basketball,https://www.google.com/search?q=%22Ben+Saraf%22+%22G+League%22+official+basketball+stats,140,1.758523288973384,2025-2026
141,DaRon Holmes,daronholmes,2025-2026,G League,GRG,pasted_stats_table,1.7579446632265074,1.0,0.716445319572696,0.0,0.5,common CBA source league/pathway; strong scoring per 36; high usage proxy; efficient scoring profile,9,37.55555555555556,19.8,0.5313333333333333,0.5813953488372093,0.414,0.31,0.8,,,23.0,,,https://www.youtube.com/results?search_query=DaRon+Holmes+G+League+basketball+highlights,https://www.google.com/search?tbm=vid&q=DaRon+Holmes+G+League+basketball+highlights,DaRon Holmes G League basketball highlights,,https://www.google.com/search?q=site%3Abasketball-reference.com+%22DaRon+Holmes%22+basketball,https://www.google.com/search?q=%22DaRon+Holmes%22+%22G+League%22+official+basketball+stats,141,1.7579446632265074,2025-2026
142,Alize Johnson,alizejohnson,2025-2026,G League,IWA,pasted_stats_table,1.7571499562435877,1.0,0.7643776027521275,0.0,0.5,common CBA source league/pathway; strong scoring per 36; high usage proxy; efficient scoring profile,19,37.36842105263158,19.8,0.4802222222222222,0.6518303924150646,0.543,0.413,0.717,,,29.0,,,https://www.youtube.com/results?search_query=Alize+Johnson+G+League+basketball+highlights,https://www.google.com/search?tbm=vid&q=Alize+Johnson+G+League+basketball+highlights,Alize Johnson G League basketball highlights,,https://www.google.com/search?q=site%3Abasketball-reference.com+%22Alize+Johnson%22+basketball,https://www.google.com/search?q=%22Alize+Johnson%22+%22G+League%22+official+basketball+stats,142,1.7571499562435877,2025-2026
143,CJ Huntley,cjhuntley,2025-2026,G League,VAL,pasted_stats_table,1.75330132325427,1.0,0.6903164041281912,0.0,0.5,common CBA source league/pathway; strong scoring per 36; efficient scoring profile,29,27.448275862068964,21.0,0.4428888888888889,0.7219471947194719,0.623,0.338,0.69,,,24.0,,,https://www.youtube.com/results?search_query=CJ+Huntley+G+League+basketball+highlights,https://www.google.com/search?tbm=vid&q=CJ+Huntley+G+League+basketball+highlights,CJ Huntley G League basketball highlights,,https://www.google.com/search?q=site%3Abasketball-reference.com+%22CJ+Huntley%22+basketball,https://www.google.com/search?q=%22CJ+Huntley%22+%22G+League%22+official+basketball+stats,143,1.75330132325427,2025-2026
144,Chance McMillian,chancemcmillian,2025-2026,G League,SCW,pasted_stats_table,1.7524829274548857,1.0,0.6620428209306536,0.0,0.5,common CBA source league/pathway; strong scoring per 36; high usage proxy; efficient scoring profile,30,30.33333333333333,20.1,0.5398888888888888,0.589927212960789,0.447,0.357,0.915,,,24.0,,,https://www.youtube.com/results?search_query=Chance+McMillian+G+League+basketball+highlights,https://www.google.com/search?tbm=vid&q=Chance+McMillian+G+League+basketball+highlights,Chance McMillian G League basketball highlights,,https://www.google.com/search?q=site%3Abasketball-reference.com+%22Chance+McMillian%22+basketball,https://www.google.com/search?q=%22Chance+McMillian%22+%22G+League%22+official+basketball+stats,144,1.7524829274548857,2025-2026
145,Nate Hinton,natehinton,2025-2026,G League,MHU,pasted_stats_table,1.7482530101394171,1.0,0.672012040557668,0.0,0.5,common CBA source league/pathway; strong scoring per 36; high usage proxy; efficient scoring profile,21,32.333333333333336,20.0,0.5210000000000001,0.5828864537188155,0.462,0.345,0.733,,,26.0,,,https://www.youtube.com/results?search_query=Nate+Hinton+G+League+basketball+highlights,https://www.google.com/search?tbm=vid&q=Nate+Hinton+G+League+basketball+highlights,Nate Hinton G League basketball highlights,,https://www.google.com/search?q=site%3Abasketball-reference.com+%22Nate+Hinton%22+basketball,https://www.google.com/search?q=%22Nate+Hinton%22+%22G+League%22+official+basketball+stats,145,1.7482530101394171,2025-2026
146,Johnny Davis,johnnydavis,2025-2026,G League,WIS,pasted_stats_table,1.7472579666847727,1.0,0.6146985334057578,0.0,0.5,common CBA source league/pathway; strong scoring per 36; high usage proxy,17,27.823529411764707,20.2,0.5583333333333333,0.5642458100558658,0.443,0.348,0.727,,,,,,https://www.youtube.com/results?search_query=Johnny+Davis+G+League+basketball+highlights,https://www.google.com/search?tbm=vid&q=Johnny+Davis+G+League+basketball+highlights,Johnny Davis G League basketball highlights,,https://www.google.com/search?q=site%3Abasketball-reference.com+%22Johnny+Davis%22+basketball,https://www.google.com/search?q=%22Johnny+Davis%22+%22G+League%22+official+basketball+stats,146,1.7472579666847727,2025-2026
147,Dereon Seabron,dereonseabron,2025-2026,G League,SLC,pasted_stats_table,1.7463351816645545,1.0,0.6977851711026616,0.0,0.5,common CBA source league/pathway; strong scoring per 36; high usage proxy; efficient scoring profile,24,30.875,19.5,0.5275555555555554,0.6253206772703951,0.504,0.347,0.636,,,,,,https://www.youtube.com/results?search_query=Dereon+Seabron+G+League+basketball+highlights,https://www.google.com/search?tbm=vid&q=Dereon+Seabron+G+League+basketball+highlights,Dereon Seabron G League basketball highlights,,https://www.google.com/search?q=site%3Abasketball-reference.com+%22Dereon+Seabron%22+basketball,https://www.google.com/search?q=%22Dereon+Seabron%22+%22G+League%22+official+basketball+stats,147,1.7463351816645545,2025-2026
148,RJ Nembhard Jr.,rjnembhard,2025-2026,G League,TOT,pasted_stats_table,1.7432510712776874,1.0,0.6332265073329711,0.0,0.5,common CBA source league/pathway; strong scoring per 36; high usage proxy,25,30.0,19.5,0.5797777777777777,0.5612479852636426,0.454,0.241,0.696,,,26.0,,,https://www.youtube.com/results?search_query=RJ+Nembhard+Jr.+G+League+basketball+highlights,https://www.google.com/search?tbm=vid&q=RJ+Nembhard+Jr.+G+League+basketball+highlights,RJ Nembhard Jr. G League basketball highlights,,https://www.google.com/search?q=site%3Abasketball-reference.com+%22RJ+Nembhard+Jr.%22+basketball,https://www.google.com/search?q=%22RJ+Nembhard+Jr.%22+%22G+League%22+official+basketball+stats,148,1.7432510712776874,2025-2026
149,AJ Johnson,ajjohnson,2025-2026,G League,TOT,pasted_stats_table,1.742993723218058,1.0,0.6117526706500089,0.0,0.5,common CBA source league/pathway; strong scoring per 36; high usage proxy,7,31.0,19.2,0.6242222222222221,0.4930156121610518,0.404,0.283,0.75,,,,,,https://www.youtube.com/results?search_query=AJ+Johnson+G+League+basketball+highlights,https://www.google.com/search?tbm=vid&q=AJ+Johnson+G+League+basketball+highlights,AJ Johnson G League basketball highlights,,https://www.google.com/search?q=site%3Abasketball-reference.com+%22AJ+Johnson%22+basketball,https://www.google.com/search?q=%22AJ+Johnson%22+%22G+League%22+official+basketball+stats,149,1.742993723218058,2025-2026
150,Josh Oduro,joshoduro,2025-2026,G League,BIR,pasted_stats_table,1.7370772074355727,1.0,0.6928643852978453,0.0,0.5,common CBA source league/pathway; strong scoring per 36; high usage proxy; efficient scoring profile,32,29.96875,19.7,0.4794444444444444,0.6628532974427994,0.569,0.229,0.67,,,,,,https://www.youtube.com/results?search_query=Josh+Oduro+G+League+basketball+highlights,https://www.google.com/search?tbm=vid&q=Josh+Oduro+G+League+basketball+highlights,Josh Oduro G League basketball highlights,,https://www.google.com/search?q=site%3Abasketball-reference.com+%22Josh+Oduro%22+basketball,https://www.google.com/search?q=%22Josh+Oduro%22+%22G+League%22+official+basketball+stats,150,1.7370772074355727,2025-2026
151,Jeenathan Williams,jeenathanwilliams,2025-2026,G League,TOT,pasted_stats_table,1.7368111684471,1.0,0.6970224515661778,0.0,0.5,common CBA source league/pathway; strong scoring per 36; high usage proxy; efficient scoring profile,25,34.12,19.4,0.4982222222222221,0.6048889997505613,0.497,0.349,0.822,,,,,,https://www.youtube.com/results?search_query=Jeenathan+Williams+G+League+basketball+highlights,https://www.google.com/search?tbm=vid&q=Jeenathan+Williams+G+League+basketball+highlights,Jeenathan Williams G League basketball highlights,,https://www.google.com/search?q=site%3Abasketball-reference.com+%22Jeenathan+Williams%22+basketball,https://www.google.com/search?q=%22Jeenathan+Williams%22+%22G+League%22+official+basketball+stats,151,1.7368111684471,2025-2026
152,Deivon Smith,deivonsmith,2025-2026,G League,TOT,pasted_stats_table,1.7327547528517113,1.0,0.5866856780735108,0.0,0.5,common CBA source league/pathway; strong scoring per 36; high usage proxy,18,23.166666666666668,19.7,0.5683333333333334,0.5773739742086752,0.441,0.302,0.717,,,23.0,,,https://www.youtube.com/results?search_query=Deivon+Smith+G+League+basketball+highlights,https://www.google.com/search?tbm=vid&q=Deivon+Smith+G+League+basketball+highlights,Deivon Smith G League basketball highlights,,https://www.google.com/search?q=site%3Abasketball-reference.com+%22Deivon+Smith%22+basketball,https://www.google.com/search?q=%22Deivon+Smith%22+%22G+League%22+official+basketball+stats,152,1.7327547528517113,2025-2026
153,Kevin McCullar Jr.,kevinmccullar,2025-2026,G League,WES,pasted_stats_table,1.729487348361398,1.0,0.6672827267789245,0.0,0.5,common CBA source league/pathway; strong scoring per 36; high usage proxy; efficient scoring profile,10,31.8,19.0,0.5306666666666667,0.5936015996001,0.467,0.342,0.643,,,,,,https://www.youtube.com/results?search_query=Kevin+McCullar+Jr.+G+League+basketball+highlights,https://www.google.com/search?tbm=vid&q=Kevin+McCullar+Jr.+G+League+basketball+highlights,Kevin McCullar Jr. G League basketball highlights,,https://www.google.com/search?q=site%3Abasketball-reference.com+%22Kevin+McCullar+Jr.%22+basketball,https://www.google.com/search?q=%22Kevin+McCullar+Jr.%22+%22G+League%22+official+basketball+stats,153,1.729487348361398,2025-2026
154,Isaih Moore,isaihmoore,2025-2026,G League,TOT,pasted_stats_table,1.7288914991852253,1.0,0.6202326634075683,0.0,0.5,common CBA source league/pathway; strong scoring per 36; efficient scoring profile,27,20.77777777777778,21.0,0.4153333333333333,0.7635253054101221,0.682,0.278,0.654,,,,,,https://www.youtube.com/results?search_query=Isaih+Moore+G+League+basketball+highlights,https://www.google.com/search?tbm=vid&q=Isaih+Moore+G+League+basketball+highlights,Isaih Moore G League basketball highlights,,https://www.google.com/search?q=site%3Abasketball-reference.com+%22Isaih+Moore%22+basketball,https://www.google.com/search?q=%22Isaih+Moore%22+%22G+League%22+official+basketball+stats,154,1.7288914991852253,2025-2026
155,Arthur Kaluma,arthurkaluma,2025-2026,G League,SBL,pasted_stats_table,1.7287229615547106,1.0,0.6667807351077314,0.0,0.5,common CBA source league/pathway; strong scoring per 36; efficient scoring profile,35,26.37142857142857,20.0,0.448111111111111,0.7076139258420606,0.545,0.364,0.845,,,,,,https://www.youtube.com/results?search_query=Arthur+Kaluma+G+League+basketball+highlights,https://www.google.com/search?tbm=vid&q=Arthur+Kaluma+G+League+basketball+highlights,Arthur Kaluma G League basketball highlights,,https://www.google.com/search?q=site%3Abasketball-reference.com+%22Arthur+Kaluma%22+basketball,https://www.google.com/search?q=%22Arthur+Kaluma%22+%22G+League%22+official+basketball+stats,155,1.7287229615547106,2025-2026
156,Gabe McGlothan,gabemcglothan,2025-2026,G League,NOB,pasted_stats_table,1.7281187911159395,1.0,0.6729196089082021,0.0,0.5,common CBA source league/pathway; strong scoring per 36; high usage proxy; efficient scoring profile,22,28.272727272727277,19.7,0.4635555555555556,0.670615468409586,0.538,0.421,0.702,,,,,,https://www.youtube.com/results?search_query=Gabe+McGlothan+G+League+basketball+highlights,https://www.google.com/search?tbm=vid&q=Gabe+McGlothan+G+League+basketball+highlights,Gabe McGlothan G League basketball highlights,,https://www.google.com/search?q=site%3Abasketball-reference.com+%22Gabe+McGlothan%22+basketball,https://www.google.com/search?q=%22Gabe+McGlothan%22+%22G+League%22+official+basketball+stats,156,1.7281187911159395,2025-2026
157,Malik Williams,malikwilliams,2025-2026,G League,TOT,pasted_stats_table,1.7280673622427425,1.0,0.5911583378598588,0.0,0.5,common CBA source league/pathway; strong scoring per 36; high usage proxy,34,27.764705882352946,19.8,0.5371111111111111,0.5581867388362654,0.431,0.342,0.673,,,27.0,,,https://www.youtube.com/results?search_query=Malik+Williams+G+League+basketball+highlights,https://www.google.com/search?tbm=vid&q=Malik+Williams+G+League+basketball+highlights,Malik Williams G League basketball highlights,,https://www.google.com/search?q=site%3Abasketball-reference.com+%22Malik+Williams%22+basketball,https://www.google.com/search?q=%22Malik+Williams%22+%22G+League%22+official+basketball+stats,157,1.7280673622427425,2025-2026
158,Charlie Brown Jr.,charliebrown,2025-2026,G League,MHU,pasted_stats_table,1.7265285020218484,1.0,0.6346695636429478,0.0,0.5,common CBA source league/pathway; strong scoring per 36; high usage proxy,31,31.06451612903226,19.1,0.5434444444444444,0.5696731090431878,0.416,0.266,0.841,,,28.0,,,https://www.youtube.com/results?search_query=Charlie+Brown+Jr.+G+League+basketball+highlights,https://www.google.com/search?tbm=vid&q=Charlie+Brown+Jr.+G+League+basketball+highlights,Charlie Brown Jr. G League basketball highlights,,https://www.google.com/search?q=site%3Abasketball-reference.com+%22Charlie+Brown+Jr.%22+basketball,https://www.google.com/search?q=%22Charlie+Brown+Jr.%22+%22G+League%22+official+basketball+stats,158,1.7265285020218484,2025-2026
159,Jordan Bell,jordanbell,2025-2026,G League,NOB,pasted_stats_table,1.7260041794918222,1.0,0.6747944957450661,0.0,0.5,common CBA source league/pathway; strong scoring per 36; high usage proxy; efficient scoring profile,3,27.666666666666668,19.1,0.5012222222222222,0.6566281628162817,0.613,0.0,0.667,,,31.0,,,https://www.youtube.com/results?search_query=Jordan+Bell+G+League+basketball+highlights,https://www.google.com/search?tbm=vid&q=Jordan+Bell+G+League+basketball+highlights,Jordan Bell G League basketball highlights,,https://www.google.com/search?q=site%3Abasketball-reference.com+%22Jordan+Bell%22+basketball,https://www.google.com/search?q=%22Jordan+Bell%22+%22G+League%22+official+basketball+stats,159,1.7260041794918222,2025-2026
160,Marquis Barnett,marquisbarnett,2025-2026,G League,OKL,pasted_stats_table,1.7254495443297724,1.0,0.6102426217635343,0.0,0.5,common CBA source league/pathway; strong scoring per 36; high usage proxy; efficient scoring profile,5,14.6,20.2,0.4755555555555555,0.7415565345080762,0.56,0.3,0.833,,,,,,https://www.youtube.com/results?search_query=Marquis+Barnett+G+League+basketball+highlights,https://www.google.com/search?tbm=vid&q=Marquis+Barnett+G+League+basketball+highlights,Marquis Barnett G League basketball highlights,,https://www.google.com/search?q=site%3Abasketball-reference.com+%22Marquis+Barnett%22+basketball,https://www.google.com/search?q=%22Marquis+Barnett%22+%22G+League%22+official+basketball+stats,160,1.7254495443297724,2025-2026
161,Tosan Evbuomwan,tosanevbuomwan,2025-2026,G League,TOT,pasted_stats_table,1.7244942739453195,1.0,0.679643762447945,0.0,0.5,common CBA source league/pathway; strong scoring per 36; high usage proxy; efficient scoring profile,25,34.6,19.0,0.4983333333333333,0.5959849435382685,0.458,0.333,0.747,,,24.0,,,https://www.youtube.com/results?search_query=Tosan+Evbuomwan+G+League+basketball+highlights,https://www.google.com/search?tbm=vid&q=Tosan+Evbuomwan+G+League+basketball+highlights,Tosan Evbuomwan G League basketball highlights,,https://www.google.com/search?q=site%3Abasketball-reference.com+%22Tosan+Evbuomwan%22+basketball,https://www.google.com/search?q=%22Tosan+Evbuomwan%22+%22G+League%22+official+basketball+stats,161,1.7244942739453195,2025-2026
162,Kyle Mangas,kylemangas,2025-2026,G League,AUS,pasted_stats_table,1.7239285940611986,1.0,0.6597143762447945,0.0,0.5,common CBA source league/pathway; strong scoring per 36; high usage proxy; efficient scoring profile,35,31.285714285714285,19.3,0.492,0.6064605329311211,0.456,0.397,0.746,,,26.0,,,https://www.youtube.com/results?search_query=Kyle+Mangas+G+League+basketball+highlights,https://www.google.com/search?tbm=vid&q=Kyle+Mangas+G+League+basketball+highlights,Kyle Mangas G League basketball highlights,,https://www.google.com/search?q=site%3Abasketball-reference.com+%22Kyle+Mangas%22+basketball,https://www.google.com/search?q=%22Kyle+Mangas%22+%22G+League%22+official+basketball+stats,162,1.7239285940611986,2025-2026
163,Keion Brooks Jr.,keionbrooks,2025-2026,G League,TOT,pasted_stats_table,1.723655486148832,1.0,0.6456219445953286,0.0,0.5,common CBA source league/pathway; strong scoring per 36; high usage proxy,34,31.5,19.0,0.5290000000000001,0.5777183167112624,0.458,0.318,0.718,,,,,,https://www.youtube.com/results?search_query=Keion+Brooks+Jr.+G+League+basketball+highlights,https://www.google.com/search?tbm=vid&q=Keion+Brooks+Jr.+G+League+basketball+highlights,Keion Brooks Jr. G League basketball highlights,,https://www.google.com/search?q=site%3Abasketball-reference.com+%22Keion+Brooks+Jr.%22+basketball,https://www.google.com/search?q=%22Keion+Brooks+Jr.%22+%22G+League%22+official+basketball+stats,163,1.723655486148832,2025-2026
164,Myron Gardner,myrongardner,2025-2026,G League,SXF,pasted_stats_table,1.7227508736194097,1.0,0.6817368278109723,0.0,0.444,common CBA source league/pathway; strong scoring per 36; high usage proxy; efficient scoring profile; data warning: low_performance_stat_coverage,1,22.0,18.0,0.5916666666666666,0.6870229007633588,0.625,0.5,,,,,,,https://www.youtube.com/results?search_query=Myron+Gardner+G+League+basketball+highlights,https://www.google.com/search?tbm=vid&q=Myron+Gardner+G+League+basketball+highlights,Myron Gardner G League basketball highlights,low_performance_stat_coverage,https://www.google.com/search?q=site%3Abasketball-reference.com+%22Myron+Gardner%22+basketball,https://www.google.com/search?q=%22Myron+Gardner%22+%22G+League%22+official+basketball+stats,164,1.7227508736194097,2025-2026
165,Olivier Sarr,oliviersarr,2025-2026,G League,TOT,pasted_stats_table,1.721518060836502,1.0,0.6487389100126743,0.0,0.5,common CBA source league/pathway; strong scoring per 36; efficient scoring profile,32,24.21875,20.0,0.4373333333333333,0.7383343177790903,0.566,0.443,0.768,,,26.0,,,https://www.youtube.com/results?search_query=Olivier+Sarr+G+League+basketball+highlights,https://www.google.com/search?tbm=vid&q=Olivier+Sarr+G+League+basketball+highlights,Olivier Sarr G League basketball highlights,,https://www.google.com/search?q=site%3Abasketball-reference.com+%22Olivier+Sarr%22+basketball,https://www.google.com/search?q=%22Olivier+Sarr%22+%22G+League%22+official+basketball+stats,165,1.721518060836502,2025-2026
166,RJ Melendez,rjmelendez,2025-2026,G League,MXC,pasted_stats_table,1.7198551662743677,1.0,0.5848651095419157,0.0,0.5,common CBA source league/pathway; strong scoring per 36; high usage proxy; efficient scoring profile,31,21.06451612903226,19.7,0.5185555555555555,0.609228104898565,0.502,0.34,0.641,,,23.0,,,https://www.youtube.com/results?search_query=RJ+Melendez+G+League+basketball+highlights,https://www.google.com/search?tbm=vid&q=RJ+Melendez+G+League+basketball+highlights,RJ Melendez G League basketball highlights,,https://www.google.com/search?q=site%3Abasketball-reference.com+%22RJ+Melendez%22+basketball,https://www.google.com/search?q=%22RJ+Melendez%22+%22G+League%22+official+basketball+stats,166,1.7198551662743677,2025-2026
167,Wade Taylor IV,wadetaylor,2025-2026,G League,MXC,pasted_stats_table,1.7181076935844046,1.0,0.665986329893174,0.0,0.5,common CBA source league/pathway; strong scoring per 36; high usage proxy; efficient scoring profile,36,27.86111111111111,18.8,0.5024444444444445,0.6488128106018773,0.457,0.396,0.829,,,22.0,,,https://www.youtube.com/results?search_query=Wade+Taylor+IV+G+League+basketball+highlights,https://www.google.com/search?tbm=vid&q=Wade+Taylor+IV+G+League+basketball+highlights,Wade Taylor IV G League basketball highlights,,https://www.google.com/search?q=site%3Abasketball-reference.com+%22Wade+Taylor+IV%22+basketball,https://www.google.com/search?q=%22Wade+Taylor+IV%22+%22G+League%22+official+basketball+stats,167,1.7181076935844046,2025-2026
168,Basheer Jihad,basheerjihad,2025-2026,G League,CPS,pasted_stats_table,1.7173664901321744,1.0,0.6451326271953648,0.0,0.5,common CBA source league/pathway; strong scoring per 36; high usage proxy; efficient scoring profile,34,25.205882352941178,19.6,0.4563333333333333,0.6839754327191514,0.551,0.364,0.719,,,22.0,,,https://www.youtube.com/results?search_query=Basheer+Jihad+G+League+basketball+highlights,https://www.google.com/search?tbm=vid&q=Basheer+Jihad+G+League+basketball+highlights,Basheer Jihad G League basketball highlights,,https://www.google.com/search?q=site%3Abasketball-reference.com+%22Basheer+Jihad%22+basketball,https://www.google.com/search?q=%22Basheer+Jihad%22+%22G+League%22+official+basketball+stats,168,1.7173664901321744,2025-2026
169,Stephen Thompson Jr.,stephenthompson,2025-2026,G League,WIS,pasted_stats_table,1.714735401955459,1.0,0.6716082744885026,0.0,0.5,common CBA source league/pathway; strong scoring per 36; high usage proxy; efficient scoring profile,33,33.333333333333336,18.8,0.4833333333333333,0.6103896103896104,0.465,0.422,0.724,,,,,,https://www.youtube.com/results?search_query=Stephen+Thompson+Jr.+G+League+basketball+highlights,https://www.google.com/search?tbm=vid&q=Stephen+Thompson+Jr.+G+League+basketball+highlights,Stephen Thompson Jr. G League basketball highlights,,https://www.google.com/search?q=site%3Abasketball-reference.com+%22Stephen+Thompson+Jr.%22+basketball,https://www.google.com/search?q=%22Stephen+Thompson+Jr.%22+%22G+League%22+official+basketball+stats,169,1.714735401955459,2025-2026
170,Carter Bryant,carterbryant,2025-2026,G League,AUS,pasted_stats_table,1.7145652196873682,1.0,0.5897053231939164,0.0,0.5,common CBA source league/pathway; strong scoring per 36; high usage proxy,1,29.0,18.6,0.5805555555555556,0.5406976744186046,0.462,0.0,1.0,,,20.0,,,https://www.youtube.com/results?search_query=Carter+Bryant+G+League+basketball+highlights,https://www.google.com/search?tbm=vid&q=Carter+Bryant+G+League+basketball+highlights,Carter Bryant G League basketball highlights,,https://www.google.com/search?q=site%3Abasketball-reference.com+%22Carter+Bryant%22+basketball,https://www.google.com/search?q=%22Carter+Bryant%22+%22G+League%22+official+basketball+stats,170,1.7145652196873682,2025-2026
171,Jalen Crutcher,jalencrutcher,2025-2026,G League,TOT,pasted_stats_table,1.7137923230128553,1.0,0.6951692920514213,0.0,0.5,common CBA source league/pathway; strong scoring per 36; high usage proxy; efficient scoring profile,36,34.80555555555556,18.6,0.472,0.6244963738920226,0.469,0.434,0.823,,,26.0,,,https://www.youtube.com/results?search_query=Jalen+Crutcher+G+League+basketball+highlights,https://www.google.com/search?tbm=vid&q=Jalen+Crutcher+G+League+basketball+highlights,Jalen Crutcher G League basketball highlights,,https://www.google.com/search?q=site%3Abasketball-reference.com+%22Jalen+Crutcher%22+basketball,https://www.google.com/search?q=%22Jalen+Crutcher%22+%22G+League%22+official+basketball+stats,171,1.7137923230128553,2025-2026
172,Tamar Bates,tamarbates,2025-2026,G League,GRG,pasted_stats_table,1.7134472584344256,1.0,0.677900144848814,0.0,0.5,common CBA source league/pathway; strong scoring per 36; efficient scoring profile,1,33.0,19.6,0.4078888888888888,0.6673930809043858,0.538,0.429,1.0,,,,,,https://www.youtube.com/results?search_query=Tamar+Bates+G+League+basketball+highlights,https://www.google.com/search?tbm=vid&q=Tamar+Bates+G+League+basketball+highlights,Tamar Bates G League basketball highlights,,https://www.google.com/search?q=site%3Abasketball-reference.com+%22Tamar+Bates%22+basketball,https://www.google.com/search?q=%22Tamar+Bates%22+%22G+League%22+official+basketball+stats,172,1.7134472584344256,2025-2026
173,Cam Reddish,camreddish,2025-2026,G League,SDC,pasted_stats_table,1.7128979721166033,1.0,0.5792585551330799,0.0,0.5,common CBA source league/pathway; strong scoring per 36; high usage proxy; efficient scoring profile,9,17.444444444444443,19.9,0.4803333333333334,0.6549499736703528,0.508,0.406,0.75,,,,,,https://www.youtube.com/results?search_query=Cam+Reddish+G+League+basketball+highlights,https://www.google.com/search?tbm=vid&q=Cam+Reddish+G+League+basketball+highlights,Cam Reddish G League basketball highlights,,https://www.google.com/search?q=site%3Abasketball-reference.com+%22Cam+Reddish%22+basketball,https://www.google.com/search?q=%22Cam+Reddish%22+%22G+League%22+official+basketball+stats,173,1.7128979721166033,2025-2026
174,Dink Pate,dinkpate,2025-2026,G League,WES,pasted_stats_table,1.7128008253364715,1.0,0.6106477457903314,0.0,0.5,common CBA source league/pathway; strong scoring per 36; high usage proxy,36,30.77777777777778,18.7,0.5445555555555556,0.5597461685823755,0.418,0.369,0.694,,,19.0,,,https://www.youtube.com/results?search_query=Dink+Pate+G+League+basketball+highlights,https://www.google.com/search?tbm=vid&q=Dink+Pate+G+League+basketball+highlights,Dink Pate G League basketball highlights,,https://www.google.com/search?q=site%3Abasketball-reference.com+%22Dink+Pate%22+basketball,https://www.google.com/search?q=%22Dink+Pate%22+%22G+League%22+official+basketball+stats,174,1.7128008253364715,2025-2026
175,Tyler Smith,tylersmith,2025-2026,G League,TOT,pasted_stats_table,1.711775589957149,1.0,0.6172134709397066,0.0,0.5,common CBA source league/pathway; strong scoring per 36; high usage proxy; efficient scoring profile,25,26.84,19.3,0.4858888888888889,0.6189071318624936,0.498,0.375,0.697,,,21.0,,,https://www.youtube.com/results?search_query=Tyler+Smith+G+League+basketball+highlights,https://www.google.com/search?tbm=vid&q=Tyler+Smith+G+League+basketball+highlights,Tyler Smith G League basketball highlights,,https://www.google.com/search?q=site%3Abasketball-reference.com+%22Tyler+Smith%22+basketball,https://www.google.com/search?q=%22Tyler+Smith%22+%22G+League%22+official+basketball+stats,175,1.711775589957149,2025-2026
176,Keyshawn Bryant,keyshawnbryant,2025-2026,G League,WCB,pasted_stats_table,1.7117040406783757,1.0,0.54770505160239,0.0,0.5,common CBA source league/pathway; strong scoring per 36; high usage proxy,22,21.818181818181817,19.7,0.5231111111111111,0.5749474667289283,0.476,0.321,0.541,,,,,,https://www.youtube.com/results?search_query=Keyshawn+Bryant+G+League+basketball+highlights,https://www.google.com/search?tbm=vid&q=Keyshawn+Bryant+G+League+basketball+highlights,Keyshawn Bryant G League basketball highlights,,https://www.google.com/search?q=site%3Abasketball-reference.com+%22Keyshawn+Bryant%22+basketball,https://www.google.com/search?q=%22Keyshawn+Bryant%22+%22G+League%22+official+basketball+stats,176,1.7117040406783757,2025-2026
177,KJ Simpson,kjsimpson,2025-2026,G League,TOT,pasted_stats_table,1.7111179687971514,1.0,0.6653607640774941,0.0,0.5,common CBA source league/pathway; strong scoring per 36; high usage proxy; efficient scoring profile,15,34.666666666666664,18.4,0.5071111111111111,0.5839045443005838,0.439,0.369,0.914,,,,,,https://www.youtube.com/results?search_query=KJ+Simpson+G+League+basketball+highlights,https://www.google.com/search?tbm=vid&q=KJ+Simpson+G+League+basketball+highlights,KJ Simpson G League basketball highlights,,https://www.google.com/search?q=site%3Abasketball-reference.com+%22KJ+Simpson%22+basketball,https://www.google.com/search?q=%22KJ+Simpson%22+%22G+League%22+official+basketball+stats,177,1.7111179687971514,2025-2026
178,LJ Figueroa,ljfigueroa,2025-2026,G League,MXC,pasted_stats_table,1.7098055781881827,1.0,0.6190000905305089,0.0,0.5,common CBA source league/pathway; strong scoring per 36; efficient scoring profile,35,22.942857142857143,19.8,0.4362222222222222,0.6873090808108859,0.572,0.444,0.833,,,27.0,,,https://www.youtube.com/results?search_query=LJ+Figueroa+G+League+basketball+highlights,https://www.google.com/search?tbm=vid&q=LJ+Figueroa+G+League+basketball+highlights,LJ Figueroa G League basketball highlights,,https://www.google.com/search?q=site%3Abasketball-reference.com+%22LJ+Figueroa%22+basketball,https://www.google.com/search?q=%22LJ+Figueroa%22+%22G+League%22+official+basketball+stats,178,1.7098055781881827,2025-2026
179,Cameron Hildreth,cameronhildreth,2025-2026,G League,NOB,pasted_stats_table,1.7087356886354035,1.0,0.6550538656527249,0.0,0.5,common CBA source league/pathway; strong scoring per 36; high usage proxy; efficient scoring profile,29,28.620689655172413,18.7,0.4838888888888889,0.6484049930651872,0.522,0.367,0.739,,,,,,https://www.youtube.com/results?search_query=Cameron+Hildreth+G+League+basketball+highlights,https://www.google.com/search?tbm=vid&q=Cameron+Hildreth+G+League+basketball+highlights,Cameron Hildreth G League basketball highlights,,https://www.google.com/search?q=site%3Abasketball-reference.com+%22Cameron+Hildreth%22+basketball,https://www.google.com/search?q=%22Cameron+Hildreth%22+%22G+League%22+official+basketball+stats,179,1.7087356886354035,2025-2026
180,Malachi Smith,malachismith,2025-2026,G League,LIN,pasted_stats_table,1.7084532787132598,1.0,0.6569242259641499,0.0,0.5,common CBA source league/pathway; strong scoring per 36; high usage proxy; efficient scoring profile,28,30.642857142857142,18.7,0.4808888888888889,0.6312449365379421,0.514,0.417,0.786,,,,,,https://www.youtube.com/results?search_query=Malachi+Smith+G+League+basketball+highlights,https://www.google.com/search?tbm=vid&q=Malachi+Smith+G+League+basketball+highlights,Malachi Smith G League basketball highlights,,https://www.google.com/search?q=site%3Abasketball-reference.com+%22Malachi+Smith%22+basketball,https://www.google.com/search?q=%22Malachi+Smith%22+%22G+League%22+official+basketball+stats,180,1.7084532787132598,2025-2026
181,Enrique Freeman,enriquefreeman,2025-2026,G League,IWA,pasted_stats_table,1.7082591813024324,1.0,0.7021478363208401,0.0,0.5,common CBA source league/pathway; strong scoring per 36; efficient scoring profile,28,33.857142857142854,18.7,0.4348888888888889,0.6699627400401261,0.562,0.344,0.742,,,,,,https://www.youtube.com/results?search_query=Enrique+Freeman+G+League+basketball+highlights,https://www.google.com/search?tbm=vid&q=Enrique+Freeman+G+League+basketball+highlights,Enrique Freeman G League basketball highlights,,https://www.google.com/search?q=site%3Abasketball-reference.com+%22Enrique+Freeman%22+basketball,https://www.google.com/search?q=%22Enrique+Freeman%22+%22G+League%22+official+basketball+stats,181,1.7082591813024324,2025-2026
182,Chaney Johnson,chaneyjohnson,2025-2026,G League,TOT,pasted_stats_table,1.707689269117026,1.0,0.6492015209125476,0.0,0.5,common CBA source league/pathway; strong scoring per 36; efficient scoring profile,25,26.48,19.3,0.4375555555555555,0.7173654475170979,0.575,0.371,0.754,,,23.0,,,https://www.youtube.com/results?search_query=Chaney+Johnson+G+League+basketball+highlights,https://www.google.com/search?tbm=vid&q=Chaney+Johnson+G+League+basketball+highlights,Chaney Johnson G League basketball highlights,,https://www.google.com/search?q=site%3Abasketball-reference.com+%22Chaney+Johnson%22+basketball,https://www.google.com/search?q=%22Chaney+Johnson%22+%22G+League%22+official+basketball+stats,182,1.707689269117026,2025-2026
183,Kobe Brown,kobebrown,2025-2026,G League,SDC,pasted_stats_table,1.7065838086185046,1.0,0.6706685678073511,0.0,0.5,common CBA source league/pathway; strong scoring per 36; high usage proxy; efficient scoring profile,2,32.5,18.3,0.4916666666666666,0.6140939597315437,0.348,0.333,1.0,,,,,,https://www.youtube.com/results?search_query=Kobe+Brown+G+League+basketball+highlights,https://www.google.com/search?tbm=vid&q=Kobe+Brown+G+League+basketball+highlights,Kobe Brown G League basketball highlights,,https://www.google.com/search?q=site%3Abasketball-reference.com+%22Kobe+Brown%22+basketball,https://www.google.com/search?q=%22Kobe+Brown%22+%22G+League%22+official+basketball+stats,183,1.7065838086185046,2025-2026
184,Moussa Cisse,moussacisse,2025-2026,G League,TEX,pasted_stats_table,1.704997668839399,1.0,0.6546573420242623,0.0,0.5,common CBA source league/pathway; strong scoring per 36; efficient scoring profile,15,27.73333333333333,19.1,0.4373333333333333,0.6999413661682792,0.636,0.0,0.508,,,23.0,,,https://www.youtube.com/results?search_query=Moussa+Cisse+G+League+basketball+highlights,https://www.google.com/search?tbm=vid&q=Moussa+Cisse+G+League+basketball+highlights,Moussa Cisse G League basketball highlights,,https://www.google.com/search?q=site%3Abasketball-reference.com+%22Moussa+Cisse%22+basketball,https://www.google.com/search?q=%22Moussa+Cisse%22+%22G+League%22+official+basketball+stats,184,1.704997668839399,2025-2026
185,Alex Reese,alexreese,2025-2026,G League,RIP,pasted_stats_table,1.7049730671736374,1.0,0.5882256020278834,0.0,0.5,common CBA source league/pathway; strong scoring per 36; high usage proxy; efficient scoring profile,28,24.642857142857142,19.5,0.4716666666666667,0.6218112244897959,0.459,0.35,0.763,,,26.0,,,https://www.youtube.com/results?search_query=Alex+Reese+G+League+basketball+highlights,https://www.google.com/search?tbm=vid&q=Alex+Reese+G+League+basketball+highlights,Alex Reese G League basketball highlights,,https://www.google.com/search?q=site%3Abasketball-reference.com+%22Alex+Reese%22+basketball,https://www.google.com/search?q=%22Alex+Reese%22+%22G+League%22+official+basketball+stats,185,1.7049730671736374,2025-2026
186,Rasheer Fleming,rasheerfleming,2025-2026,G League,VAL,pasted_stats_table,1.7042831266220049,1.0,0.6359102842657975,0.0,0.5,common CBA source league/pathway; strong scoring per 36; high usage proxy; efficient scoring profile,4,32.25,18.7,0.4852222222222222,0.5929731100963977,0.491,0.333,0.625,,,21.0,,,https://www.youtube.com/results?search_query=Rasheer+Fleming+G+League+basketball+highlights,https://www.google.com/search?tbm=vid&q=Rasheer+Fleming+G+League+basketball+highlights,Rasheer Fleming G League basketball highlights,,https://www.google.com/search?q=site%3Abasketball-reference.com+%22Rasheer+Fleming%22+basketball,https://www.google.com/search?q=%22Rasheer+Fleming%22+%22G+League%22+official+basketball+stats,186,1.7042831266220049,2025-2026
187,Alex Morales,alexmorales,2025-2026,G League,OSC,pasted_stats_table,1.7037176881525742,1.0,0.7097596414991852,0.0,0.5,common CBA source league/pathway; strong scoring per 36; efficient scoring profile,33,34.42424242424242,18.3,0.441111111111111,0.6737849779086893,0.539,0.394,0.855,,,,,,https://www.youtube.com/results?search_query=Alex+Morales+G+League+basketball+highlights,https://www.google.com/search?tbm=vid&q=Alex+Morales+G+League+basketball+highlights,Alex Morales G League basketball highlights,,https://www.google.com/search?q=site%3Abasketball-reference.com+%22Alex+Morales%22+basketball,https://www.google.com/search?q=%22Alex+Morales%22+%22G+League%22+official+basketball+stats,187,1.7037176881525742,2025-2026
188,Brice Williams,bricewilliams,2025-2026,G League,MCC,pasted_stats_table,1.702327373408172,1.0,0.6244206047437987,0.0,0.5,common CBA source league/pathway; strong scoring per 36; high usage proxy; efficient scoring profile,29,25.79310344827586,19.1,0.4568888888888889,0.6609911406423036,0.486,0.465,0.75,,,24.0,,,https://www.youtube.com/results?search_query=Brice+Williams+G+League+basketball+highlights,https://www.google.com/search?tbm=vid&q=Brice+Williams+G+League+basketball+highlights,Brice Williams G League basketball highlights,,https://www.google.com/search?q=site%3Abasketball-reference.com+%22Brice+Williams%22+basketball,https://www.google.com/search?q=%22Brice+Williams%22+%22G+League%22+official+basketball+stats,188,1.702327373408172,2025-2026
189,Stanley Umude,stanleyumude,2025-2026,G League,AUS,pasted_stats_table,1.7018416545959323,1.0,0.6001443961615065,0.0,0.5,common CBA source league/pathway; strong scoring per 36; high usage proxy,32,32.0625,18.4,0.5352222222222223,0.5266773528738263,0.386,0.305,0.762,,,,,,https://www.youtube.com/results?search_query=Stanley+Umude+G+League+basketball+highlights,https://www.google.com/search?tbm=vid&q=Stanley+Umude+G+League+basketball+highlights,Stanley Umude G League basketball highlights,,https://www.google.com/search?q=site%3Abasketball-reference.com+%22Stanley+Umude%22+basketball,https://www.google.com/search?q=%22Stanley+Umude%22+%22G+League%22+official+basketball+stats,189,1.7018416545959323,2025-2026
190,Antonio Reeves,antonioreeves,2025-2026,G League,GBO,pasted_stats_table,1.7015594106463878,1.0,0.6335709759188847,0.0,0.5,common CBA source league/pathway; strong scoring per 36; high usage proxy; efficient scoring profile,28,31.678571428571427,18.8,0.4686666666666667,0.6036475725661444,0.477,0.38,0.75,,,25.0,,,https://www.youtube.com/results?search_query=Antonio+Reeves+G+League+basketball+highlights,https://www.google.com/search?tbm=vid&q=Antonio+Reeves+G+League+basketball+highlights,Antonio Reeves G League basketball highlights,,https://www.google.com/search?q=site%3Abasketball-reference.com+%22Antonio+Reeves%22+basketball,https://www.google.com/search?q=%22Antonio+Reeves%22+%22G+League%22+official+basketball+stats,190,1.7015594106463878,2025-2026
191,Isaiah Crawford,isaiahcrawford,2025-2026,G League,RGV,pasted_stats_table,1.7008049972840849,1.0,0.6818866558030057,0.0,0.5,common CBA source league/pathway; strong scoring per 36; efficient scoring profile,11,35.27272727272727,18.6,0.4333333333333333,0.6369863013698631,0.534,0.373,0.519,,,,,,https://www.youtube.com/results?search_query=Isaiah+Crawford+G+League+basketball+highlights,https://www.google.com/search?tbm=vid&q=Isaiah+Crawford+G+League+basketball+highlights,Isaiah Crawford G League basketball highlights,,https://www.google.com/search?q=site%3Abasketball-reference.com+%22Isaiah+Crawford%22+basketball,https://www.google.com/search?q=%22Isaiah+Crawford%22+%22G+League%22+official+basketball+stats,191,1.7008049972840849,2025-2026
192,Mouhamadou Gueye,mouhamadougueye,2025-2026,G League,WCB,pasted_stats_table,1.6971665384151124,1.0,0.6445550425493392,0.0,0.5,common CBA source league/pathway; strong scoring per 36; high usage proxy; efficient scoring profile,34,30.97058823529412,18.4,0.4721111111111111,0.6260206859009254,0.501,0.325,0.697,,,,,,https://www.youtube.com/results?search_query=Mouhamadou+Gueye+G+League+basketball+highlights,https://www.google.com/search?tbm=vid&q=Mouhamadou+Gueye+G+League+basketball+highlights,Mouhamadou Gueye G League basketball highlights,,https://www.google.com/search?q=site%3Abasketball-reference.com+%22Mouhamadou+Gueye%22+basketball,https://www.google.com/search?q=%22Mouhamadou+Gueye%22+%22G+League%22+official+basketball+stats,192,1.6971665384151124,2025-2026
193,Chaz Lanier,chazlanier,2025-2026,G League,MCC,pasted_stats_table,1.694379149314986,1.0,0.6097388194821655,0.0,0.5,common CBA source league/pathway; strong scoring per 36; high usage proxy,18,32.611111111111114,18.7,0.4717777777777778,0.5777310924369747,0.438,0.372,0.833,,,24.0,,,https://www.youtube.com/results?search_query=Chaz+Lanier+G+League+basketball+highlights,https://www.google.com/search?tbm=vid&q=Chaz+Lanier+G+League+basketball+highlights,Chaz Lanier G League basketball highlights,,https://www.google.com/search?q=site%3Abasketball-reference.com+%22Chaz+Lanier%22+basketball,https://www.google.com/search?q=%22Chaz+Lanier%22+%22G+League%22+official+basketball+stats,193,1.694379149314986,2025-2026
194,Malcolm Hill,malcolmhill,2025-2026,G League,DEL,pasted_stats_table,1.6913389085038326,1.0,0.6692445229042188,0.0,0.5,common CBA source league/pathway; strong scoring per 36; efficient scoring profile,28,35.964285714285715,18.1,0.448111111111111,0.6143089872386642,0.431,0.365,0.883,,,30.0,,,https://www.youtube.com/results?search_query=Malcolm+Hill+G+League+basketball+highlights,https://www.google.com/search?tbm=vid&q=Malcolm+Hill+G+League+basketball+highlights,Malcolm Hill G League basketball highlights,,https://www.google.com/search?q=site%3Abasketball-reference.com+%22Malcolm+Hill%22+basketball,https://www.google.com/search?q=%22Malcolm+Hill%22+%22G+League%22+official+basketball+stats,194,1.6913389085038326,2025-2026
195,Jaden Akins,jadenakins,2025-2026,G League,MCC,pasted_stats_table,1.6893741701370029,1.0,0.5663855694369002,0.0,0.5,common CBA source league/pathway; high usage proxy,33,29.96969696969697,17.7,0.5751111111111111,0.5144152522669146,0.412,0.358,0.818,,,22.0,,,https://www.youtube.com/results?search_query=Jaden+Akins+G+League+basketball+highlights,https://www.google.com/search?tbm=vid&q=Jaden+Akins+G+League+basketball+highlights,Jaden Akins G League basketball highlights,,https://www.google.com/search?q=site%3Abasketball-reference.com+%22Jaden+Akins%22+basketball,https://www.google.com/search?q=%22Jaden+Akins%22+%22G+League%22+official+basketball+stats,195,1.6893741701370029,2025-2026
196,DJ Carton,djcarton,2025-2026,G League,BIR,pasted_stats_table,1.688265971090591,1.0,0.6288416621401413,0.0,0.5,common CBA source league/pathway; high usage proxy; efficient scoring profile,29,29.75862068965517,17.8,0.5002222222222222,0.6134546457127102,0.49,0.272,0.645,,,25.0,,,https://www.youtube.com/results?search_query=DJ+Carton+G+League+basketball+highlights,https://www.google.com/search?tbm=vid&q=DJ+Carton+G+League+basketball+highlights,DJ Carton G League basketball highlights,,https://www.google.com/search?q=site%3Abasketball-reference.com+%22DJ+Carton%22+basketball,https://www.google.com/search?q=%22DJ+Carton%22+%22G+League%22+official+basketball+stats,196,1.688265971090591,2025-2026
197,Dane Goodwin,danegoodwin,2025-2026,G League,GRG,pasted_stats_table,1.6881163392479934,1.0,0.6540209125475285,0.0,0.5,common CBA source league/pathway; strong scoring per 36; efficient scoring profile,36,35.333333333333336,18.2,0.4424444444444445,0.6095927116827438,0.472,0.39,0.818,,,26.0,,,https://www.youtube.com/results?search_query=Dane+Goodwin+G+League+basketball+highlights,https://www.google.com/search?tbm=vid&q=Dane+Goodwin+G+League+basketball+highlights,Dane Goodwin G League basketball highlights,,https://www.google.com/search?q=site%3Abasketball-reference.com+%22Dane+Goodwin%22+basketball,https://www.google.com/search?q=%22Dane+Goodwin%22+%22G+League%22+official+basketball+stats,197,1.6881163392479934,2025-2026
198,Leonard Miller,leonardmiller,2025-2026,G League,WCB,pasted_stats_table,1.6878058120586636,1.0,0.6525565815679885,0.0,0.5,common CBA source league/pathway; strong scoring per 36; efficient scoring profile,1,30.0,19.2,0.3626666666666667,0.8097165991902833,0.778,1.0,0.5,,,22.0,,,https://www.youtube.com/results?search_query=Leonard+Miller+G+League+basketball+highlights,https://www.google.com/search?tbm=vid&q=Leonard+Miller+G+League+basketball+highlights,Leonard Miller G League basketball highlights,,https://www.google.com/search?q=site%3Abasketball-reference.com+%22Leonard+Miller%22+basketball,https://www.google.com/search?q=%22Leonard+Miller%22+%22G+League%22+official+basketball+stats,198,1.6878058120586636,2025-2026
199,Dexter Dennis,dexterdennis,2025-2026,G League,STO,pasted_stats_table,1.686793907296759,1.0,0.6351756291870361,0.0,0.5,common CBA source league/pathway; high usage proxy; efficient scoring profile,31,35.193548387096776,17.9,0.48,0.5819245773732119,0.442,0.34,0.758,,,26.0,,,https://www.youtube.com/results?search_query=Dexter+Dennis+G+League+basketball+highlights,https://www.google.com/search?tbm=vid&q=Dexter+Dennis+G+League+basketball+highlights,Dexter Dennis G League basketball highlights,,https://www.google.com/search?q=site%3Abasketball-reference.com+%22Dexter+Dennis%22+basketball,https://www.google.com/search?q=%22Dexter+Dennis%22+%22G+League%22+official+basketball+stats,199,1.686793907296759,2025-2026
200,Zach Freemantle,zachfreemantle,2025-2026,G League,SDC,pasted_stats_table,1.6864512417768123,1.0,0.6002494115516929,0.0,0.5,common CBA source league/pathway; strong scoring per 36; high usage proxy; efficient scoring profile,35,31.085714285714285,18.3,0.4815555555555556,0.5851880276285495,0.498,0.273,0.839,,,25.0,,,https://www.youtube.com/results?search_query=Zach+Freemantle+G+League+basketball+highlights,https://www.google.com/search?tbm=vid&q=Zach+Freemantle+G+League+basketball+highlights,Zach Freemantle G League basketball highlights,,https://www.google.com/search?q=site%3Abasketball-reference.com+%22Zach+Freemantle%22+basketball,https://www.google.com/search?q=%22Zach+Freemantle%22+%22G+League%22+official+basketball+stats,200,1.6864512417768123,2025-2026
201,Jaylen Martin,jaylenmartin,2025-2026,G League,TOT,pasted_stats_table,1.6861792504073876,1.0,0.5673836682962159,0.0,0.5,common CBA source league/pathway; strong scoring per 36; efficient scoring profile,26,20.192307692307693,19.1,0.4493333333333333,0.6597126277977343,0.583,0.25,0.651,,,22.0,,,https://www.youtube.com/results?search_query=Jaylen+Martin+G+League+basketball+highlights,https://www.google.com/search?tbm=vid&q=Jaylen+Martin+G+League+basketball+highlights,Jaylen Martin G League basketball highlights,,https://www.google.com/search?q=site%3Abasketball-reference.com+%22Jaylen+Martin%22+basketball,https://www.google.com/search?q=%22Jaylen+Martin%22+%22G+League%22+official+basketball+stats,201,1.6861792504073876,2025-2026
202,Kobe Johnson,kobejohnson,2025-2026,G League,CPS,pasted_stats_table,1.6828329636670893,1.0,0.6341096324461344,0.0,0.5,common CBA source league/pathway; strong scoring per 36; efficient scoring profile,27,31.11111111111111,18.1,0.4492222222222222,0.6296966323406624,0.491,0.378,0.871,,,23.0,,,https://www.youtube.com/results?search_query=Kobe+Johnson+G+League+basketball+highlights,https://www.google.com/search?tbm=vid&q=Kobe+Johnson+G+League+basketball+highlights,Kobe Johnson G League basketball highlights,,https://www.google.com/search?q=site%3Abasketball-reference.com+%22Kobe+Johnson%22+basketball,https://www.google.com/search?q=%22Kobe+Johnson%22+%22G+League%22+official+basketball+stats,202,1.6828329636670893,2025-2026
203,Boo Buie,boobuie,2025-2026,G League,MXC,pasted_stats_table,1.6825394713018287,1.0,0.6061578852073148,0.0,0.5,common CBA source league/pathway; strong scoring per 36; high usage proxy,30,33.1,18.0,0.484,0.5723734418722971,0.424,0.385,0.746,,,,,,https://www.youtube.com/results?search_query=Boo+Buie+G+League+basketball+highlights,https://www.google.com/search?tbm=vid&q=Boo+Buie+G+League+basketball+highlights,Boo Buie G League basketball highlights,,https://www.google.com/search?q=site%3Abasketball-reference.com+%22Boo+Buie%22+basketball,https://www.google.com/search?q=%22Boo+Buie%22+%22G+League%22+official+basketball+stats,203,1.6825394713018287,2025-2026
204,William Baker,williambaker,2025-2026,G League,OSC,pasted_stats_table,1.6804057577403586,1.0,0.5802896976281007,0.0,0.5,common CBA source league/pathway; strong scoring per 36; efficient scoring profile,35,20.0,18.9,0.4293333333333333,0.7238051470588234,0.635,0.351,0.717,,,25.0,,,https://www.youtube.com/results?search_query=William+Baker+G+League+basketball+highlights,https://www.google.com/search?tbm=vid&q=William+Baker+G+League+basketball+highlights,William Baker G League basketball highlights,,https://www.google.com/search?q=site%3Abasketball-reference.com+%22William+Baker%22+basketball,https://www.google.com/search?q=%22William+Baker%22+%22G+League%22+official+basketball+stats,204,1.6804057577403586,2025-2026
205,Keshad Johnson,keshadjohnson,2025-2026,G League,SXF,pasted_stats_table,1.6789692573480595,1.0,0.679321473836683,0.0,0.5,common CBA source league/pathway; efficient scoring profile,8,35.25,17.7,0.4205555555555555,0.6634182908545727,0.525,0.49,0.625,,,,,,https://www.youtube.com/results?search_query=Keshad+Johnson+G+League+basketball+highlights,https://www.google.com/search?tbm=vid&q=Keshad+Johnson+G+League+basketball+highlights,Keshad Johnson G League basketball highlights,,https://www.google.com/search?q=site%3Abasketball-reference.com+%22Keshad+Johnson%22+basketball,https://www.google.com/search?q=%22Keshad+Johnson%22+%22G+League%22+official+basketball+stats,205,1.6789692573480595,2025-2026
206,Justin Harmon,justinharmon,2025-2026,G League,SLC,pasted_stats_table,1.6751804122155833,1.0,0.5582772044178889,0.0,0.5,common CBA source league/pathway; strong scoring per 36; high usage proxy; efficient scoring profile,35,23.37142857142857,18.5,0.4624444444444444,0.6188118811881189,0.475,0.411,0.872,,,,,,https://www.youtube.com/results?search_query=Justin+Harmon+G+League+basketball+highlights,https://www.google.com/search?tbm=vid&q=Justin+Harmon+G+League+basketball+highlights,Justin Harmon G League basketball highlights,,https://www.google.com/search?q=site%3Abasketball-reference.com+%22Justin+Harmon%22+basketball,https://www.google.com/search?q=%22Justin+Harmon%22+%22G+League%22+official+basketball+stats,206,1.6751804122155833,2025-2026
207,Kendall Brown,kendallbrown,2025-2026,G League,MNE,pasted_stats_table,1.6746662894562134,1.0,0.6372207133804092,0.0,0.5,common CBA source league/pathway; efficient scoring profile,29,31.75862068965517,17.8,0.4374444444444444,0.6426920854997112,0.545,0.324,0.721,,,,,,https://www.youtube.com/results?search_query=Kendall+Brown+G+League+basketball+highlights,https://www.google.com/search?tbm=vid&q=Kendall+Brown+G+League+basketball+highlights,Kendall Brown G League basketball highlights,,https://www.google.com/search?q=site%3Abasketball-reference.com+%22Kendall+Brown%22+basketball,https://www.google.com/search?q=%22Kendall+Brown%22+%22G+League%22+official+basketball+stats,207,1.6746662894562134,2025-2026
208,P.J. Hayes IV,pjhayes,2025-2026,G League,TOT,pasted_stats_table,1.6729622623574145,1.0,0.4075823827629911,0.0,0.444,common CBA source league/pathway; strong scoring per 36; high usage proxy; data warning: low_performance_stat_coverage,2,6.0,18.0,0.6666666666666666,0.375,0.25,0.286,,,,,,,https://www.youtube.com/results?search_query=P.J.+Hayes+IV+G+League+basketball+highlights,https://www.google.com/search?tbm=vid&q=P.J.+Hayes+IV+G+League+basketball+highlights,P.J. Hayes IV G League basketball highlights,low_performance_stat_coverage,https://www.google.com/search?q=site%3Abasketball-reference.com+%22P.J.+Hayes+IV%22+basketball,https://www.google.com/search?q=%22P.J.+Hayes+IV%22+%22G+League%22+official+basketball+stats,208,1.6729622623574145,2025-2026
209,Quincy Olivari,quincyolivari,2025-2026,G League,MCC,pasted_stats_table,1.6718412094875976,1.0,0.552031504617056,0.0,0.5,common CBA source league/pathway; high usage proxy; efficient scoring profile,19,24.36842105263158,17.8,0.5113333333333334,0.5969949020660049,0.422,0.344,0.756,,,,,,https://www.youtube.com/results?search_query=Quincy+Olivari+G+League+basketball+highlights,https://www.google.com/search?tbm=vid&q=Quincy+Olivari+G+League+basketball+highlights,Quincy Olivari G League basketball highlights,,https://www.google.com/search?q=site%3Abasketball-reference.com+%22Quincy+Olivari%22+basketball,https://www.google.com/search?q=%22Quincy+Olivari%22+%22G+League%22+official+basketball+stats,209,1.6718412094875976,2025-2026
210,Harrison Ingram,harrisoningram,2025-2026,G League,AUS,pasted_stats_table,1.6716476326271954,1.0,0.6192571971754481,0.0,0.5,common CBA source league/pathway; high usage proxy; efficient scoring profile,32,34.59375,17.4,0.4753333333333334,0.5834227467811158,0.491,0.333,0.639,,,,,,https://www.youtube.com/results?search_query=Harrison+Ingram+G+League+basketball+highlights,https://www.google.com/search?tbm=vid&q=Harrison+Ingram+G+League+basketball+highlights,Harrison Ingram G League basketball highlights,,https://www.google.com/search?q=site%3Abasketball-reference.com+%22Harrison+Ingram%22+basketball,https://www.google.com/search?q=%22Harrison+Ingram%22+%22G+League%22+official+basketball+stats,210,1.6716476326271954,2025-2026
211,Jamal Mashburn Jr.,jamalmashburn,2025-2026,G League,LIN,pasted_stats_table,1.6699030644577222,1.0,0.4309455911642224,0.0,0.5,common CBA source league/pathway; strong scoring per 36; high usage proxy,11,11.545454545454543,19.0,0.5286666666666666,0.5297791657372296,0.424,0.238,0.7,,,24.0,,,https://www.youtube.com/results?search_query=Jamal+Mashburn+Jr.+G+League+basketball+highlights,https://www.google.com/search?tbm=vid&q=Jamal+Mashburn+Jr.+G+League+basketball+highlights,Jamal Mashburn Jr. G League basketball highlights,,https://www.google.com/search?q=site%3Abasketball-reference.com+%22Jamal+Mashburn+Jr.%22+basketball,https://www.google.com/search?q=%22Jamal+Mashburn+Jr.%22+%22G+League%22+official+basketball+stats,211,1.6699030644577222,2025-2026
212,Jayden Nunn,jaydennunn,2025-2026,G League,AUS,pasted_stats_table,1.6698666032953107,1.0,0.5534664131812421,0.0,0.5,common CBA source league/pathway; strong scoring per 36; high usage proxy; efficient scoring profile,33,26.454545454545453,18.1,0.478,0.5990203865501722,0.483,0.352,0.584,,,22.0,,,https://www.youtube.com/results?search_query=Jayden+Nunn+G+League+basketball+highlights,https://www.google.com/search?tbm=vid&q=Jayden+Nunn+G+League+basketball+highlights,Jayden Nunn G League basketball highlights,,https://www.google.com/search?q=site%3Abasketball-reference.com+%22Jayden+Nunn%22+basketball,https://www.google.com/search?q=%22Jayden+Nunn%22+%22G+League%22+official+basketball+stats,212,1.6698666032953107,2025-2026
213,Cam Carter,camcarter,2025-2026,G League,SXF,pasted_stats_table,1.669387644094393,1.0,0.48999502082201696,0.0,0.5,common CBA source league/pathway; strong scoring per 36; high usage proxy; efficient scoring profile,28,14.714285714285714,18.3,0.5235555555555556,0.5923096841015019,0.47,0.414,0.9,,,22.0,,,https://www.youtube.com/results?search_query=Cam+Carter+G+League+basketball+highlights,https://www.google.com/search?tbm=vid&q=Cam+Carter+G+League+basketball+highlights,Cam Carter G League basketball highlights,,https://www.google.com/search?q=site%3Abasketball-reference.com+%22Cam+Carter%22+basketball,https://www.google.com/search?q=%22Cam+Carter%22+%22G+League%22+official+basketball+stats,213,1.669387644094393,2025-2026
214,Taevion Kinsey,taevionkinsey,2025-2026,G League,SCW,pasted_stats_table,1.6677988562979058,1.0,0.644306536302734,0.0,0.5,common CBA source league/pathway; efficient scoring profile,32,34.53125,17.3,0.4428888888888889,0.6203384968445209,0.503,0.344,0.765,,,25.0,,,https://www.youtube.com/results?search_query=Taevion+Kinsey+G+League+basketball+highlights,https://www.google.com/search?tbm=vid&q=Taevion+Kinsey+G+League+basketball+highlights,Taevion Kinsey G League basketball highlights,,https://www.google.com/search?q=site%3Abasketball-reference.com+%22Taevion+Kinsey%22+basketball,https://www.google.com/search?q=%22Taevion+Kinsey%22+%22G+League%22+official+basketball+stats,214,1.6677988562979058,2025-2026
215,David Roddy,davidroddy,2025-2026,G League,TOT,pasted_stats_table,1.6677156285834995,1.0,0.6324180698895527,0.0,0.5,common CBA source league/pathway; high usage proxy; efficient scoring profile,22,32.18181818181818,17.1,0.4704444444444444,0.6179531656548136,0.482,0.384,0.73,,,24.0,,,https://www.youtube.com/results?search_query=David+Roddy+G+League+basketball+highlights,https://www.google.com/search?tbm=vid&q=David+Roddy+G+League+basketball+highlights,David Roddy G League basketball highlights,,https://www.google.com/search?q=site%3Abasketball-reference.com+%22David+Roddy%22+basketball,https://www.google.com/search?q=%22David+Roddy%22+%22G+League%22+official+basketball+stats,215,1.6677156285834995,2025-2026
216,Yanic Konan Niederhäuser,yanickonanniederhauser,2025-2026,G League,SDC,pasted_stats_table,1.6670896387832697,1.0,0.6317585551330799,0.0,0.444,common CBA source league/pathway; strong scoring per 36; efficient scoring profile; data warning: low_performance_stat_coverage,1,32.0,18.0,0.419,0.6435926773455377,0.667,,0.0,,,22.0,,,https://www.youtube.com/results?search_query=Yanic+Konan+Niederh%C3%A4user+G+League+basketball+highlights,https://www.google.com/search?tbm=vid&q=Yanic+Konan+Niederh%C3%A4user+G+League+basketball+highlights,Yanic Konan Niederhäuser G League basketball highlights,low_performance_stat_coverage,https://www.google.com/search?q=site%3Abasketball-reference.com+%22Yanic+Konan+Niederh%C3%A4user%22+basketball,https://www.google.com/search?q=%22Yanic+Konan+Niederh%C3%A4user%22+%22G+League%22+official+basketball+stats,216,1.6670896387832697,2025-2026
217,Tyson Etienne,tysonetienne,2025-2026,G League,LIN,pasted_stats_table,1.666643060836502,1.0,0.6112389100126743,0.0,0.5,common CBA source league/pathway; high usage proxy; efficient scoring profile,26,31.96153846153846,17.5,0.4553333333333333,0.6079766536964981,0.409,0.386,0.854,,,,,,https://www.youtube.com/results?search_query=Tyson+Etienne+G+League+basketball+highlights,https://www.google.com/search?tbm=vid&q=Tyson+Etienne+G+League+basketball+highlights,Tyson Etienne G League basketball highlights,,https://www.google.com/search?q=site%3Abasketball-reference.com+%22Tyson+Etienne%22+basketball,https://www.google.com/search?q=%22Tyson+Etienne%22+%22G+League%22+official+basketball+stats,217,1.666643060836502,2025-2026
218,Julian Reese,julianreese,2025-2026,G League,TOT,pasted_stats_table,1.6664873996620195,1.0,0.5747940430925222,0.0,0.444,common CBA source league/pathway; strong scoring per 36; high usage proxy; efficient scoring profile; data warning: low_performance_stat_coverage,27,19.03703703703704,18.2,0.4575555555555556,0.6856540084388185,0.6,,0.63,,,22.0,,,https://www.youtube.com/results?search_query=Julian+Reese+G+League+basketball+highlights,https://www.google.com/search?tbm=vid&q=Julian+Reese+G+League+basketball+highlights,Julian Reese G League basketball highlights,low_performance_stat_coverage,https://www.google.com/search?q=site%3Abasketball-reference.com+%22Julian+Reese%22+basketball,https://www.google.com/search?q=%22Julian+Reese%22+%22G+League%22+official+basketball+stats,218,1.6664873996620195,2025-2026
219,Drake Powell,drakepowell,2025-2026,G League,LIN,pasted_stats_table,1.6663705564608609,1.0,0.5982600036212204,0.0,0.5,common CBA source league/pathway; strong scoring per 36; efficient scoring profile,3,29.666666666666668,18.2,0.4112222222222222,0.6498143387603541,0.515,0.467,0.5,,,20.0,,,https://www.youtube.com/results?search_query=Drake+Powell+G+League+basketball+highlights,https://www.google.com/search?tbm=vid&q=Drake+Powell+G+League+basketball+highlights,Drake Powell G League basketball highlights,,https://www.google.com/search?q=site%3Abasketball-reference.com+%22Drake+Powell%22+basketball,https://www.google.com/search?q=%22Drake+Powell%22+%22G+League%22+official+basketball+stats,219,1.6663705564608609,2025-2026
220,Dawson Garcia,dawsongarcia,2025-2026,G League,MCC,pasted_stats_table,1.66612984338222,1.0,0.5235193735288792,0.0,0.5,common CBA source league/pathway; strong scoring per 36; efficient scoring profile,7,13.142857142857142,19.6,0.373,0.8285424416638485,0.724,0.667,0.667,,,24.0,,,https://www.youtube.com/results?search_query=Dawson+Garcia+G+League+basketball+highlights,https://www.google.com/search?tbm=vid&q=Dawson+Garcia+G+League+basketball+highlights,Dawson Garcia G League basketball highlights,,https://www.google.com/search?q=site%3Abasketball-reference.com+%22Dawson+Garcia%22+basketball,https://www.google.com/search?q=%22Dawson+Garcia%22+%22G+League%22+official+basketball+stats,220,1.66612984338222,2025-2026
221,Chase Jeter,chasejeter,2025-2026,G League,TOT,pasted_stats_table,1.6654973670710362,1.0,0.47243391272858953,0.0,0.5,common CBA source league/pathway; strong scoring per 36; high usage proxy; efficient scoring profile,20,11.95,18.8,0.4855555555555556,0.5994897959183673,0.592,0.333,0.231,,,28.0,,,https://www.youtube.com/results?search_query=Chase+Jeter+G+League+basketball+highlights,https://www.google.com/search?tbm=vid&q=Chase+Jeter+G+League+basketball+highlights,Chase Jeter G League basketball highlights,,https://www.google.com/search?q=site%3Abasketball-reference.com+%22Chase+Jeter%22+basketball,https://www.google.com/search?q=%22Chase+Jeter%22+%22G+League%22+official+basketball+stats,221,1.6654973670710362,2025-2026
222,Jaden Springer,jadenspringer,2025-2026,G League,BIR,pasted_stats_table,1.665330383547589,1.0,0.5930993119681333,0.0,0.5,common CBA source league/pathway; high usage proxy,23,31.956521739130437,17.2,0.4922222222222221,0.5764075067024128,0.458,0.323,0.738,,,23.0,,,https://www.youtube.com/results?search_query=Jaden+Springer+G+League+basketball+highlights,https://www.google.com/search?tbm=vid&q=Jaden+Springer+G+League+basketball+highlights,Jaden Springer G League basketball highlights,,https://www.google.com/search?q=site%3Abasketball-reference.com+%22Jaden+Springer%22+basketball,https://www.google.com/search?q=%22Jaden+Springer%22+%22G+League%22+official+basketball+stats,222,1.665330383547589,2025-2026
223,Max Shulga,maxshulga,2025-2026,G League,MNE,pasted_stats_table,1.665202373408172,1.0,0.6369206047437986,0.0,0.5,common CBA source league/pathway; high usage proxy; efficient scoring profile,26,33.42307692307692,16.9,0.4718888888888888,0.6128517551494053,0.436,0.395,0.738,,,,,,https://www.youtube.com/results?search_query=Max+Shulga+G+League+basketball+highlights,https://www.google.com/search?tbm=vid&q=Max+Shulga+G+League+basketball+highlights,Max Shulga G League basketball highlights,,https://www.google.com/search?q=site%3Abasketball-reference.com+%22Max+Shulga%22+basketball,https://www.google.com/search?q=%22Max+Shulga%22+%22G+League%22+official+basketball+stats,223,1.665202373408172,2025-2026
224,Cameron McGriff,cameronmcgriff,2025-2026,G League,SLC,pasted_stats_table,1.664337905124027,1.0,0.5930182871627738,0.0,0.5,common CBA source league/pathway; efficient scoring profile,17,28.058823529411764,17.8,0.4403333333333333,0.6425064972567138,0.421,0.36,0.795,,,28.0,,,https://www.youtube.com/results?search_query=Cameron+McGriff+G+League+basketball+highlights,https://www.google.com/search?tbm=vid&q=Cameron+McGriff+G+League+basketball+highlights,Cameron McGriff G League basketball highlights,,https://www.google.com/search?q=site%3Abasketball-reference.com+%22Cameron+McGriff%22+basketball,https://www.google.com/search?q=%22Cameron+McGriff%22+%22G+League%22+official+basketball+stats,224,1.664337905124027,2025-2026
225,M.J. Iraldi,mjiraldi,2025-2026,G League,NOB,pasted_stats_table,1.6630684636972661,1.0,0.5586071881223973,0.0,0.5,common CBA source league/pathway; high usage proxy; efficient scoring profile,28,19.392857142857142,17.8,0.4696666666666667,0.668770664262098,0.544,0.286,0.771,,,,,,https://www.youtube.com/results?search_query=M.J.+Iraldi+G+League+basketball+highlights,https://www.google.com/search?tbm=vid&q=M.J.+Iraldi+G+League+basketball+highlights,M.J. Iraldi G League basketball highlights,,https://www.google.com/search?q=site%3Abasketball-reference.com+%22M.J.+Iraldi%22+basketball,https://www.google.com/search?q=%22M.J.+Iraldi%22+%22G+League%22+official+basketball+stats,225,1.6630684636972661,2025-2026
226,Joan Beringer,joanberinger,2025-2026,G League,IWA,pasted_stats_table,1.6619629639688576,1.0,0.62825185587543,0.0,0.444,common CBA source league/pathway; efficient scoring profile; data warning: low_performance_stat_coverage,8,30.625,17.9,0.41,0.6749622926093514,0.64,,0.6,,,19.0,,,https://www.youtube.com/results?search_query=Joan+Beringer+G+League+basketball+highlights,https://www.google.com/search?tbm=vid&q=Joan+Beringer+G+League+basketball+highlights,Joan Beringer G League basketball highlights,low_performance_stat_coverage,https://www.google.com/search?q=site%3Abasketball-reference.com+%22Joan+Beringer%22+basketball,https://www.google.com/search?q=%22Joan+Beringer%22+%22G+League%22+official+basketball+stats,226,1.6619629639688576,2025-2026
227,Jeremiah Robinson-Earl,jeremiahrobinsonearl,2025-2026,G League,TEX,pasted_stats_table,1.6607550772527009,1.0,0.6379091978996922,0.0,0.5,common CBA source league/pathway; efficient scoring profile,29,34.827586206896555,17.3,0.4211111111111111,0.6286337209302326,0.538,0.333,0.857,,,25.0,,,https://www.youtube.com/results?search_query=Jeremiah+Robinson-Earl+G+League+basketball+highlights,https://www.google.com/search?tbm=vid&q=Jeremiah+Robinson-Earl+G+League+basketball+highlights,Jeremiah Robinson-Earl G League basketball highlights,,https://www.google.com/search?q=site%3Abasketball-reference.com+%22Jeremiah+Robinson-Earl%22+basketball,https://www.google.com/search?q=%22Jeremiah+Robinson-Earl%22+%22G+League%22+official+basketball+stats,227,1.6607550772527009,2025-2026
228,Bobi Klintman,bobiklintman,2025-2026,G League,MCC,pasted_stats_table,1.6599040074838554,1.0,0.5787271410465327,0.0,0.5,common CBA source league/pathway; high usage proxy; efficient scoring profile,25,27.4,17.5,0.4608888888888888,0.6253573470554603,0.47,0.388,0.743,,,22.0,,,https://www.youtube.com/results?search_query=Bobi+Klintman+G+League+basketball+highlights,https://www.google.com/search?tbm=vid&q=Bobi+Klintman+G+League+basketball+highlights,Bobi Klintman G League basketball highlights,,https://www.google.com/search?q=site%3Abasketball-reference.com+%22Bobi+Klintman%22+basketball,https://www.google.com/search?q=%22Bobi+Klintman%22+%22G+League%22+official+basketball+stats,228,1.6599040074838554,2025-2026
229,Tevian Jones,tevianjones,2025-2026,G League,SBL,pasted_stats_table,1.657962942845072,1.0,0.4849628824913996,0.0,0.5,common CBA source league/pathway; strong scoring per 36; high usage proxy,24,20.45833333333333,18.2,0.4908888888888889,0.5733366935483871,0.462,0.333,0.667,,,25.0,,,https://www.youtube.com/results?search_query=Tevian+Jones+G+League+basketball+highlights,https://www.google.com/search?tbm=vid&q=Tevian+Jones+G+League+basketball+highlights,Tevian Jones G League basketball highlights,,https://www.google.com/search?q=site%3Abasketball-reference.com+%22Tevian+Jones%22+basketball,https://www.google.com/search?q=%22Tevian+Jones%22+%22G+League%22+official+basketball+stats,229,1.657962942845072,2025-2026
230,Kam Jones,kamjones,2025-2026,G League,NOB,pasted_stats_table,1.6576999064518076,1.0,0.5609107369183415,0.0,0.5,common CBA source league/pathway; high usage proxy,6,31.83333333333333,16.4,0.557888888888889,0.5035617784328174,0.429,0.304,0.667,,,23.0,,,https://www.youtube.com/results?search_query=Kam+Jones+G+League+basketball+highlights,https://www.google.com/search?tbm=vid&q=Kam+Jones+G+League+basketball+highlights,Kam Jones G League basketball highlights,,https://www.google.com/search?q=site%3Abasketball-reference.com+%22Kam+Jones%22+basketball,https://www.google.com/search?q=%22Kam+Jones%22+%22G+League%22+official+basketball+stats,230,1.6576999064518076,2025-2026
231,Caleb Houstan,calebhoustan,2025-2026,G League,CPS,pasted_stats_table,1.6567127844166818,1.0,0.6269622487778381,0.0,0.5,common CBA source league/pathway; efficient scoring profile,25,33.96,17.1,0.4318888888888889,0.6219086412569101,0.391,0.422,0.902,,,23.0,,,https://www.youtube.com/results?search_query=Caleb+Houstan+G+League+basketball+highlights,https://www.google.com/search?tbm=vid&q=Caleb+Houstan+G+League+basketball+highlights,Caleb Houstan G League basketball highlights,,https://www.google.com/search?q=site%3Abasketball-reference.com+%22Caleb+Houstan%22+basketball,https://www.google.com/search?q=%22Caleb+Houstan%22+%22G+League%22+official+basketball+stats,231,1.6567127844166818,2025-2026
232,Markelle Fultz,markellefultz,2025-2026,G League,RAP,pasted_stats_table,1.6526283948940794,1.0,0.48751357957631725,0.0,0.5,common CBA source league/pathway; high usage proxy,7,22.714285714285715,17.4,0.531,0.5365071534287124,0.464,0.333,0.833,,,,,,https://www.youtube.com/results?search_query=Markelle+Fultz+G+League+basketball+highlights,https://www.google.com/search?tbm=vid&q=Markelle+Fultz+G+League+basketball+highlights,Markelle Fultz G League basketball highlights,,https://www.google.com/search?q=site%3Abasketball-reference.com+%22Markelle+Fultz%22+basketball,https://www.google.com/search?q=%22Markelle+Fultz%22+%22G+League%22+official+basketball+stats,232,1.6526283948940794,2025-2026
233,Emanuel Miller,emanuelmiller,2025-2026,G League,TOT,pasted_stats_table,1.6512853370752612,1.0,0.621030237189933,0.0,0.5,common CBA source league/pathway; efficient scoring profile,28,33.785714285714285,17.0,0.4241111111111111,0.6264740566037736,0.521,0.253,0.793,,,,,,https://www.youtube.com/results?search_query=Emanuel+Miller+G+League+basketball+highlights,https://www.google.com/search?tbm=vid&q=Emanuel+Miller+G+League+basketball+highlights,Emanuel Miller G League basketball highlights,,https://www.google.com/search?q=site%3Abasketball-reference.com+%22Emanuel+Miller%22+basketball,https://www.google.com/search?q=%22Emanuel+Miller%22+%22G+League%22+official+basketball+stats,233,1.6512853370752612,2025-2026
234,Kyle Guy,kyleguy,2025-2026,G League,NOB,pasted_stats_table,1.649256601182932,1.0,0.6144708491761723,0.0,0.5,common CBA source league/pathway; high usage proxy,9,41.44444444444444,16.2,0.4865555555555555,0.5697805289814294,0.426,0.346,0.643,,,28.0,,,https://www.youtube.com/results?search_query=Kyle+Guy+G+League+basketball+highlights,https://www.google.com/search?tbm=vid&q=Kyle+Guy+G+League+basketball+highlights,Kyle Guy G League basketball highlights,,https://www.google.com/search?q=site%3Abasketball-reference.com+%22Kyle+Guy%22+basketball,https://www.google.com/search?q=%22Kyle+Guy%22+%22G+League%22+official+basketball+stats,234,1.649256601182932,2025-2026
235,Luke Travers,luketravers,2025-2026,G League,CLC,pasted_stats_table,1.6491243738306478,1.0,0.5390530508781459,0.0,0.5,common CBA source league/pathway; high usage proxy,9,30.22222222222222,16.1,0.5694444444444444,0.5062893081761006,0.429,0.238,0.579,,,,,,https://www.youtube.com/results?search_query=Luke+Travers+G+League+basketball+highlights,https://www.google.com/search?tbm=vid&q=Luke+Travers+G+League+basketball+highlights,Luke Travers G League basketball highlights,,https://www.google.com/search?q=site%3Abasketball-reference.com+%22Luke+Travers%22+basketball,https://www.google.com/search?q=%22Luke+Travers%22+%22G+League%22+official+basketball+stats,235,1.6491243738306478,2025-2026
236,Efe Abogidi,efeabogidi,2025-2026,G League,RGV,pasted_stats_table,1.6456692845072125,1.0,0.5504549158066269,0.0,0.5,common CBA source league/pathway; efficient scoring profile,30,26.066666666666663,17.4,0.4402222222222222,0.6282495667244368,0.504,0.312,0.703,,,,,,https://www.youtube.com/results?search_query=Efe+Abogidi+G+League+basketball+highlights,https://www.google.com/search?tbm=vid&q=Efe+Abogidi+G+League+basketball+highlights,Efe Abogidi G League basketball highlights,,https://www.google.com/search?q=site%3Abasketball-reference.com+%22Efe+Abogidi%22+basketball,https://www.google.com/search?q=%22Efe+Abogidi%22+%22G+League%22+official+basketball+stats,236,1.6456692845072125,2025-2026
237,Vladislav Goldin,vladislavgoldin,2025-2026,G League,SXF,pasted_stats_table,1.6449348859315591,1.0,0.5600728770595691,0.0,0.5,common CBA source league/pathway; efficient scoring profile,24,22.875,17.7,0.4036666666666667,0.6950989632422243,0.608,0.304,0.667,,,,,,https://www.youtube.com/results?search_query=Vladislav+Goldin+G+League+basketball+highlights,https://www.google.com/search?tbm=vid&q=Vladislav+Goldin+G+League+basketball+highlights,Vladislav Goldin G League basketball highlights,,https://www.google.com/search?q=site%3Abasketball-reference.com+%22Vladislav+Goldin%22+basketball,https://www.google.com/search?q=%22Vladislav+Goldin%22+%22G+League%22+official+basketball+stats,237,1.6449348859315591,2025-2026
238,AJ Hoggard,ajhoggard,2025-2026,G League,RAP,pasted_stats_table,1.6449173984549461,1.0,0.49989181604200617,0.0,0.5,common CBA source league/pathway; high usage proxy,34,24.11764705882353,16.8,0.5357777777777778,0.5530682117461153,0.428,0.402,0.645,,,25.0,,,https://www.youtube.com/results?search_query=AJ+Hoggard+G+League+basketball+highlights,https://www.google.com/search?tbm=vid&q=AJ+Hoggard+G+League+basketball+highlights,AJ Hoggard G League basketball highlights,,https://www.google.com/search?q=site%3Abasketball-reference.com+%22AJ+Hoggard%22+basketball,https://www.google.com/search?q=%22AJ+Hoggard%22+%22G+League%22+official+basketball+stats,238,1.6449173984549461,2025-2026
239,Micah Potter,micahpotter,2025-2026,G League,AUS,pasted_stats_table,1.6425449031323558,1.0,0.627846279196089,0.0,0.5,common CBA source league/pathway; efficient scoring profile,1,31.0,17.4,0.3503333333333334,0.8436772692009308,0.75,0.5,0.5,,,27.0,,,https://www.youtube.com/results?search_query=Micah+Potter+G+League+basketball+highlights,https://www.google.com/search?tbm=vid&q=Micah+Potter+G+League+basketball+highlights,Micah Potter G League basketball highlights,,https://www.google.com/search?q=site%3Abasketball-reference.com+%22Micah+Potter%22+basketball,https://www.google.com/search?q=%22Micah+Potter%22+%22G+League%22+official+basketball+stats,239,1.6425449031323558,2025-2026
240,Garrett Denbow,garrettdenbow,2025-2026,G League,TOT,pasted_stats_table,1.6424350292715313,1.0,0.4526290059750136,0.0,0.5,common CBA source league/pathway; high usage proxy,5,17.8,17.8,0.4931111111111111,0.5650076180802438,0.395,0.429,0.5,,,,,,https://www.youtube.com/results?search_query=Garrett+Denbow+G+League+basketball+highlights,https://www.google.com/search?tbm=vid&q=Garrett+Denbow+G+League+basketball+highlights,Garrett Denbow G League basketball highlights,,https://www.google.com/search?q=site%3Abasketball-reference.com+%22Garrett+Denbow%22+basketball,https://www.google.com/search?q=%22Garrett+Denbow%22+%22G+League%22+official+basketball+stats,240,1.6424350292715313,2025-2026
241,Zhuric Phelps,zhuricphelps,2025-2026,G League,TOT,pasted_stats_table,1.6419904113102781,1.0,0.48418386746333514,0.0,0.5,common CBA source league/pathway; high usage proxy,21,23.0,16.8,0.5397777777777777,0.5339435545385203,0.462,0.265,0.595,,,23.0,,,https://www.youtube.com/results?search_query=Zhuric+Phelps+G+League+basketball+highlights,https://www.google.com/search?tbm=vid&q=Zhuric+Phelps+G+League+basketball+highlights,Zhuric Phelps G League basketball highlights,,https://www.google.com/search?q=site%3Abasketball-reference.com+%22Zhuric+Phelps%22+basketball,https://www.google.com/search?q=%22Zhuric+Phelps%22+%22G+League%22+official+basketball+stats,241,1.6419904113102781,2025-2026
242,Kadary Richmond,kadaryrichmond,2025-2026,G League,CCG,pasted_stats_table,1.6419613811937956,1.0,0.542289969219627,0.0,0.5,common CBA source league/pathway; high usage proxy; efficient scoring profile,24,27.666666666666668,16.9,0.4735555555555555,0.5972575629064178,0.502,0.365,0.813,,,24.0,,,https://www.youtube.com/results?search_query=Kadary+Richmond+G+League+basketball+highlights,https://www.google.com/search?tbm=vid&q=Kadary+Richmond+G+League+basketball+highlights,Kadary Richmond G League basketball highlights,,https://www.google.com/search?q=site%3Abasketball-reference.com+%22Kadary+Richmond%22+basketball,https://www.google.com/search?q=%22Kadary+Richmond%22+%22G+League%22+official+basketball+stats,242,1.6419613811937956,2025-2026
243,Oscar Tshiebwe,oscartshiebwe,2025-2026,G League,SLC,pasted_stats_table,1.6407128221377272,1.0,0.5964068441064638,0.0,0.5,common CBA source league/pathway; efficient scoring profile,12,29.0,16.9,0.4144444444444444,0.6749201277955271,0.583,0.0,0.759,,,26.0,,,https://www.youtube.com/results?search_query=Oscar+Tshiebwe+G+League+basketball+highlights,https://www.google.com/search?tbm=vid&q=Oscar+Tshiebwe+G+League+basketball+highlights,Oscar Tshiebwe G League basketball highlights,,https://www.google.com/search?q=site%3Abasketball-reference.com+%22Oscar+Tshiebwe%22+basketball,https://www.google.com/search?q=%22Oscar+Tshiebwe%22+%22G+League%22+official+basketball+stats,243,1.6407128221377272,2025-2026
244,Isaiah Roby,isaiahroby,2025-2026,G League,WES,pasted_stats_table,1.6383917556883336,1.0,0.5277892449755568,0.0,0.5,common CBA source league/pathway; high usage proxy; efficient scoring profile,32,27.1875,17.0,0.4657777777777778,0.5957387160078497,0.447,0.363,0.759,,,27.0,,,https://www.youtube.com/results?search_query=Isaiah+Roby+G+League+basketball+highlights,https://www.google.com/search?tbm=vid&q=Isaiah+Roby+G+League+basketball+highlights,Isaiah Roby G League basketball highlights,,https://www.google.com/search?q=site%3Abasketball-reference.com+%22Isaiah+Roby%22+basketball,https://www.google.com/search?q=%22Isaiah+Roby%22+%22G+League%22+official+basketball+stats,244,1.6383917556883336,2025-2026
245,Kennedy Chandler,kennedychandler,2025-2026,G League,DEL,pasted_stats_table,1.6383089579938441,1.0,0.5702358319753756,0.0,0.5,common CBA source league/pathway; high usage proxy,28,33.92857142857143,16.2,0.487,0.5535811919081465,0.445,0.295,0.658,,,23.0,,,https://www.youtube.com/results?search_query=Kennedy+Chandler+G+League+basketball+highlights,https://www.google.com/search?tbm=vid&q=Kennedy+Chandler+G+League+basketball+highlights,Kennedy Chandler G League basketball highlights,,https://www.google.com/search?q=site%3Abasketball-reference.com+%22Kennedy+Chandler%22+basketball,https://www.google.com/search?q=%22Kennedy+Chandler%22+%22G+League%22+official+basketball+stats,245,1.6383089579938441,2025-2026
246,Marcus Garrett,marcusgarrett,2025-2026,G League,GBO,pasted_stats_table,1.638266914116724,1.0,0.5182898786891182,0.0,0.5,common CBA source league/pathway; high usage proxy; efficient scoring profile,30,25.73333333333333,17.1,0.4667777777777778,0.5977348993288591,0.529,0.279,0.686,,,27.0,,,https://www.youtube.com/results?search_query=Marcus+Garrett+G+League+basketball+highlights,https://www.google.com/search?tbm=vid&q=Marcus+Garrett+G+League+basketball+highlights,Marcus Garrett G League basketball highlights,,https://www.google.com/search?q=site%3Abasketball-reference.com+%22Marcus+Garrett%22+basketball,https://www.google.com/search?q=%22Marcus+Garrett%22+%22G+League%22+official+basketball+stats,246,1.638266914116724,2025-2026
247,Hunter Sallis,huntersallis,2025-2026,G League,TOT,pasted_stats_table,1.6367337045084196,1.0,0.5449348180336773,0.0,0.5,common CBA source league/pathway; efficient scoring profile,30,28.566666666666663,17.0,0.442,0.6066228946617185,0.489,0.347,0.727,,,,,,https://www.youtube.com/results?search_query=Hunter+Sallis+G+League+basketball+highlights,https://www.google.com/search?tbm=vid&q=Hunter+Sallis+G+League+basketball+highlights,Hunter Sallis G League basketball highlights,,https://www.google.com/search?q=site%3Abasketball-reference.com+%22Hunter+Sallis%22+basketball,https://www.google.com/search?q=%22Hunter+Sallis%22+%22G+League%22+official+basketball+stats,247,1.6367337045084196,2025-2026
248,Adam Flagler,adamflagler,2025-2026,G League,AUS,pasted_stats_table,1.6352449755567628,1.0,0.5253132355603839,0.0,0.5,common CBA source league/pathway; high usage proxy,17,31.11764705882353,16.8,0.4716666666666667,0.5497382198952879,0.425,0.34,0.7,,,26.0,,,https://www.youtube.com/results?search_query=Adam+Flagler+G+League+basketball+highlights,https://www.google.com/search?tbm=vid&q=Adam+Flagler+G+League+basketball+highlights,Adam Flagler G League basketball highlights,,https://www.google.com/search?q=site%3Abasketball-reference.com+%22Adam+Flagler%22+basketball,https://www.google.com/search?q=%22Adam+Flagler%22+%22G+League%22+official+basketball+stats,248,1.6352449755567628,2025-2026
249,Nikola Djurisic,nikoladjurisic,2025-2026,G League,CPS,pasted_stats_table,1.6336448186372141,1.0,0.4796903856599674,0.0,0.5,common CBA source league/pathway; high usage proxy,19,21.42105263157895,16.4,0.5428888888888889,0.5524117488547561,0.439,0.205,0.793,,,,,,https://www.youtube.com/results?search_query=Nikola+Djurisic+G+League+basketball+highlights,https://www.google.com/search?tbm=vid&q=Nikola+Djurisic+G+League+basketball+highlights,Nikola Djurisic G League basketball highlights,,https://www.google.com/search?q=site%3Abasketball-reference.com+%22Nikola+Djurisic%22+basketball,https://www.google.com/search?q=%22Nikola+Djurisic%22+%22G+League%22+official+basketball+stats,249,1.6336448186372141,2025-2026
250,Victor Oladipo,victoroladipo,2025-2026,G League,WIS,pasted_stats_table,1.6326215145754122,1.0,0.5131527249683143,0.0,0.5,common CBA source league/pathway; high usage proxy,15,29.933333333333334,16.2,0.5213333333333333,0.5136986301369862,0.389,0.329,0.778,,,33.0,,,https://www.youtube.com/results?search_query=Victor+Oladipo+G+League+basketball+highlights,https://www.google.com/search?tbm=vid&q=Victor+Oladipo+G+League+basketball+highlights,Victor Oladipo G League basketball highlights,,https://www.google.com/search?q=site%3Abasketball-reference.com+%22Victor+Oladipo%22+basketball,https://www.google.com/search?q=%22Victor+Oladipo%22+%22G+League%22+official+basketball+stats,250,1.6326215145754122,2025-2026
251,Tre King,treking,2025-2026,G League,AUS,pasted_stats_table,1.6318178827931682,1.0,0.41982708672822744,0.0,0.5,common CBA source league/pathway; high usage proxy,31,14.774193548387096,17.8,0.4834444444444444,0.563148569982283,0.417,0.385,0.65,,,,,,https://www.youtube.com/results?search_query=Tre+King+G+League+basketball+highlights,https://www.google.com/search?tbm=vid&q=Tre+King+G+League+basketball+highlights,Tre King G League basketball highlights,,https://www.google.com/search?q=site%3Abasketball-reference.com+%22Tre+King%22+basketball,https://www.google.com/search?q=%22Tre+King%22+%22G+League%22+official+basketball+stats,251,1.6318178827931682,2025-2026
252,Jason Preston,jasonpreston,2025-2026,G League,SDC,pasted_stats_table,1.6313749396463275,1.0,0.38905531414086547,0.0,0.5,common CBA source league/pathway; high usage proxy,2,13.5,17.3,0.5524444444444444,0.4349356395816573,0.357,0.167,1.0,,,,,,https://www.youtube.com/results?search_query=Jason+Preston+G+League+basketball+highlights,https://www.google.com/search?tbm=vid&q=Jason+Preston+G+League+basketball+highlights,Jason Preston G League basketball highlights,,https://www.google.com/search?q=site%3Abasketball-reference.com+%22Jason+Preston%22+basketball,https://www.google.com/search?q=%22Jason+Preston%22+%22G+League%22+official+basketball+stats,252,1.6313749396463275,2025-2026
253,Dillon Jones,dillonjones,2025-2026,G League,TOT,pasted_stats_table,1.6301762779890159,1.0,0.5981495564005069,0.0,0.5,common CBA source league/pathway; efficient scoring profile,28,35.17857142857143,16.0,0.4425555555555555,0.6000600060006,0.421,0.373,0.789,,,24.0,,,https://www.youtube.com/results?search_query=Dillon+Jones+G+League+basketball+highlights,https://www.google.com/search?tbm=vid&q=Dillon+Jones+G+League+basketball+highlights,Dillon Jones G League basketball highlights,,https://www.google.com/search?q=site%3Abasketball-reference.com+%22Dillon+Jones%22+basketball,https://www.google.com/search?q=%22Dillon+Jones%22+%22G+League%22+official+basketball+stats,253,1.6301762779890159,2025-2026
254,Dariq Whitehead,dariqwhitehead,2025-2026,G League,OKL,pasted_stats_table,1.6283516280403165,1.0,0.4522954010501539,0.0,0.5,common CBA source league/pathway; high usage proxy,22,23.181818181818183,16.7,0.5251111111111111,0.4939659252247988,0.365,0.271,0.818,,,21.0,,,https://www.youtube.com/results?search_query=Dariq+Whitehead+G+League+basketball+highlights,https://www.google.com/search?tbm=vid&q=Dariq+Whitehead+G+League+basketball+highlights,Dariq Whitehead G League basketball highlights,,https://www.google.com/search?q=site%3Abasketball-reference.com+%22Dariq+Whitehead%22+basketball,https://www.google.com/search?q=%22Dariq+Whitehead%22+%22G+League%22+official+basketball+stats,254,1.6283516280403165,2025-2026
255,Cameron Smith,cameronsmith,2025-2026,G League,SDC,pasted_stats_table,1.6262496605105918,1.0,0.4916653087090349,0.0,0.5,common CBA source league/pathway; efficient scoring profile,6,11.5,17.7,0.3973333333333333,0.7561517429938482,0.571,0.538,0.667,,,,,,https://www.youtube.com/results?search_query=Cameron+Smith+G+League+basketball+highlights,https://www.google.com/search?tbm=vid&q=Cameron+Smith+G+League+basketball+highlights,Cameron Smith G League basketball highlights,,https://www.google.com/search?q=site%3Abasketball-reference.com+%22Cameron+Smith%22+basketball,https://www.google.com/search?q=%22Cameron+Smith%22+%22G+League%22+official+basketball+stats,255,1.6262496605105918,2025-2026
256,Buddy Boeheim,buddyboeheim,2025-2026,G League,OKL,pasted_stats_table,1.6255708401231215,1.0,0.5586166938258192,0.0,0.5,common CBA source league/pathway,15,35.2,16.3,0.4396666666666667,0.564873856390352,0.377,0.37,0.833,,,,,,https://www.youtube.com/results?search_query=Buddy+Boeheim+G+League+basketball+highlights,https://www.google.com/search?tbm=vid&q=Buddy+Boeheim+G+League+basketball+highlights,Buddy Boeheim G League basketball highlights,,https://www.google.com/search?q=site%3Abasketball-reference.com+%22Buddy+Boeheim%22+basketball,https://www.google.com/search?q=%22Buddy+Boeheim%22+%22G+League%22+official+basketball+stats,256,1.6255708401231215,2025-2026
257,Omar El-Sheikh,omarelsheikh,2025-2026,G League,TOT,pasted_stats_table,1.6252560202788338,1.0,0.4556907477820025,0.0,0.5,common CBA source league/pathway; efficient scoring profile,14,10.214285714285714,17.9,0.4133333333333333,0.6590574374079529,0.543,0.333,0.667,,,,,,https://www.youtube.com/results?search_query=Omar+El-Sheikh+G+League+basketball+highlights,https://www.google.com/search?tbm=vid&q=Omar+El-Sheikh+G+League+basketball+highlights,Omar El-Sheikh G League basketball highlights,,https://www.google.com/search?q=site%3Abasketball-reference.com+%22Omar+El-Sheikh%22+basketball,https://www.google.com/search?q=%22Omar+El-Sheikh%22+%22G+League%22+official+basketball+stats,257,1.6252560202788338,2025-2026
258,Jonathan Mogbo,jonathanmogbo,2025-2026,G League,RAP,pasted_stats_table,1.6250953512583741,1.0,0.549048071700163,0.0,0.5,common CBA source league/pathway; efficient scoring profile,14,27.142857142857142,16.5,0.4313333333333333,0.6381497524752475,0.603,0.3,0.538,,,24.0,,,https://www.youtube.com/results?search_query=Jonathan+Mogbo+G+League+basketball+highlights,https://www.google.com/search?tbm=vid&q=Jonathan+Mogbo+G+League+basketball+highlights,Jonathan Mogbo G League basketball highlights,,https://www.google.com/search?q=site%3Abasketball-reference.com+%22Jonathan+Mogbo%22+basketball,https://www.google.com/search?q=%22Jonathan+Mogbo%22+%22G+League%22+official+basketball+stats,258,1.6250953512583741,2025-2026
259,Koby Brea,kobybrea,2025-2026,G League,VAL,pasted_stats_table,1.6235837633532502,1.0,0.5293350534130001,0.0,0.5,common CBA source league/pathway; high usage proxy,25,33.4,16.2,0.469,0.5334562697576396,0.384,0.365,0.8,,,23.0,,,https://www.youtube.com/results?search_query=Koby+Brea+G+League+basketball+highlights,https://www.google.com/search?tbm=vid&q=Koby+Brea+G+League+basketball+highlights,Koby Brea G League basketball highlights,,https://www.google.com/search?q=site%3Abasketball-reference.com+%22Koby+Brea%22+basketball,https://www.google.com/search?q=%22Koby+Brea%22+%22G+League%22+official+basketball+stats,259,1.6235837633532502,2025-2026
260,Jaylin Williams,jaylinwilliams,2025-2026,G League,STO,pasted_stats_table,1.622931641921661,1.0,0.5561710121310881,0.0,0.5,common CBA source league/pathway; efficient scoring profile,32,29.6875,16.6,0.4075555555555555,0.6349449204406366,0.495,0.358,0.829,,,,,,https://www.youtube.com/results?search_query=Jaylin+Williams+G+League+basketball+highlights,https://www.google.com/search?tbm=vid&q=Jaylin+Williams+G+League+basketball+highlights,Jaylin Williams G League basketball highlights,,https://www.google.com/search?q=site%3Abasketball-reference.com+%22Jaylin+Williams%22+basketball,https://www.google.com/search?q=%22Jaylin+Williams%22+%22G+League%22+official+basketball+stats,260,1.622931641921661,2025-2026
261,Sy Chatman,sychatman,2025-2026,G League,CLC,pasted_stats_table,1.6226852933188487,1.0,0.5054078399420605,0.0,0.5,common CBA source league/pathway; efficient scoring profile,15,18.133333333333333,17.3,0.4013333333333333,0.6893528849218999,0.618,0.28,0.692,,,,,,https://www.youtube.com/results?search_query=Sy+Chatman+G+League+basketball+highlights,https://www.google.com/search?tbm=vid&q=Sy+Chatman+G+League+basketball+highlights,Sy Chatman G League basketball highlights,,https://www.google.com/search?q=site%3Abasketball-reference.com+%22Sy+Chatman%22+basketball,https://www.google.com/search?q=%22Sy+Chatman%22+%22G+League%22+official+basketball+stats,261,1.6226852933188487,2025-2026
262,Jaxson Robinson,jaxsonrobinson,2025-2026,G League,CLC,pasted_stats_table,1.6219578052386987,1.0,0.46194233206590624,0.0,0.5,common CBA source league/pathway; efficient scoring profile,33,20.96969696969697,17.2,0.4498888888888889,0.5851932498639084,0.422,0.371,0.833,,,23.0,,,https://www.youtube.com/results?search_query=Jaxson+Robinson+G+League+basketball+highlights,https://www.google.com/search?tbm=vid&q=Jaxson+Robinson+G+League+basketball+highlights,Jaxson Robinson G League basketball highlights,,https://www.google.com/search?q=site%3Abasketball-reference.com+%22Jaxson+Robinson%22+basketball,https://www.google.com/search?q=%22Jaxson+Robinson%22+%22G+League%22+official+basketball+stats,262,1.6219578052386987,2025-2026
263,John Poulakidas,johnpoulakidas,2025-2026,G League,TOT,pasted_stats_table,1.6219156632868612,1.0,0.5804404309252218,0.0,0.5,common CBA source league/pathway; efficient scoring profile,31,31.35483870967742,16.6,0.3792222222222222,0.6508782936010038,0.464,0.461,0.636,,,22.0,,,https://www.youtube.com/results?search_query=John+Poulakidas+G+League+basketball+highlights,https://www.google.com/search?tbm=vid&q=John+Poulakidas+G+League+basketball+highlights,John Poulakidas G League basketball highlights,,https://www.google.com/search?q=site%3Abasketball-reference.com+%22John+Poulakidas%22+basketball,https://www.google.com/search?q=%22John+Poulakidas%22+%22G+League%22+official+basketball+stats,263,1.6219156632868612,2025-2026
264,Kaden Anderson,kadenanderson,2025-2026,G League,WIS,pasted_stats_table,1.617733553624238,1.0,0.473823103385841,0.0,0.5,common CBA source league/pathway; efficient scoring profile,7,11.428571428571429,17.6,0.3891111111111111,0.7208387942332897,0.542,0.4,0.857,,,26.0,,,https://www.youtube.com/results?search_query=Kaden+Anderson+G+League+basketball+highlights,https://www.google.com/search?tbm=vid&q=Kaden+Anderson+G+League+basketball+highlights,Kaden Anderson G League basketball highlights,,https://www.google.com/search?q=site%3Abasketball-reference.com+%22Kaden+Anderson%22+basketball,https://www.google.com/search?q=%22Kaden+Anderson%22+%22G+League%22+official+basketball+stats,264,1.617733553624238,2025-2026
265,Javon Freeman-Liberty,javonfreemanliberty,2025-2026,G League,LIN,pasted_stats_table,1.6176820493089505,1.0,0.5231726416802462,0.0,0.5,common CBA source league/pathway,6,33.166666666666664,16.3,0.4435555555555555,0.5481571159537262,0.416,0.289,0.75,,,,,,https://www.youtube.com/results?search_query=Javon+Freeman-Liberty+G+League+basketball+highlights,https://www.google.com/search?tbm=vid&q=Javon+Freeman-Liberty+G+League+basketball+highlights,Javon Freeman-Liberty G League basketball highlights,,https://www.google.com/search?q=site%3Abasketball-reference.com+%22Javon+Freeman-Liberty%22+basketball,https://www.google.com/search?q=%22Javon+Freeman-Liberty%22+%22G+League%22+official+basketball+stats,265,1.6176820493089505,2025-2026
266,Jay Scrubb,jayscrubb,2025-2026,G League,LIN,pasted_stats_table,1.6162672007966685,1.0,0.3984021365200073,0.0,0.5,common CBA source league/pathway; high usage proxy,4,12.25,16.9,0.5146666666666666,0.5406961863322242,0.368,0.167,0.8,,,25.0,,,https://www.youtube.com/results?search_query=Jay+Scrubb+G+League+basketball+highlights,https://www.google.com/search?tbm=vid&q=Jay+Scrubb+G+League+basketball+highlights,Jay Scrubb G League basketball highlights,,https://www.google.com/search?q=site%3Abasketball-reference.com+%22Jay+Scrubb%22+basketball,https://www.google.com/search?q=%22Jay+Scrubb%22+%22G+League%22+official+basketball+stats,266,1.6162672007966685,2025-2026
267,Drew Peterson,drewpeterson,2025-2026,G League,TOT,pasted_stats_table,1.6162071036272556,1.0,0.5596061922868006,0.0,0.5,common CBA source league/pathway; efficient scoring profile,28,33.67857142857143,15.7,0.4492222222222222,0.5826900237529691,0.46,0.319,0.771,,,26.0,,,https://www.youtube.com/results?search_query=Drew+Peterson+G+League+basketball+highlights,https://www.google.com/search?tbm=vid&q=Drew+Peterson+G+League+basketball+highlights,Drew Peterson G League basketball highlights,,https://www.google.com/search?q=site%3Abasketball-reference.com+%22Drew+Peterson%22+basketball,https://www.google.com/search?q=%22Drew+Peterson%22+%22G+League%22+official+basketball+stats,267,1.6162071036272556,2025-2026
268,DaJuan Gordon,dajuangordon,2025-2026,G League,NOB,pasted_stats_table,1.6144922747299175,1.0,0.5174135433641137,0.0,0.5,common CBA source league/pathway; efficient scoring profile,23,25.73913043478261,16.4,0.4285555555555556,0.6246191346739792,0.519,0.461,0.6,,,,,,https://www.youtube.com/results?search_query=DaJuan+Gordon+G+League+basketball+highlights,https://www.google.com/search?tbm=vid&q=DaJuan+Gordon+G+League+basketball+highlights,DaJuan Gordon G League basketball highlights,,https://www.google.com/search?q=site%3Abasketball-reference.com+%22DaJuan+Gordon%22+basketball,https://www.google.com/search?q=%22DaJuan+Gordon%22+%22G+League%22+official+basketball+stats,268,1.6144922747299175,2025-2026
269,Jahmai Mashack,jahmaimashack,2025-2026,G League,MHU,pasted_stats_table,1.6138318244915204,1.0,0.48721618685497015,0.0,0.5,common CBA source league/pathway; high usage proxy,9,29.88888888888889,15.4,0.5361111111111111,0.4753086419753087,0.434,0.28,0.368,,,23.0,,,https://www.youtube.com/results?search_query=Jahmai+Mashack+G+League+basketball+highlights,https://www.google.com/search?tbm=vid&q=Jahmai+Mashack+G+League+basketball+highlights,Jahmai Mashack G League basketball highlights,,https://www.google.com/search?q=site%3Abasketball-reference.com+%22Jahmai+Mashack%22+basketball,https://www.google.com/search?q=%22Jahmai+Mashack%22+%22G+League%22+official+basketball+stats,269,1.6138318244915204,2025-2026
270,Christian Shumate,christianshumate,2025-2026,G League,BIR,pasted_stats_table,1.6120488562979058,1.0,0.5059732029694007,0.0,0.5,common CBA source league/pathway; efficient scoring profile,26,26.884615384615383,16.5,0.4222222222222222,0.6111111111111112,0.542,0.333,0.449,,,23.0,,,https://www.youtube.com/results?search_query=Christian+Shumate+G+League+basketball+highlights,https://www.google.com/search?tbm=vid&q=Christian+Shumate+G+League+basketball+highlights,Christian Shumate G League basketball highlights,,https://www.google.com/search?q=site%3Abasketball-reference.com+%22Christian+Shumate%22+basketball,https://www.google.com/search?q=%22Christian+Shumate%22+%22G+League%22+official+basketball+stats,270,1.6120488562979058,2025-2026
271,Fousseyni Drame,fousseynidrame,2025-2026,G League,WCB,pasted_stats_table,1.6117182313356269,1.0,0.3624284808980627,0.0,0.5,common CBA source league/pathway; high usage proxy,1,9.0,16.0,0.6044444444444445,0.3676470588235294,0.2,0.0,1.0,,,25.0,,,https://www.youtube.com/results?search_query=Fousseyni+Drame+G+League+basketball+highlights,https://www.google.com/search?tbm=vid&q=Fousseyni+Drame+G+League+basketball+highlights,Fousseyni Drame G League basketball highlights,,https://www.google.com/search?q=site%3Abasketball-reference.com+%22Fousseyni+Drame%22+basketball,https://www.google.com/search?q=%22Fousseyni+Drame%22+%22G+League%22+official+basketball+stats,271,1.6117182313356269,2025-2026
272,Eli Pemberton,elipemberton,2025-2026,G League,IWA,pasted_stats_table,1.610109821051361,1.0,0.45032817309433276,0.0,0.5,common CBA source league/pathway; strong scoring per 36; efficient scoring profile,9,4.777777777777778,18.4,0.3181111111111111,0.8636875704093128,0.455,0.5,1.0,,,28.0,,,https://www.youtube.com/results?search_query=Eli+Pemberton+G+League+basketball+highlights,https://www.google.com/search?tbm=vid&q=Eli+Pemberton+G+League+basketball+highlights,Eli Pemberton G League basketball highlights,,https://www.google.com/search?q=site%3Abasketball-reference.com+%22Eli+Pemberton%22+basketball,https://www.google.com/search?q=%22Eli+Pemberton%22+%22G+League%22+official+basketball+stats,272,1.610109821051361,2025-2026
273,Jamir Watkins,jamirwatkins,2025-2026,G League,CCG,pasted_stats_table,1.6100948231637395,1.0,0.48182373709940246,0.0,0.5,common CBA source league/pathway; high usage proxy,4,29.25,16.3,0.4545555555555556,0.5483046286329386,0.409,0.32,0.5,,,,,,https://www.youtube.com/results?search_query=Jamir+Watkins+G+League+basketball+highlights,https://www.google.com/search?tbm=vid&q=Jamir+Watkins+G+League+basketball+highlights,Jamir Watkins G League basketball highlights,,https://www.google.com/search?q=site%3Abasketball-reference.com+%22Jamir+Watkins%22+basketball,https://www.google.com/search?q=%22Jamir+Watkins%22+%22G+League%22+official+basketball+stats,273,1.6100948231637395,2025-2026
274,Giorgi Bezhanishvili,giorgibezhanishvili,2025-2026,G League,WCB,pasted_stats_table,1.6080777807954616,1.0,0.5664222342929567,0.0,0.5,common CBA source league/pathway; efficient scoring profile,36,31.22222222222222,15.9,0.3938888888888889,0.6527093596059113,0.548,0.44,0.645,,,27.0,,,https://www.youtube.com/results?search_query=Giorgi+Bezhanishvili+G+League+basketball+highlights,https://www.google.com/search?tbm=vid&q=Giorgi+Bezhanishvili+G+League+basketball+highlights,Giorgi Bezhanishvili G League basketball highlights,,https://www.google.com/search?q=site%3Abasketball-reference.com+%22Giorgi+Bezhanishvili%22+basketball,https://www.google.com/search?q=%22Giorgi+Bezhanishvili%22+%22G+League%22+official+basketball+stats,274,1.6080777807954616,2025-2026
275,Hason Ward,hasonward,2025-2026,G League,MNE,pasted_stats_table,1.606355641559539,1.0,0.4972003440159334,0.0,0.5,common CBA source league/pathway; efficient scoring profile,33,22.727272727272727,16.0,0.4482222222222222,0.6184291898577613,0.569,0.105,0.6,,,,,,https://www.youtube.com/results?search_query=Hason+Ward+G+League+basketball+highlights,https://www.google.com/search?tbm=vid&q=Hason+Ward+G+League+basketball+highlights,Hason Ward G League basketball highlights,,https://www.google.com/search?q=site%3Abasketball-reference.com+%22Hason+Ward%22+basketball,https://www.google.com/search?q=%22Hason+Ward%22+%22G+League%22+official+basketball+stats,275,1.606355641559539,2025-2026
276,Jon Elmore,jonelmore,2025-2026,G League,STO,pasted_stats_table,1.6056482135312935,1.0,0.5163706319029513,0.0,0.5,common CBA source league/pathway; efficient scoring profile,36,31.02777777777778,16.0,0.4262222222222223,0.5906674542232723,0.403,0.376,0.738,,,,,,https://www.youtube.com/results?search_query=Jon+Elmore+G+League+basketball+highlights,https://www.google.com/search?tbm=vid&q=Jon+Elmore+G+League+basketball+highlights,Jon Elmore G League basketball highlights,,https://www.google.com/search?q=site%3Abasketball-reference.com+%22Jon+Elmore%22+basketball,https://www.google.com/search?q=%22Jon+Elmore%22+%22G+League%22+official+basketball+stats,276,1.6056482135312935,2025-2026
277,Kira Lewis Jr.,kiralewis,2025-2026,G League,WIS,pasted_stats_table,1.6055639522602452,1.0,0.4723669201520913,0.0,0.5,common CBA source league/pathway; high usage proxy,27,26.444444444444443,16.2,0.4538888888888889,0.5728429985855729,0.461,0.326,0.9,,,24.0,,,https://www.youtube.com/results?search_query=Kira+Lewis+Jr.+G+League+basketball+highlights,https://www.google.com/search?tbm=vid&q=Kira+Lewis+Jr.+G+League+basketball+highlights,Kira Lewis Jr. G League basketball highlights,,https://www.google.com/search?q=site%3Abasketball-reference.com+%22Kira+Lewis+Jr.%22+basketball,https://www.google.com/search?q=%22Kira+Lewis+Jr.%22+%22G+League%22+official+basketball+stats,277,1.6055639522602452,2025-2026
278,Nolan Traoré,nolantraore,2025-2026,G League,LIN,pasted_stats_table,1.6043274262176355,1.0,0.6109763715372081,0.0,0.5,common CBA source league/pathway; efficient scoring profile,1,31.0,15.1,0.3983333333333333,0.8840749414519907,0.667,0.5,1.0,,,19.0,,,https://www.youtube.com/results?search_query=Nolan+Traor%C3%A9+G+League+basketball+highlights,https://www.google.com/search?tbm=vid&q=Nolan+Traor%C3%A9+G+League+basketball+highlights,Nolan Traoré G League basketball highlights,,https://www.google.com/search?q=site%3Abasketball-reference.com+%22Nolan+Traor%C3%A9%22+basketball,https://www.google.com/search?q=%22Nolan+Traor%C3%A9%22+%22G+League%22+official+basketball+stats,278,1.6043274262176355,2025-2026
279,Quincy Guerrier,quincyguerrier,2025-2026,G League,RAP,pasted_stats_table,1.602449959261271,1.0,0.46246650371175085,0.0,0.5,common CBA source league/pathway; efficient scoring profile,20,21.65,16.5,0.4273333333333333,0.6028938906752412,0.473,0.308,0.628,,,,,,https://www.youtube.com/results?search_query=Quincy+Guerrier+G+League+basketball+highlights,https://www.google.com/search?tbm=vid&q=Quincy+Guerrier+G+League+basketball+highlights,Quincy Guerrier G League basketball highlights,,https://www.google.com/search?q=site%3Abasketball-reference.com+%22Quincy+Guerrier%22+basketball,https://www.google.com/search?q=%22Quincy+Guerrier%22+%22G+League%22+official+basketball+stats,279,1.602449959261271,2025-2026
280,Viktor Lakhin,viktorlakhin,2025-2026,G League,OKL,pasted_stats_table,1.6016166334721469,1.0,0.42935542277747596,0.0,0.5,common CBA source league/pathway; high usage proxy,19,18.894736842105264,16.2,0.4811111111111111,0.5736543909348442,0.445,0.222,0.7,,,24.0,,,https://www.youtube.com/results?search_query=Viktor+Lakhin+G+League+basketball+highlights,https://www.google.com/search?tbm=vid&q=Viktor+Lakhin+G+League+basketball+highlights,Viktor Lakhin G League basketball highlights,,https://www.google.com/search?q=site%3Abasketball-reference.com+%22Viktor+Lakhin%22+basketball,https://www.google.com/search?q=%22Viktor+Lakhin%22+%22G+League%22+official+basketball+stats,280,1.6016166334721469,2025-2026
281,Ja'Vier Francis,javierfrancis,2025-2026,G League,SCW,pasted_stats_table,1.601181068561772,1.0,0.46594649646931013,0.0,0.5,common CBA source league/pathway; efficient scoring profile,33,14.212121212121213,16.7,0.4027777777777778,0.6788617886178863,0.651,0.0,0.545,,,22.0,,,https://www.youtube.com/results?search_query=Ja%27Vier+Francis+G+League+basketball+highlights,https://www.google.com/search?tbm=vid&q=Ja%27Vier+Francis+G+League+basketball+highlights,Ja'Vier Francis G League basketball highlights,,https://www.google.com/search?q=site%3Abasketball-reference.com+%22Ja%27Vier+Francis%22+basketball,https://www.google.com/search?q=%22Ja%27Vier+Francis%22+%22G+League%22+official+basketball+stats,281,1.601181068561772,2025-2026
282,Terrell Brown Jr.,terrellbrown,2025-2026,G League,GBO,pasted_stats_table,1.6003290331341664,1.0,0.4416494658699982,0.0,0.5,common CBA source league/pathway; high usage proxy,36,25.27777777777778,16.0,0.4796666666666667,0.5380683346785041,0.401,0.309,0.786,,,,,,https://www.youtube.com/results?search_query=Terrell+Brown+Jr.+G+League+basketball+highlights,https://www.google.com/search?tbm=vid&q=Terrell+Brown+Jr.+G+League+basketball+highlights,Terrell Brown Jr. G League basketball highlights,,https://www.google.com/search?q=site%3Abasketball-reference.com+%22Terrell+Brown+Jr.%22+basketball,https://www.google.com/search?q=%22Terrell+Brown+Jr.%22+%22G+League%22+official+basketball+stats,282,1.6003290331341664,2025-2026
283,Noah Penda,noahpenda,2025-2026,G League,OSC,pasted_stats_table,1.5996811289154447,1.0,0.492724515661778,0.0,0.5,common CBA source league/pathway; high usage proxy,1,31.0,15.1,0.498,0.5232880510119212,0.333,0.5,1.0,,,21.0,,,https://www.youtube.com/results?search_query=Noah+Penda+G+League+basketball+highlights,https://www.google.com/search?tbm=vid&q=Noah+Penda+G+League+basketball+highlights,Noah Penda G League basketball highlights,,https://www.google.com/search?q=site%3Abasketball-reference.com+%22Noah+Penda%22+basketball,https://www.google.com/search?q=%22Noah+Penda%22+%22G+League%22+official+basketball+stats,283,1.5996811289154447,2025-2026
284,Jalen Bridges,jalenbridges,2025-2026,G League,MNE,pasted_stats_table,1.5992268996318426,1.0,0.5277964874162593,0.0,0.5,common CBA source league/pathway; efficient scoring profile,36,33.388888888888886,15.9,0.3971111111111111,0.5979241877256317,0.433,0.39,0.867,,,,,,https://www.youtube.com/results?search_query=Jalen+Bridges+G+League+basketball+highlights,https://www.google.com/search?tbm=vid&q=Jalen+Bridges+G+League+basketball+highlights,Jalen Bridges G League basketball highlights,,https://www.google.com/search?q=site%3Abasketball-reference.com+%22Jalen+Bridges%22+basketball,https://www.google.com/search?q=%22Jalen+Bridges%22+%22G+League%22+official+basketball+stats,284,1.5992268996318426,2025-2026
285,Cody Martin,codymartin,2025-2026,G League,NOB,pasted_stats_table,1.5987623951354941,1.0,0.47182735831975375,0.0,0.5,common CBA source league/pathway; high usage proxy,15,28.933333333333334,15.5,0.4832222222222222,0.534630242825607,0.476,0.234,0.636,,,30.0,,,https://www.youtube.com/results?search_query=Cody+Martin+G+League+basketball+highlights,https://www.google.com/search?tbm=vid&q=Cody+Martin+G+League+basketball+highlights,Cody Martin G League basketball highlights,,https://www.google.com/search?q=site%3Abasketball-reference.com+%22Cody+Martin%22+basketball,https://www.google.com/search?q=%22Cody+Martin%22+%22G+League%22+official+basketball+stats,285,1.5987623951354941,2025-2026
286,Jarkel Joiner,jarkeljoiner,2025-2026,G League,RAP,pasted_stats_table,1.5987011361578853,1.0,0.44380454463154084,0.0,0.5,common CBA source league/pathway; high usage proxy,35,25.742857142857144,16.2,0.455,0.5517711171662124,0.436,0.354,0.837,,,26.0,,,https://www.youtube.com/results?search_query=Jarkel+Joiner+G+League+basketball+highlights,https://www.google.com/search?tbm=vid&q=Jarkel+Joiner+G+League+basketball+highlights,Jarkel Joiner G League basketball highlights,,https://www.google.com/search?q=site%3Abasketball-reference.com+%22Jarkel+Joiner%22+basketball,https://www.google.com/search?q=%22Jarkel+Joiner%22+%22G+League%22+official+basketball+stats,286,1.5987011361578853,2025-2026
287,Caleb McConnell,calebmcconnell,2025-2026,G League,RGV,pasted_stats_table,1.597169473112439,1.0,0.4760112257830889,0.0,0.5,common CBA source league/pathway; efficient scoring profile,27,24.96296296296296,16.0,0.4326666666666667,0.6025911419102139,0.458,0.273,0.782,,,26.0,,,https://www.youtube.com/results?search_query=Caleb+McConnell+G+League+basketball+highlights,https://www.google.com/search?tbm=vid&q=Caleb+McConnell+G+League+basketball+highlights,Caleb McConnell G League basketball highlights,,https://www.google.com/search?q=site%3Abasketball-reference.com+%22Caleb+McConnell%22+basketball,https://www.google.com/search?q=%22Caleb+McConnell%22+%22G+League%22+official+basketball+stats,287,1.597169473112439,2025-2026
288,Isaiah Stevens,isaiahstevens,2025-2026,G League,STO,pasted_stats_table,1.5945684259762207,1.0,0.5291625927937715,0.0,0.5,common CBA source league/pathway,20,34.05,15.1,0.4411111111111112,0.5728376327769347,0.468,0.266,0.868,,,,,,https://www.youtube.com/results?search_query=Isaiah+Stevens+G+League+basketball+highlights,https://www.google.com/search?tbm=vid&q=Isaiah+Stevens+G+League+basketball+highlights,Isaiah Stevens G League basketball highlights,,https://www.google.com/search?q=site%3Abasketball-reference.com+%22Isaiah+Stevens%22+basketball,https://www.google.com/search?q=%22Isaiah+Stevens%22+%22G+League%22+official+basketball+stats,288,1.5945684259762207,2025-2026
289,Jonas Aidoo,jonasaidoo,2025-2026,G League,GBO,pasted_stats_table,1.594028343593458,1.0,0.42166892992938615,0.0,0.5,common CBA source league/pathway; efficient scoring profile,30,11.466666666666669,16.8,0.4104444444444444,0.6375227686703097,0.561,0.188,0.714,,,23.0,,,https://www.youtube.com/results?search_query=Jonas+Aidoo+G+League+basketball+highlights,https://www.google.com/search?tbm=vid&q=Jonas+Aidoo+G+League+basketball+highlights,Jonas Aidoo G League basketball highlights,,https://www.google.com/search?q=site%3Abasketball-reference.com+%22Jonas+Aidoo%22+basketball,https://www.google.com/search?q=%22Jonas+Aidoo%22+%22G+League%22+official+basketball+stats,289,1.594028343593458,2025-2026
290,Franco Miller Jr.,francomiller,2025-2026,G League,SCW,pasted_stats_table,1.5939241505220594,1.0,0.40880771319934817,0.0,0.5,common CBA source league/pathway; high usage proxy,29,21.103448275862068,15.6,0.5188888888888888,0.494296577946768,0.356,0.287,0.735,,,26.0,,,https://www.youtube.com/results?search_query=Franco+Miller+Jr.+G+League+basketball+highlights,https://www.google.com/search?tbm=vid&q=Franco+Miller+Jr.+G+League+basketball+highlights,Franco Miller Jr. G League basketball highlights,,https://www.google.com/search?q=site%3Abasketball-reference.com+%22Franco+Miller+Jr.%22+basketball,https://www.google.com/search?q=%22Franco+Miller+Jr.%22+%22G+League%22+official+basketball+stats,290,1.5939241505220594,2025-2026
291,Stefan Todorovic,stefantodorovic,2025-2026,G League,TOT,pasted_stats_table,1.5933930306596658,1.0,0.3786832337497737,0.0,0.5,common CBA source league/pathway; high usage proxy,27,15.037037037037036,16.5,0.4748888888888889,0.5465023847376789,0.405,0.208,0.737,,,23.0,,,https://www.youtube.com/results?search_query=Stefan+Todorovic+G+League+basketball+highlights,https://www.google.com/search?tbm=vid&q=Stefan+Todorovic+G+League+basketball+highlights,Stefan Todorovic G League basketball highlights,,https://www.google.com/search?q=site%3Abasketball-reference.com+%22Stefan+Todorovic%22+basketball,https://www.google.com/search?q=%22Stefan+Todorovic%22+%22G+League%22+official+basketball+stats,291,1.5933930306596658,2025-2026
292,Jordan Hall,jordanhall,2025-2026,G League,TOT,pasted_stats_table,1.5922444851831734,1.0,0.4375334962882491,0.0,0.5,common CBA source league/pathway; high usage proxy,27,26.296296296296298,14.6,0.5634444444444445,0.4298162976919453,0.338,0.323,0.714,,,24.0,,,https://www.youtube.com/results?search_query=Jordan+Hall+G+League+basketball+highlights,https://www.google.com/search?tbm=vid&q=Jordan+Hall+G+League+basketball+highlights,Jordan Hall G League basketball highlights,,https://www.google.com/search?q=site%3Abasketball-reference.com+%22Jordan+Hall%22+basketball,https://www.google.com/search?q=%22Jordan+Hall%22+%22G+League%22+official+basketball+stats,292,1.5922444851831734,2025-2026
293,Dre Davis,dredavis,2025-2026,G League,LIN,pasted_stats_table,1.5895161596958176,1.0,0.3993979721166033,0.0,0.5,common CBA source league/pathway; high usage proxy,26,17.5,16.1,0.4706666666666666,0.5651502386969953,0.43,0.242,0.788,,,24.0,,,https://www.youtube.com/results?search_query=Dre+Davis+G+League+basketball+highlights,https://www.google.com/search?tbm=vid&q=Dre+Davis+G+League+basketball+highlights,Dre Davis G League basketball highlights,,https://www.google.com/search?q=site%3Abasketball-reference.com+%22Dre+Davis%22+basketball,https://www.google.com/search?q=%22Dre+Davis%22+%22G+League%22+official+basketball+stats,293,1.5895161596958176,2025-2026
294,Liam Robbins,liamrobbins,2025-2026,G League,RIP,pasted_stats_table,1.5889430185889313,1.0,0.41632762991128014,0.0,0.5,common CBA source league/pathway; efficient scoring profile,22,17.772727272727273,16.2,0.4434444444444445,0.5927985948477751,0.455,0.255,0.588,,,26.0,,,https://www.youtube.com/results?search_query=Liam+Robbins+G+League+basketball+highlights,https://www.google.com/search?tbm=vid&q=Liam+Robbins+G+League+basketball+highlights,Liam Robbins G League basketball highlights,,https://www.google.com/search?q=site%3Abasketball-reference.com+%22Liam+Robbins%22+basketball,https://www.google.com/search?q=%22Liam+Robbins%22+%22G+League%22+official+basketball+stats,294,1.5889430185889313,2025-2026
295,Jahmyl Telfort,jahmyltelfort,2025-2026,G League,SDC,pasted_stats_table,1.5885702290421875,1.0,0.5289475828354155,0.0,0.5,common CBA source league/pathway; efficient scoring profile,36,35.916666666666664,15.3,0.4013333333333333,0.5818375418314573,0.464,0.338,0.738,,,24.0,,,https://www.youtube.com/results?search_query=Jahmyl+Telfort+G+League+basketball+highlights,https://www.google.com/search?tbm=vid&q=Jahmyl+Telfort+G+League+basketball+highlights,Jahmyl Telfort G League basketball highlights,,https://www.google.com/search?q=site%3Abasketball-reference.com+%22Jahmyl+Telfort%22+basketball,https://www.google.com/search?q=%22Jahmyl+Telfort%22+%22G+League%22+official+basketball+stats,295,1.5885702290421875,2025-2026
296,Taelon Peter,taelonpeter,2025-2026,G League,NOB,pasted_stats_table,1.5874460589051844,1.0,0.48589534673184864,0.0,0.5,common CBA source league/pathway,14,31.285714285714285,15.4,0.4318888888888889,0.5641852286049238,0.376,0.339,0.952,,,,,,https://www.youtube.com/results?search_query=Taelon+Peter+G+League+basketball+highlights,https://www.google.com/search?tbm=vid&q=Taelon+Peter+G+League+basketball+highlights,Taelon Peter G League basketball highlights,,https://www.google.com/search?q=site%3Abasketball-reference.com+%22Taelon+Peter%22+basketball,https://www.google.com/search?q=%22Taelon+Peter%22+%22G+League%22+official+basketball+stats,296,1.5874460589051844,2025-2026
297,RJ Felton,rjfelton,2025-2026,G League,NOB,pasted_stats_table,1.586701430382039,1.0,0.410805721528155,0.0,0.5,common CBA source league/pathway,26,20.653846153846157,16.1,0.448,0.5657857745290976,0.444,0.36,0.889,,,,,,https://www.youtube.com/results?search_query=RJ+Felton+G+League+basketball+highlights,https://www.google.com/search?tbm=vid&q=RJ+Felton+G+League+basketball+highlights,RJ Felton G League basketball highlights,,https://www.google.com/search?q=site%3Abasketball-reference.com+%22RJ+Felton%22+basketball,https://www.google.com/search?q=%22RJ+Felton%22+%22G+League%22+official+basketball+stats,297,1.586701430382039,2025-2026
298,Akoldah Gak,akoldahgak,2025-2026,G League,CCG,pasted_stats_table,1.5858410435149979,1.0,0.453808618504436,0.0,0.5,common CBA source league/pathway; efficient scoring profile,33,16.606060606060606,16.3,0.3855555555555556,0.6691297208538587,0.628,0.133,0.581,,,23.0,,,https://www.youtube.com/results?search_query=Akoldah+Gak+G+League+basketball+highlights,https://www.google.com/search?tbm=vid&q=Akoldah+Gak+G+League+basketball+highlights,Akoldah Gak G League basketball highlights,,https://www.google.com/search?q=site%3Abasketball-reference.com+%22Akoldah+Gak%22+basketball,https://www.google.com/search?q=%22Akoldah+Gak%22+%22G+League%22+official+basketball+stats,298,1.5858410435149979,2025-2026
299,Craig Randall II,craigrandall,2025-2026,G League,TOT,pasted_stats_table,1.5856575064880198,1.0,0.412807803729857,0.0,0.444,common CBA source league/pathway; high usage proxy; data warning: low_performance_stat_coverage,3,21.33333333333333,13.5,0.6722222222222223,0.3534031413612565,0.294,0.167,,,,,,,https://www.youtube.com/results?search_query=Craig+Randall+II+G+League+basketball+highlights,https://www.google.com/search?tbm=vid&q=Craig+Randall+II+G+League+basketball+highlights,Craig Randall II G League basketball highlights,low_performance_stat_coverage,https://www.google.com/search?q=site%3Abasketball-reference.com+%22Craig+Randall+II%22+basketball,https://www.google.com/search?q=%22Craig+Randall+II%22+%22G+League%22+official+basketball+stats,299,1.5856575064880198,2025-2026
300,Felipe Haase,felipehaase,2025-2026,G League,MXC,pasted_stats_table,1.5830497389703664,1.0,0.41197673365924314,0.0,0.5,common CBA source league/pathway,31,22.06451612903226,15.9,0.4482222222222222,0.5584433829727451,0.374,0.329,0.917,,,,,,https://www.youtube.com/results?search_query=Felipe+Haase+G+League+basketball+highlights,https://www.google.com/search?tbm=vid&q=Felipe+Haase+G+League+basketball+highlights,Felipe Haase G League basketball highlights,,https://www.google.com/search?q=site%3Abasketball-reference.com+%22Felipe+Haase%22+basketball,https://www.google.com/search?q=%22Felipe+Haase%22+%22G+League%22+official+basketball+stats,300,1.5830497389703664,2025-2026
301,Justyn Hamilton,justynhamilton,2025-2026,G League,TOT,pasted_stats_table,1.5825292111775002,1.0,0.35889462248777837,0.0,0.5,common CBA source league/pathway; high usage proxy,28,14.785714285714286,15.6,0.5232222222222221,0.4864055874282864,0.446,0.067,0.591,,,,,,https://www.youtube.com/results?search_query=Justyn+Hamilton+G+League+basketball+highlights,https://www.google.com/search?tbm=vid&q=Justyn+Hamilton+G+League+basketball+highlights,Justyn Hamilton G League basketball highlights,,https://www.google.com/search?q=site%3Abasketball-reference.com+%22Justyn+Hamilton%22+basketball,https://www.google.com/search?q=%22Justyn+Hamilton%22+%22G+League%22+official+basketball+stats,301,1.5825292111775002,2025-2026
302,Andersson Garcia,anderssongarcia,2025-2026,G League,MXC,pasted_stats_table,1.5814295295431227,1.0,0.5172736737280463,0.0,0.5,common CBA source league/pathway; efficient scoring profile,30,26.8,15.5,0.3684444444444444,0.6760293091416608,0.578,0.261,0.696,,,25.0,,,https://www.youtube.com/results?search_query=Andersson+Garcia+G+League+basketball+highlights,https://www.google.com/search?tbm=vid&q=Andersson+Garcia+G+League+basketball+highlights,Andersson Garcia G League basketball highlights,,https://www.google.com/search?q=site%3Abasketball-reference.com+%22Andersson+Garcia%22+basketball,https://www.google.com/search?q=%22Andersson+Garcia%22+%22G+League%22+official+basketball+stats,302,1.5814295295431227,2025-2026
303,Kessler Edwards,kessleredwards,2025-2026,G League,GRG,pasted_stats_table,1.580959879896192,1.0,0.523061741806989,0.0,0.5,common CBA source league/pathway; efficient scoring profile,20,33.6,15.1,0.3927777777777777,0.60207336523126,0.484,0.4,0.789,,,25.0,,,https://www.youtube.com/results?search_query=Kessler+Edwards+G+League+basketball+highlights,https://www.google.com/search?tbm=vid&q=Kessler+Edwards+G+League+basketball+highlights,Kessler Edwards G League basketball highlights,,https://www.google.com/search?q=site%3Abasketball-reference.com+%22Kessler+Edwards%22+basketball,https://www.google.com/search?q=%22Kessler+Edwards%22+%22G+League%22+official+basketball+stats,303,1.580959879896192,2025-2026
304,Ricky Council IV,rickycouncil,2025-2026,G League,RGV,pasted_stats_table,1.5788709563039411,1.0,0.42670604743798657,0.0,0.5,common CBA source league/pathway,5,27.4,15.8,0.4247777777777777,0.5566516347237881,0.412,0.375,0.571,,,24.0,,,https://www.youtube.com/results?search_query=Ricky+Council+IV+G+League+basketball+highlights,https://www.google.com/search?tbm=vid&q=Ricky+Council+IV+G+League+basketball+highlights,Ricky Council IV G League basketball highlights,,https://www.google.com/search?q=site%3Abasketball-reference.com+%22Ricky+Council+IV%22+basketball,https://www.google.com/search?q=%22Ricky+Council+IV%22+%22G+League%22+official+basketball+stats,304,1.5788709563039411,2025-2026
305,Reynan dos Santos,reynandossantos,2025-2026,G League,MXC,pasted_stats_table,1.5781203603114249,1.0,0.41414810791236645,0.0,0.5,common CBA source league/pathway,15,22.8,15.9,0.4263333333333333,0.5740901213171578,0.46,0.4,0.75,,,21.0,,,https://www.youtube.com/results?search_query=Reynan+dos+Santos+G+League+basketball+highlights,https://www.google.com/search?tbm=vid&q=Reynan+dos+Santos+G+League+basketball+highlights,Reynan dos Santos G League basketball highlights,,https://www.google.com/search?q=site%3Abasketball-reference.com+%22Reynan+dos+Santos%22+basketball,https://www.google.com/search?q=%22Reynan+dos+Santos%22+%22G+League%22+official+basketball+stats,305,1.5781203603114249,2025-2026
306,Saint Thomas,saintthomas,2025-2026,G League,DEL,pasted_stats_table,1.578075283662261,1.0,0.46285669020459896,0.0,0.5,common CBA source league/pathway,36,29.47222222222222,15.2,0.4334444444444444,0.571256764882742,0.466,0.331,0.804,,,22.0,,,https://www.youtube.com/results?search_query=Saint+Thomas+G+League+basketball+highlights,https://www.google.com/search?tbm=vid&q=Saint+Thomas+G+League+basketball+highlights,Saint Thomas G League basketball highlights,,https://www.google.com/search?q=site%3Abasketball-reference.com+%22Saint+Thomas%22+basketball,https://www.google.com/search?q=%22Saint+Thomas%22+%22G+League%22+official+basketball+stats,306,1.578075283662261,2025-2026
307,Jordan Minor,jordanminor,2025-2026,G League,TOT,pasted_stats_table,1.5778773387048104,1.0,0.4130649103747963,0.0,0.5,common CBA source league/pathway; efficient scoring profile,30,17.666666666666668,16.2,0.4024444444444445,0.6141947224749772,0.54,1.0,0.625,,,,,,https://www.youtube.com/results?search_query=Jordan+Minor+G+League+basketball+highlights,https://www.google.com/search?tbm=vid&q=Jordan+Minor+G+League+basketball+highlights,Jordan Minor G League basketball highlights,,https://www.google.com/search?q=site%3Abasketball-reference.com+%22Jordan+Minor%22+basketball,https://www.google.com/search?q=%22Jordan+Minor%22+%22G+League%22+official+basketball+stats,307,1.5778773387048104,2025-2026
308,Andrew Carr,andrewcarr,2025-2026,G League,RIP,pasted_stats_table,1.57772635644879,1.0,0.49512764801738185,0.0,0.5,common CBA source league/pathway; efficient scoring profile,35,26.65714285714286,15.4,0.3837777777777778,0.651658767772512,0.524,0.365,0.73,,,23.0,,,https://www.youtube.com/results?search_query=Andrew+Carr+G+League+basketball+highlights,https://www.google.com/search?tbm=vid&q=Andrew+Carr+G+League+basketball+highlights,Andrew Carr G League basketball highlights,,https://www.google.com/search?q=site%3Abasketball-reference.com+%22Andrew+Carr%22+basketball,https://www.google.com/search?q=%22Andrew+Carr%22+%22G+League%22+official+basketball+stats,308,1.57772635644879,2025-2026
309,John Ukomadu,johnukomadu,2025-2026,G League,MCC,pasted_stats_table,1.5770292941638,1.0,0.45967273221075505,0.0,0.5,common CBA source league/pathway; efficient scoring profile,36,24.0,15.7,0.3924444444444444,0.6265964240102171,0.474,0.385,0.828,,,,,,https://www.youtube.com/results?search_query=John+Ukomadu+G+League+basketball+highlights,https://www.google.com/search?tbm=vid&q=John+Ukomadu+G+League+basketball+highlights,John Ukomadu G League basketball highlights,,https://www.google.com/search?q=site%3Abasketball-reference.com+%22John+Ukomadu%22+basketball,https://www.google.com/search?q=%22John+Ukomadu%22+%22G+League%22+official+basketball+stats,309,1.5770292941638,2025-2026
310,Sheldon Edwards,sheldonedwards,2025-2026,G League,TEX,pasted_stats_table,1.574116995594182,1.0,0.3916902045989498,0.0,0.5,common CBA source league/pathway; high usage proxy,29,24.620689655172413,15.4,0.4727777777777777,0.4867256637168141,0.356,0.31,0.8,,,25.0,,,https://www.youtube.com/results?search_query=Sheldon+Edwards+G+League+basketball+highlights,https://www.google.com/search?tbm=vid&q=Sheldon+Edwards+G+League+basketball+highlights,Sheldon Edwards G League basketball highlights,,https://www.google.com/search?q=site%3Abasketball-reference.com+%22Sheldon+Edwards%22+basketball,https://www.google.com/search?q=%22Sheldon+Edwards%22+%22G+League%22+official+basketball+stats,310,1.574116995594182,2025-2026
311,Derek Ogbeide,derekogbeide,2025-2026,G League,TOT,pasted_stats_table,1.5731007755446922,1.0,0.42718087995654536,0.0,0.5,common CBA source league/pathway; efficient scoring profile,36,14.77777777777778,16.0,0.3852222222222222,0.6629101756711966,0.591,0.0,0.697,,,28.0,,,https://www.youtube.com/results?search_query=Derek+Ogbeide+G+League+basketball+highlights,https://www.google.com/search?tbm=vid&q=Derek+Ogbeide+G+League+basketball+highlights,Derek Ogbeide G League basketball highlights,,https://www.google.com/search?q=site%3Abasketball-reference.com+%22Derek+Ogbeide%22+basketball,https://www.google.com/search?q=%22Derek+Ogbeide%22+%22G+League%22+official+basketball+stats,311,1.5731007755446922,2025-2026
312,Alex Fudge,alexfudge,2025-2026,G League,SXF,pasted_stats_table,1.5725624660510593,1.0,0.40858319753757016,0.0,0.5,common CBA source league/pathway; efficient scoring profile,29,14.724137931034482,15.9,0.4096666666666666,0.6285578747628083,0.589,0.158,0.6,,,22.0,,,https://www.youtube.com/results?search_query=Alex+Fudge+G+League+basketball+highlights,https://www.google.com/search?tbm=vid&q=Alex+Fudge+G+League+basketball+highlights,Alex Fudge G League basketball highlights,,https://www.google.com/search?q=site%3Abasketball-reference.com+%22Alex+Fudge%22+basketball,https://www.google.com/search?q=%22Alex+Fudge%22+%22G+League%22+official+basketball+stats,312,1.5725624660510593,2025-2026
313,Adama Bal,adamabal,2025-2026,G League,WES,pasted_stats_table,1.5719234866316616,1.0,0.36758283541553505,0.0,0.5,common CBA source league/pathway,18,15.38888888888889,16.2,0.4241111111111111,0.5798969072164948,0.4,0.311,0.706,,,22.0,,,https://www.youtube.com/results?search_query=Adama+Bal+G+League+basketball+highlights,https://www.google.com/search?tbm=vid&q=Adama+Bal+G+League+basketball+highlights,Adama Bal G League basketball highlights,,https://www.google.com/search?q=site%3Abasketball-reference.com+%22Adama+Bal%22+basketball,https://www.google.com/search?q=%22Adama+Bal%22+%22G+League%22+official+basketball+stats,313,1.5719234866316616,2025-2026
314,Miller Kopp,millerkopp,2025-2026,G League,CLC,pasted_stats_table,1.5709318984247693,1.0,0.4920609270324099,0.0,0.5,common CBA source league/pathway; efficient scoring profile,17,26.176470588235293,15.5,0.3516666666666667,0.6646655231560892,0.456,0.371,0.889,,,27.0,,,https://www.youtube.com/results?search_query=Miller+Kopp+G+League+basketball+highlights,https://www.google.com/search?tbm=vid&q=Miller+Kopp+G+League+basketball+highlights,Miller Kopp G League basketball highlights,,https://www.google.com/search?q=site%3Abasketball-reference.com+%22Miller+Kopp%22+basketball,https://www.google.com/search?q=%22Miller+Kopp%22+%22G+League%22+official+basketball+stats,314,1.5709318984247693,2025-2026
315,Pedro Bradshaw,pedrobradshaw,2025-2026,G League,MNE,pasted_stats_table,1.5705973957390307,1.0,0.4042784718450118,0.0,0.5,common CBA source league/pathway; efficient scoring profile,14,16.071428571428573,15.8,0.4141111111111111,0.6168019987507808,0.437,0.375,0.8,,,,,,https://www.youtube.com/results?search_query=Pedro+Bradshaw+G+League+basketball+highlights,https://www.google.com/search?tbm=vid&q=Pedro+Bradshaw+G+League+basketball+highlights,Pedro Bradshaw G League basketball highlights,,https://www.google.com/search?q=site%3Abasketball-reference.com+%22Pedro+Bradshaw%22+basketball,https://www.google.com/search?q=%22Pedro+Bradshaw%22+%22G+League%22+official+basketball+stats,315,1.5705973957390307,2025-2026
316,Evan Gilyard,evangilyard,2025-2026,G League,TOT,pasted_stats_table,1.569423758223188,1.0,0.35891725511497374,0.0,0.5,common CBA source league/pathway; high usage proxy,29,17.448275862068964,15.4,0.4867777777777778,0.5057803468208093,0.343,0.312,0.966,,,,,,https://www.youtube.com/results?search_query=Evan+Gilyard+G+League+basketball+highlights,https://www.google.com/search?tbm=vid&q=Evan+Gilyard+G+League+basketball+highlights,Evan Gilyard G League basketball highlights,,https://www.google.com/search?q=site%3Abasketball-reference.com+%22Evan+Gilyard%22+basketball,https://www.google.com/search?q=%22Evan+Gilyard%22+%22G+League%22+official+basketball+stats,316,1.569423758223188,2025-2026
317,Alex Schumacher,alexschumacher,2025-2026,G League,TOT,pasted_stats_table,1.5692938393988776,1.0,0.3681753575955097,0.0,0.5,common CBA source league/pathway; high usage proxy,26,19.73076923076923,15.2,0.4929999999999999,0.4984260230849947,0.401,0.189,0.917,,,,,,https://www.youtube.com/results?search_query=Alex+Schumacher+G+League+basketball+highlights,https://www.google.com/search?tbm=vid&q=Alex+Schumacher+G+League+basketball+highlights,Alex Schumacher G League basketball highlights,,https://www.google.com/search?q=site%3Abasketball-reference.com+%22Alex+Schumacher%22+basketball,https://www.google.com/search?q=%22Alex+Schumacher%22+%22G+League%22+official+basketball+stats,317,1.5692938393988776,2025-2026
318,Manny Obaseki,mannyobaseki,2025-2026,G League,TOT,pasted_stats_table,1.567540557667934,1.0,0.38649556400506974,0.0,0.5,common CBA source league/pathway; high usage proxy,28,21.178571428571427,15.0,0.4836666666666666,0.5203996669442131,0.427,0.385,0.711,,,23.0,,,https://www.youtube.com/results?search_query=Manny+Obaseki+G+League+basketball+highlights,https://www.google.com/search?tbm=vid&q=Manny+Obaseki+G+League+basketball+highlights,Manny Obaseki G League basketball highlights,,https://www.google.com/search?q=site%3Abasketball-reference.com+%22Manny+Obaseki%22+basketball,https://www.google.com/search?q=%22Manny+Obaseki%22+%22G+League%22+official+basketball+stats,318,1.567540557667934,2025-2026
319,Darius Brown II,dariusbrown,2025-2026,G League,CLC,pasted_stats_table,1.5673061213712356,1.0,0.5433355965960529,0.0,0.5,common CBA source league/pathway; efficient scoring profile,33,32.72727272727273,14.1,0.3978888888888888,0.633764832793959,0.439,0.4,0.828,,,,,,https://www.youtube.com/results?search_query=Darius+Brown+II+G+League+basketball+highlights,https://www.google.com/search?tbm=vid&q=Darius+Brown+II+G+League+basketball+highlights,Darius Brown II G League basketball highlights,,https://www.google.com/search?q=site%3Abasketball-reference.com+%22Darius+Brown+II%22+basketball,https://www.google.com/search?q=%22Darius+Brown+II%22+%22G+League%22+official+basketball+stats,319,1.5673061213712356,2025-2026
320,Jayson Kent,jaysonkent,2025-2026,G League,RIP,pasted_stats_table,1.5665768302251193,1.0,0.5250850986782545,0.0,0.5,common CBA source league/pathway; efficient scoring profile,33,30.96969696969697,14.9,0.3492222222222222,0.6609297374024131,0.503,0.401,0.895,,,23.0,,,https://www.youtube.com/results?search_query=Jayson+Kent+G+League+basketball+highlights,https://www.google.com/search?tbm=vid&q=Jayson+Kent+G+League+basketball+highlights,Jayson Kent G League basketball highlights,,https://www.google.com/search?q=site%3Abasketball-reference.com+%22Jayson+Kent%22+basketball,https://www.google.com/search?q=%22Jayson+Kent%22+%22G+League%22+official+basketball+stats,320,1.5665768302251193,2025-2026
321,Malevy Leons,malevyleons,2025-2026,G League,SCW,pasted_stats_table,1.566545378417527,1.0,0.4851815136701068,0.0,0.5,common CBA source league/pathway,19,33.473684210526315,14.5,0.421,0.5639390168014934,0.471,0.262,0.721,,,26.0,,,https://www.youtube.com/results?search_query=Malevy+Leons+G+League+basketball+highlights,https://www.google.com/search?tbm=vid&q=Malevy+Leons+G+League+basketball+highlights,Malevy Leons G League basketball highlights,,https://www.google.com/search?q=site%3Abasketball-reference.com+%22Malevy+Leons%22+basketball,https://www.google.com/search?q=%22Malevy+Leons%22+%22G+League%22+official+basketball+stats,321,1.566545378417527,2025-2026
322,Anthony Pritchard,anthonypritchard,2025-2026,G League,OKL,pasted_stats_table,1.5625024895889914,1.0,0.4716766250226326,0.0,0.5,common CBA source league/pathway; efficient scoring profile,25,31.0,14.5,0.4183333333333333,0.5818619582664526,0.549,0.261,0.576,,,22.0,,,https://www.youtube.com/results?search_query=Anthony+Pritchard+G+League+basketball+highlights,https://www.google.com/search?tbm=vid&q=Anthony+Pritchard+G+League+basketball+highlights,Anthony Pritchard G League basketball highlights,,https://www.google.com/search?q=site%3Abasketball-reference.com+%22Anthony+Pritchard%22+basketball,https://www.google.com/search?q=%22Anthony+Pritchard%22+%22G+League%22+official+basketball+stats,322,1.5625024895889914,2025-2026
323,Hunter Cattoor,huntercattoor,2025-2026,G League,LIN,pasted_stats_table,1.5620761738789306,1.0,0.4440824732934999,0.0,0.5,common CBA source league/pathway; efficient scoring profile,26,19.46153846153846,15.8,0.3402222222222222,0.678228021978022,0.458,0.429,0.75,,,25.0,,,https://www.youtube.com/results?search_query=Hunter+Cattoor+G+League+basketball+highlights,https://www.google.com/search?tbm=vid&q=Hunter+Cattoor+G+League+basketball+highlights,Hunter Cattoor G League basketball highlights,,https://www.google.com/search?q=site%3Abasketball-reference.com+%22Hunter+Cattoor%22+basketball,https://www.google.com/search?q=%22Hunter+Cattoor%22+%22G+League%22+official+basketball+stats,323,1.5620761738789306,2025-2026
324,Chandler Baker,chandlerbaker,2025-2026,G League,TOT,pasted_stats_table,1.5615261995292413,1.0,0.3228381314502987,0.0,0.444,common CBA source league/pathway; data warning: low_performance_stat_coverage,8,9.375,16.3,0.4416666666666666,0.5469798657718121,0.387,0.4,,,,,,,https://www.youtube.com/results?search_query=Chandler+Baker+G+League+basketball+highlights,https://www.google.com/search?tbm=vid&q=Chandler+Baker+G+League+basketball+highlights,Chandler Baker G League basketball highlights,low_performance_stat_coverage,https://www.google.com/search?q=site%3Abasketball-reference.com+%22Chandler+Baker%22+basketball,https://www.google.com/search?q=%22Chandler+Baker%22+%22G+League%22+official+basketball+stats,324,1.5615261995292413,2025-2026
325,Kobe Stewart,kobestewart,2025-2026,G League,TOT,pasted_stats_table,1.5598513790814172,1.0,0.419961071881224,0.0,0.5,common CBA source league/pathway; efficient scoring profile,34,21.176470588235293,15.3,0.3954444444444445,0.6151495657767772,0.491,0.358,0.737,,,23.0,,,https://www.youtube.com/results?search_query=Kobe+Stewart+G+League+basketball+highlights,https://www.google.com/search?tbm=vid&q=Kobe+Stewart+G+League+basketball+highlights,Kobe Stewart G League basketball highlights,,https://www.google.com/search?q=site%3Abasketball-reference.com+%22Kobe+Stewart%22+basketball,https://www.google.com/search?q=%22Kobe+Stewart%22+%22G+League%22+official+basketball+stats,325,1.5598513790814172,2025-2026
326,Tyrese Hunter,tyresehunter,2025-2026,G League,TOT,pasted_stats_table,1.5595037419276965,1.0,0.3385705232663408,0.0,0.5,common CBA source league/pathway; high usage proxy,12,8.083333333333334,15.6,0.4514444444444444,0.571344857896279,0.394,0.286,0.889,,,22.0,,,https://www.youtube.com/results?search_query=Tyrese+Hunter+G+League+basketball+highlights,https://www.google.com/search?tbm=vid&q=Tyrese+Hunter+G+League+basketball+highlights,Tyrese Hunter G League basketball highlights,,https://www.google.com/search?q=site%3Abasketball-reference.com+%22Tyrese+Hunter%22+basketball,https://www.google.com/search?q=%22Tyrese+Hunter%22+%22G+League%22+official+basketball+stats,326,1.5595037419276965,2025-2026
327,Nate Santos,natesantos,2025-2026,G League,IWA,pasted_stats_table,1.5594161461162412,1.0,0.41299791779829803,0.0,0.5,common CBA source league/pathway; efficient scoring profile,27,24.77777777777778,15.3,0.4006666666666666,0.5919220055710307,0.395,0.351,0.821,,,24.0,,,https://www.youtube.com/results?search_query=Nate+Santos+G+League+basketball+highlights,https://www.google.com/search?tbm=vid&q=Nate+Santos+G+League+basketball+highlights,Nate Santos G League basketball highlights,,https://www.google.com/search?q=site%3Abasketball-reference.com+%22Nate+Santos%22+basketball,https://www.google.com/search?q=%22Nate+Santos%22+%22G+League%22+official+basketball+stats,327,1.5594161461162412,2025-2026
328,Tyrese Samuel,tyresesamuel,2025-2026,G League,TOT,pasted_stats_table,1.5589484051542037,1.0,0.4416825095057034,0.0,0.5,common CBA source league/pathway; efficient scoring profile,32,19.875,15.2,0.3781111111111112,0.6659656501927794,0.625,0.0,0.575,,,,,,https://www.youtube.com/results?search_query=Tyrese+Samuel+G+League+basketball+highlights,https://www.google.com/search?tbm=vid&q=Tyrese+Samuel+G+League+basketball+highlights,Tyrese Samuel G League basketball highlights,,https://www.google.com/search?q=site%3Abasketball-reference.com+%22Tyrese+Samuel%22+basketball,https://www.google.com/search?q=%22Tyrese+Samuel%22+%22G+League%22+official+basketball+stats,328,1.5589484051542037,2025-2026
329,Caleb Grill,calebgrill,2025-2026,G League,TOT,pasted_stats_table,1.5586262221618687,1.0,0.42017155531414085,0.0,0.5,common CBA source league/pathway; efficient scoring profile,27,23.62962962962963,15.5,0.3743333333333333,0.6066061365059486,0.439,0.385,0.714,,,25.0,,,https://www.youtube.com/results?search_query=Caleb+Grill+G+League+basketball+highlights,https://www.google.com/search?tbm=vid&q=Caleb+Grill+G+League+basketball+highlights,Caleb Grill G League basketball highlights,,https://www.google.com/search?q=site%3Abasketball-reference.com+%22Caleb+Grill%22+basketball,https://www.google.com/search?q=%22Caleb+Grill%22+%22G+League%22+official+basketball+stats,329,1.5586262221618687,2025-2026
330,Josh Minott,joshminott,2025-2026,G League,LIN,pasted_stats_table,1.5572700072424408,1.0,0.4060800289697628,0.0,0.5,common CBA source league/pathway,3,24.666666666666668,15.1,0.415,0.5789877300613497,0.385,0.444,1.0,,,,,,https://www.youtube.com/results?search_query=Josh+Minott+G+League+basketball+highlights,https://www.google.com/search?tbm=vid&q=Josh+Minott+G+League+basketball+highlights,Josh Minott G League basketball highlights,,https://www.google.com/search?q=site%3Abasketball-reference.com+%22Josh+Minott%22+basketball,https://www.google.com/search?q=%22Josh+Minott%22+%22G+League%22+official+basketball+stats,330,1.5572700072424408,2025-2026
331,Steven Ashworth,stevenashworth,2025-2026,G League,NOB,pasted_stats_table,1.552584419699439,1.0,0.4503376787977548,0.0,0.5,common CBA source league/pathway; efficient scoring profile,4,25.75,14.0,0.44,0.6013745704467355,0.469,0.222,1.0,,,,,,https://www.youtube.com/results?search_query=Steven+Ashworth+G+League+basketball+highlights,https://www.google.com/search?tbm=vid&q=Steven+Ashworth+G+League+basketball+highlights,Steven Ashworth G League basketball highlights,,https://www.google.com/search?q=site%3Abasketball-reference.com+%22Steven+Ashworth%22+basketball,https://www.google.com/search?q=%22Steven+Ashworth%22+%22G+League%22+official+basketball+stats,331,1.552584419699439,2025-2026
332,Sean McDermott,seanmcdermott,2025-2026,G League,VAL,pasted_stats_table,1.5520073556038387,1.0,0.44669608908202063,0.0,0.5,common CBA source league/pathway,36,31.47222222222222,14.7,0.3853333333333333,0.5710068365444375,0.413,0.349,0.69,,,,,,https://www.youtube.com/results?search_query=Sean+McDermott+G+League+basketball+highlights,https://www.google.com/search?tbm=vid&q=Sean+McDermott+G+League+basketball+highlights,Sean McDermott G League basketball highlights,,https://www.google.com/search?q=site%3Abasketball-reference.com+%22Sean+McDermott%22+basketball,https://www.google.com/search?q=%22Sean+McDermott%22+%22G+League%22+official+basketball+stats,332,1.5520073556038387,2025-2026
333,Terry Roberts,terryroberts,2025-2026,G League,LIN,pasted_stats_table,1.551162773854789,1.0,0.3636510954191563,0.0,0.5,common CBA source league/pathway; high usage proxy,23,20.043478260869566,14.1,0.513,0.490673719376392,0.378,0.294,0.714,,,,,,https://www.youtube.com/results?search_query=Terry+Roberts+G+League+basketball+highlights,https://www.google.com/search?tbm=vid&q=Terry+Roberts+G+League+basketball+highlights,Terry Roberts G League basketball highlights,,https://www.google.com/search?q=site%3Abasketball-reference.com+%22Terry+Roberts%22+basketball,https://www.google.com/search?q=%22Terry+Roberts%22+%22G+League%22+official+basketball+stats,333,1.551162773854789,2025-2026
334,Sean McNeil,seanmcneil,2025-2026,G League,CLC,pasted_stats_table,1.5510206485002114,1.0,0.44163814955640046,0.0,0.5,common CBA source league/pathway; efficient scoring profile,30,24.03333333333333,15.2,0.3464444444444444,0.6401617250673854,0.451,0.423,0.885,,,,,,https://www.youtube.com/results?search_query=Sean+McNeil+G+League+basketball+highlights,https://www.google.com/search?tbm=vid&q=Sean+McNeil+G+League+basketball+highlights,Sean McNeil G League basketball highlights,,https://www.google.com/search?q=site%3Abasketball-reference.com+%22Sean+McNeil%22+basketball,https://www.google.com/search?q=%22Sean+McNeil%22+%22G+League%22+official+basketball+stats,334,1.5510206485002114,2025-2026
335,Anton Watson,antonwatson,2025-2026,G League,SBL,pasted_stats_table,1.5508137561108095,1.0,0.4682550244432373,0.0,0.5,common CBA source league/pathway; efficient scoring profile,36,27.416666666666668,14.8,0.351,0.6414701803051318,0.519,0.339,0.706,,,,,,https://www.youtube.com/results?search_query=Anton+Watson+G+League+basketball+highlights,https://www.google.com/search?tbm=vid&q=Anton+Watson+G+League+basketball+highlights,Anton Watson G League basketball highlights,,https://www.google.com/search?q=site%3Abasketball-reference.com+%22Anton+Watson%22+basketball,https://www.google.com/search?q=%22Anton+Watson%22+%22G+League%22+official+basketball+stats,335,1.5508137561108095,2025-2026
336,Samson Johnson,samsonjohnson,2025-2026,G League,NOB,pasted_stats_table,1.5476781097229766,1.0,0.4781124388919066,0.0,0.444,common CBA source league/pathway; efficient scoring profile; data warning: low_performance_stat_coverage,32,21.46875,14.9,0.3429999999999999,0.7414410828025478,0.701,,0.606,,,,,,https://www.youtube.com/results?search_query=Samson+Johnson+G+League+basketball+highlights,https://www.google.com/search?tbm=vid&q=Samson+Johnson+G+League+basketball+highlights,Samson Johnson G League basketball highlights,low_performance_stat_coverage,https://www.google.com/search?q=site%3Abasketball-reference.com+%22Samson+Johnson%22+basketball,https://www.google.com/search?q=%22Samson+Johnson%22+%22G+League%22+official+basketball+stats,336,1.5476781097229766,2025-2026
337,Chris Mañon,chrismanon,2025-2026,G League,SBL,pasted_stats_table,1.5473439027702336,1.0,0.4463756110809342,0.0,0.5,common CBA source league/pathway; efficient scoring profile,33,25.24242424242424,14.7,0.367,0.6329658973475715,0.512,0.32,0.698,,,24.0,,,https://www.youtube.com/results?search_query=Chris+Ma%C3%B1on+G+League+basketball+highlights,https://www.google.com/search?tbm=vid&q=Chris+Ma%C3%B1on+G+League+basketball+highlights,Chris Mañon G League basketball highlights,,https://www.google.com/search?q=site%3Abasketball-reference.com+%22Chris+Ma%C3%B1on%22+basketball,https://www.google.com/search?q=%22Chris+Ma%C3%B1on%22+%22G+League%22+official+basketball+stats,337,1.5473439027702336,2025-2026
338,DJ Rodman,djrodman,2025-2026,G League,GBO,pasted_stats_table,1.546068448608848,1.0,0.4298293499909469,0.0,0.5,common CBA source league/pathway; efficient scoring profile,29,17.655172413793103,15.0,0.3544444444444445,0.6843065693430657,0.486,0.426,0.762,,,,,,https://www.youtube.com/results?search_query=DJ+Rodman+G+League+basketball+highlights,https://www.google.com/search?tbm=vid&q=DJ+Rodman+G+League+basketball+highlights,DJ Rodman G League basketball highlights,,https://www.google.com/search?q=site%3Abasketball-reference.com+%22DJ+Rodman%22+basketball,https://www.google.com/search?q=%22DJ+Rodman%22+%22G+League%22+official+basketball+stats,338,1.546068448608848,2025-2026
339,JaQuori McLaughlin,jaquorimclaughlin,2025-2026,G League,VAL,pasted_stats_table,1.5459753606131932,1.0,0.4307903313416621,0.0,0.5,common CBA source league/pathway,16,28.5,14.2,0.417111111111111,0.5764858720363755,0.399,0.356,0.833,,,28.0,,,https://www.youtube.com/results?search_query=JaQuori+McLaughlin+G+League+basketball+highlights,https://www.google.com/search?tbm=vid&q=JaQuori+McLaughlin+G+League+basketball+highlights,JaQuori McLaughlin G League basketball highlights,,https://www.google.com/search?q=site%3Abasketball-reference.com+%22JaQuori+McLaughlin%22+basketball,https://www.google.com/search?q=%22JaQuori+McLaughlin%22+%22G+League%22+official+basketball+stats,339,1.5459753606131932,2025-2026
340,Jonathan Pierre,jonathanpierre,2025-2026,G League,TOT,pasted_stats_table,1.5428315151789487,1.0,0.3231038384935724,0.0,0.5,common CBA source league/pathway,26,15.384615384615383,15.4,0.4162222222222222,0.5627009646302251,0.408,0.339,0.583,,,22.0,,,https://www.youtube.com/results?search_query=Jonathan+Pierre+G+League+basketball+highlights,https://www.google.com/search?tbm=vid&q=Jonathan+Pierre+G+League+basketball+highlights,Jonathan Pierre G League basketball highlights,,https://www.google.com/search?q=site%3Abasketball-reference.com+%22Jonathan+Pierre%22+basketball,https://www.google.com/search?q=%22Jonathan+Pierre%22+%22G+League%22+official+basketball+stats,340,1.5428315151789487,2025-2026
341,Brandon Slater,brandonslater,2025-2026,G League,GBO,pasted_stats_table,1.5413390895648502,1.0,0.34124524714828897,0.0,0.5,common CBA source league/pathway; efficient scoring profile,14,14.285714285714286,15.3,0.4001111111111111,0.5974695407685099,0.418,0.319,0.778,,,26.0,,,https://www.youtube.com/results?search_query=Brandon+Slater+G+League+basketball+highlights,https://www.google.com/search?tbm=vid&q=Brandon+Slater+G+League+basketball+highlights,Brandon Slater G League basketball highlights,,https://www.google.com/search?q=site%3Abasketball-reference.com+%22Brandon+Slater%22+basketball,https://www.google.com/search?q=%22Brandon+Slater%22+%22G+League%22+official+basketball+stats,341,1.5413390895648502,2025-2026
342,Javan Johnson,javanjohnson,2025-2026,G League,CPS,pasted_stats_table,1.541279399782727,1.0,0.3411175991309071,0.0,0.5,common CBA source league/pathway,16,20.4375,14.8,0.44,0.5308464849354376,0.407,0.338,0.778,,,27.0,,,https://www.youtube.com/results?search_query=Javan+Johnson+G+League+basketball+highlights,https://www.google.com/search?tbm=vid&q=Javan+Johnson+G+League+basketball+highlights,Javan Johnson G League basketball highlights,,https://www.google.com/search?q=site%3Abasketball-reference.com+%22Javan+Johnson%22+basketball,https://www.google.com/search?q=%22Javan+Johnson%22+%22G+League%22+official+basketball+stats,342,1.541279399782727,2025-2026
343,Trey McGowens,treymcgowens,2025-2026,G League,AUS,pasted_stats_table,1.54091946556823,1.0,0.4174556400506971,0.0,0.5,common CBA source league/pathway; efficient scoring profile,27,15.77777777777778,14.5,0.3862222222222222,0.6710477600888559,0.449,0.368,0.796,,,,,,https://www.youtube.com/results?search_query=Trey+McGowens+G+League+basketball+highlights,https://www.google.com/search?tbm=vid&q=Trey+McGowens+G+League+basketball+highlights,Trey McGowens G League basketball highlights,,https://www.google.com/search?q=site%3Abasketball-reference.com+%22Trey+McGowens%22+basketball,https://www.google.com/search?q=%22Trey+McGowens%22+%22G+League%22+official+basketball+stats,343,1.54091946556823,2025-2026
344,Tre Scott,trescott,2025-2026,G League,LIN,pasted_stats_table,1.540875015088418,1.0,0.3796111714647836,0.0,0.5,common CBA source league/pathway,32,27.59375,14.6,0.4158888888888888,0.5262399077277969,0.428,0.31,0.576,,,29.0,,,https://www.youtube.com/results?search_query=Tre+Scott+G+League+basketball+highlights,https://www.google.com/search?tbm=vid&q=Tre+Scott+G+League+basketball+highlights,Tre Scott G League basketball highlights,,https://www.google.com/search?q=site%3Abasketball-reference.com+%22Tre+Scott%22+basketball,https://www.google.com/search?q=%22Tre+Scott%22+%22G+League%22+official+basketball+stats,344,1.540875015088418,2025-2026
345,Tyson Degenhart,tysondegenhart,2025-2026,G League,RAP,pasted_stats_table,1.540580157221317,1.0,0.42976507332971214,0.0,0.5,common CBA source league/pathway; efficient scoring profile,36,22.52777777777778,14.8,0.3485555555555555,0.6464011180992314,0.529,0.355,0.718,,,23.0,,,https://www.youtube.com/results?search_query=Tyson+Degenhart+G+League+basketball+highlights,https://www.google.com/search?tbm=vid&q=Tyson+Degenhart+G+League+basketball+highlights,Tyson Degenhart G League basketball highlights,,https://www.google.com/search?q=site%3Abasketball-reference.com+%22Tyson+Degenhart%22+basketball,https://www.google.com/search?q=%22Tyson+Degenhart%22+%22G+League%22+official+basketball+stats,345,1.540580157221317,2025-2026
346,Mitch Mascari,mitchmascari,2025-2026,G League,STO,pasted_stats_table,1.5381044118534613,1.0,0.3876398696360674,0.0,0.5,common CBA source league/pathway; efficient scoring profile,36,20.36111111111111,14.9,0.3727777777777778,0.6146864686468646,0.426,0.41,0.909,,,25.0,,,https://www.youtube.com/results?search_query=Mitch+Mascari+G+League+basketball+highlights,https://www.google.com/search?tbm=vid&q=Mitch+Mascari+G+League+basketball+highlights,Mitch Mascari G League basketball highlights,,https://www.google.com/search?q=site%3Abasketball-reference.com+%22Mitch+Mascari%22+basketball,https://www.google.com/search?q=%22Mitch+Mascari%22+%22G+League%22+official+basketball+stats,346,1.5381044118534613,2025-2026
347,M.J. Walker,mjwalker,2025-2026,G League,CPS,pasted_stats_table,1.5372407055344317,1.0,0.36951837769328266,0.0,0.5,common CBA source league/pathway; efficient scoring profile,21,20.52380952380953,14.8,0.3954444444444445,0.5950466387906079,0.424,0.376,0.565,,,27.0,,,https://www.youtube.com/results?search_query=M.J.+Walker+G+League+basketball+highlights,https://www.google.com/search?tbm=vid&q=M.J.+Walker+G+League+basketball+highlights,M.J. Walker G League basketball highlights,,https://www.google.com/search?q=site%3Abasketball-reference.com+%22M.J.+Walker%22+basketball,https://www.google.com/search?q=%22M.J.+Walker%22+%22G+League%22+official+basketball+stats,347,1.5372407055344317,2025-2026
348,Jabri Abdur-Rahim,jabriabdurrahim,2025-2026,G League,OKL,pasted_stats_table,1.5330839444142677,1.0,0.3663357776570704,0.0,0.5,common CBA source league/pathway,24,25.33333333333333,14.5,0.4059999999999999,0.5527599878011589,0.384,0.348,0.792,,,23.0,,,https://www.youtube.com/results?search_query=Jabri+Abdur-Rahim+G+League+basketball+highlights,https://www.google.com/search?tbm=vid&q=Jabri+Abdur-Rahim+G+League+basketball+highlights,Jabri Abdur-Rahim G League basketball highlights,,https://www.google.com/search?q=site%3Abasketball-reference.com+%22Jabri+Abdur-Rahim%22+basketball,https://www.google.com/search?q=%22Jabri+Abdur-Rahim%22+%22G+League%22+official+basketball+stats,348,1.5330839444142677,2025-2026
349,Nojel Eastern,nojeleastern,2025-2026,G League,IWA,pasted_stats_table,1.5315978257589475,1.0,0.35028019192467863,0.0,0.5,common CBA source league/pathway; efficient scoring profile,26,15.692307692307692,14.6,0.4081111111111111,0.598753280839895,0.481,0.318,0.75,,,,,,https://www.youtube.com/results?search_query=Nojel+Eastern+G+League+basketball+highlights,https://www.google.com/search?tbm=vid&q=Nojel+Eastern+G+League+basketball+highlights,Nojel Eastern G League basketball highlights,,https://www.google.com/search?q=site%3Abasketball-reference.com+%22Nojel+Eastern%22+basketball,https://www.google.com/search?q=%22Nojel+Eastern%22+%22G+League%22+official+basketball+stats,349,1.5315978257589475,2025-2026
350,Devon Higgs,devonhiggs,2025-2026,G League,CPS,pasted_stats_table,1.5310292262659182,1.0,0.451005793952562,0.0,0.5,common CBA source league/pathway; efficient scoring profile,6,20.5,14.0,0.3531111111111111,0.7134121483897268,0.567,0.3,0.75,,,,,,https://www.youtube.com/results?search_query=Devon+Higgs+G+League+basketball+highlights,https://www.google.com/search?tbm=vid&q=Devon+Higgs+G+League+basketball+highlights,Devon Higgs G League basketball highlights,,https://www.google.com/search?q=site%3Abasketball-reference.com+%22Devon+Higgs%22+basketball,https://www.google.com/search?q=%22Devon+Higgs%22+%22G+League%22+official+basketball+stats,350,1.5310292262659182,2025-2026
351,Au'Diese Toney,audiesetoney,2025-2026,G League,NOB,pasted_stats_table,1.5303565015993725,1.0,0.4758704508419337,0.0,0.5,common CBA source league/pathway; efficient scoring profile,28,29.25,13.7,0.3495555555555555,0.6472033257747544,0.5,0.439,0.792,,,,,,https://www.youtube.com/results?search_query=Au%27Diese+Toney+G+League+basketball+highlights,https://www.google.com/search?tbm=vid&q=Au%27Diese+Toney+G+League+basketball+highlights,Au'Diese Toney G League basketball highlights,,https://www.google.com/search?q=site%3Abasketball-reference.com+%22Au%27Diese+Toney%22+basketball,https://www.google.com/search?q=%22Au%27Diese+Toney%22+%22G+League%22+official+basketball+stats,351,1.5303565015993725,2025-2026
352,Cameron Matthews,cameronmatthews,2025-2026,G League,RGV,pasted_stats_table,1.528755544993663,1.0,0.43335551330798483,0.0,0.5,common CBA source league/pathway,34,32.38235294117647,13.5,0.4016666666666666,0.5550986842105263,0.46,0.238,0.761,,,24.0,,,https://www.youtube.com/results?search_query=Cameron+Matthews+G+League+basketball+highlights,https://www.google.com/search?tbm=vid&q=Cameron+Matthews+G+League+basketball+highlights,Cameron Matthews G League basketball highlights,,https://www.google.com/search?q=site%3Abasketball-reference.com+%22Cameron+Matthews%22+basketball,https://www.google.com/search?q=%22Cameron+Matthews%22+%22G+League%22+official+basketball+stats,352,1.528755544993663,2025-2026
353,Chucky Hepburn,chuckyhepburn,2025-2026,G League,RAP,pasted_stats_table,1.5284367191743617,1.0,0.3874135433641137,0.0,0.5,common CBA source league/pathway,4,29.25,13.5,0.4463333333333333,0.4867320449956734,0.31,0.273,0.857,,,,,,https://www.youtube.com/results?search_query=Chucky+Hepburn+G+League+basketball+highlights,https://www.google.com/search?tbm=vid&q=Chucky+Hepburn+G+League+basketball+highlights,Chucky Hepburn G League basketball highlights,,https://www.google.com/search?q=site%3Abasketball-reference.com+%22Chucky+Hepburn%22+basketball,https://www.google.com/search?q=%22Chucky+Hepburn%22+%22G+League%22+official+basketball+stats,353,1.5284367191743617,2025-2026
354,Augustas Marčiulionis,augustasmarciulionis,2025-2026,G League,SBL,pasted_stats_table,1.526330270384453,1.0,0.39809885931558936,0.0,0.5,common CBA source league/pathway; efficient scoring profile,20,20.6,13.8,0.4032222222222221,0.6151925820256777,0.512,0.474,0.5,,,23.0,,,https://www.youtube.com/results?search_query=Augustas+Mar%C4%8Diulionis+G+League+basketball+highlights,https://www.google.com/search?tbm=vid&q=Augustas+Mar%C4%8Diulionis+G+League+basketball+highlights,Augustas Marčiulionis G League basketball highlights,,https://www.google.com/search?q=site%3Abasketball-reference.com+%22Augustas+Mar%C4%8Diulionis%22+basketball,https://www.google.com/search?q=%22Augustas+Mar%C4%8Diulionis%22+%22G+League%22+official+basketball+stats,354,1.526330270384453,2025-2026
355,Dwight Murray Jr.,dwightmurray,2025-2026,G League,CPS,pasted_stats_table,1.523288694248295,1.0,0.3315992214376245,0.0,0.5,common CBA source league/pathway,35,20.65714285714286,14.0,0.4415555555555556,0.5186721991701244,0.428,0.314,0.947,,,,,,https://www.youtube.com/results?search_query=Dwight+Murray+Jr.+G+League+basketball+highlights,https://www.google.com/search?tbm=vid&q=Dwight+Murray+Jr.+G+League+basketball+highlights,Dwight Murray Jr. G League basketball highlights,,https://www.google.com/search?q=site%3Abasketball-reference.com+%22Dwight+Murray+Jr.%22+basketball,https://www.google.com/search?q=%22Dwight+Murray+Jr.%22+%22G+League%22+official+basketball+stats,355,1.523288694248295,2025-2026
356,Payton Sandfort,paytonsandfort,2025-2026,G League,OKL,pasted_stats_table,1.522881352224033,1.0,0.37630318667390905,0.0,0.5,common CBA source league/pathway,20,28.85,14.0,0.3952222222222222,0.5414603960396039,0.389,0.342,0.842,,,23.0,,,https://www.youtube.com/results?search_query=Payton+Sandfort+G+League+basketball+highlights,https://www.google.com/search?tbm=vid&q=Payton+Sandfort+G+League+basketball+highlights,Payton Sandfort G League basketball highlights,,https://www.google.com/search?q=site%3Abasketball-reference.com+%22Payton+Sandfort%22+basketball,https://www.google.com/search?q=%22Payton+Sandfort%22+%22G+League%22+official+basketball+stats,356,1.522881352224033,2025-2026
357,Erik Reynolds II,erikreynolds,2025-2026,G League,CPS,pasted_stats_table,1.5216467122336894,1.0,0.2954757378236466,0.0,0.5,common CBA source league/pathway,21,17.61904761904762,14.6,0.4231111111111111,0.5165581658647043,0.382,0.34,1.0,,,23.0,,,https://www.youtube.com/results?search_query=Erik+Reynolds+II+G+League+basketball+highlights,https://www.google.com/search?tbm=vid&q=Erik+Reynolds+II+G+League+basketball+highlights,Erik Reynolds II G League basketball highlights,,https://www.google.com/search?q=site%3Abasketball-reference.com+%22Erik+Reynolds+II%22+basketball,https://www.google.com/search?q=%22Erik+Reynolds+II%22+%22G+League%22+official+basketball+stats,357,1.5216467122336894,2025-2026
358,Geronimo Rubio De La Rosa,geronimorubiodelarosa,2025-2026,G League,MXC,pasted_stats_table,1.5207405395618325,1.0,0.24962882491399604,0.0,0.5,common CBA source league/pathway,4,5.25,15.4,0.4013333333333333,0.5329457364341086,0.375,0.429,0.0,,,24.0,,,https://www.youtube.com/results?search_query=Geronimo+Rubio+De+La+Rosa+G+League+basketball+highlights,https://www.google.com/search?tbm=vid&q=Geronimo+Rubio+De+La+Rosa+G+League+basketball+highlights,Geronimo Rubio De La Rosa G League basketball highlights,,https://www.google.com/search?q=site%3Abasketball-reference.com+%22Geronimo+Rubio+De+La+Rosa%22+basketball,https://www.google.com/search?q=%22Geronimo+Rubio+De+La+Rosa%22+%22G+League%22+official+basketball+stats,358,1.5207405395618325,2025-2026
359,Chase Hunter,chasehunter,2025-2026,G League,BIR,pasted_stats_table,1.519942777174241,1.0,0.32254888647474195,0.0,0.5,common CBA source league/pathway; high usage proxy,31,20.387096774193548,13.8,0.4532222222222222,0.4994209612044007,0.368,0.32,0.917,,,24.0,,,https://www.youtube.com/results?search_query=Chase+Hunter+G+League+basketball+highlights,https://www.google.com/search?tbm=vid&q=Chase+Hunter+G+League+basketball+highlights,Chase Hunter G League basketball highlights,,https://www.google.com/search?q=site%3Abasketball-reference.com+%22Chase+Hunter%22+basketball,https://www.google.com/search?q=%22Chase+Hunter%22+%22G+League%22+official+basketball+stats,359,1.519942777174241,2025-2026
360,Cameron Parker,cameronparker,2025-2026,G League,RIP,pasted_stats_table,1.5189202501659727,1.0,0.42890322288611266,0.0,0.5,common CBA source league/pathway; efficient scoring profile,31,20.032258064516128,13.9,0.3347777777777778,0.7126743232157506,0.503,0.4,0.842,,,,,,https://www.youtube.com/results?search_query=Cameron+Parker+G+League+basketball+highlights,https://www.google.com/search?tbm=vid&q=Cameron+Parker+G+League+basketball+highlights,Cameron Parker G League basketball highlights,,https://www.google.com/search?q=site%3Abasketball-reference.com+%22Cameron+Parker%22+basketball,https://www.google.com/search?q=%22Cameron+Parker%22+%22G+League%22+official+basketball+stats,360,1.5189202501659727,2025-2026
361,Terry Taylor,terrytaylor,2025-2026,G League,IWA,pasted_stats_table,1.5171426911702577,1.0,0.3470152091254753,0.0,0.5,common CBA source league/pathway,8,27.0,13.7,0.4255555555555556,0.4885877318116975,0.458,0.19,0.333,,,26.0,,,https://www.youtube.com/results?search_query=Terry+Taylor+G+League+basketball+highlights,https://www.google.com/search?tbm=vid&q=Terry+Taylor+G+League+basketball+highlights,Terry Taylor G League basketball highlights,,https://www.google.com/search?q=site%3Abasketball-reference.com+%22Terry+Taylor%22+basketball,https://www.google.com/search?q=%22Terry+Taylor%22+%22G+League%22+official+basketball+stats,361,1.5171426911702577,2025-2026
362,Terrence Hargrove Jr.,terrencehargrove,2025-2026,G League,GRG,pasted_stats_table,1.5169642781700767,1.0,0.349301557124751,0.0,0.5,common CBA source league/pathway; efficient scoring profile,35,20.77142857142857,14.3,0.3745555555555555,0.5868351936966514,0.439,0.336,0.909,,,24.0,,,https://www.youtube.com/results?search_query=Terrence+Hargrove+Jr.+G+League+basketball+highlights,https://www.google.com/search?tbm=vid&q=Terrence+Hargrove+Jr.+G+League+basketball+highlights,Terrence Hargrove Jr. G League basketball highlights,,https://www.google.com/search?q=site%3Abasketball-reference.com+%22Terrence+Hargrove+Jr.%22+basketball,https://www.google.com/search?q=%22Terrence+Hargrove+Jr.%22+%22G+League%22+official+basketball+stats,362,1.5169642781700767,2025-2026
363,Zeke Mayo,zekemayo,2025-2026,G League,CLC,pasted_stats_table,1.5154040980143642,1.0,0.34139416983523446,0.0,0.5,common CBA source league/pathway,36,21.38888888888889,13.8,0.4162222222222222,0.5571705426356589,0.404,0.36,0.783,,,23.0,,,https://www.youtube.com/results?search_query=Zeke+Mayo+G+League+basketball+highlights,https://www.google.com/search?tbm=vid&q=Zeke+Mayo+G+League+basketball+highlights,Zeke Mayo G League basketball highlights,,https://www.google.com/search?q=site%3Abasketball-reference.com+%22Zeke+Mayo%22+basketball,https://www.google.com/search?q=%22Zeke+Mayo%22+%22G+League%22+official+basketball+stats,363,1.5154040980143642,2025-2026
364,Lance Terry,lanceterry,2025-2026,G League,MHU,pasted_stats_table,1.512696232421993,1.0,0.37934048524352704,0.0,0.5,common CBA source league/pathway; efficient scoring profile,9,20.55555555555556,14.0,0.3514444444444444,0.6221116246000711,0.518,0.423,0.5,,,,,,https://www.youtube.com/results?search_query=Lance+Terry+G+League+basketball+highlights,https://www.google.com/search?tbm=vid&q=Lance+Terry+G+League+basketball+highlights,Lance Terry G League basketball highlights,,https://www.google.com/search?q=site%3Abasketball-reference.com+%22Lance+Terry%22+basketball,https://www.google.com/search?q=%22Lance+Terry%22+%22G+League%22+official+basketball+stats,364,1.512696232421993,2025-2026
365,Jacksen Moni,jacksenmoni,2025-2026,G League,SCW,pasted_stats_table,1.5105418703603115,1.0,0.32850081477457904,0.0,0.5,common CBA source league/pathway,35,24.457142857142856,13.7,0.4176666666666666,0.5060579196217494,0.351,0.328,0.727,,,22.0,,,https://www.youtube.com/results?search_query=Jacksen+Moni+G+League+basketball+highlights,https://www.google.com/search?tbm=vid&q=Jacksen+Moni+G+League+basketball+highlights,Jacksen Moni G League basketball highlights,,https://www.google.com/search?q=site%3Abasketball-reference.com+%22Jacksen+Moni%22+basketball,https://www.google.com/search?q=%22Jacksen+Moni%22+%22G+League%22+official+basketball+stats,365,1.5105418703603115,2025-2026
366,Trey Galloway,treygalloway,2025-2026,G League,SCW,pasted_stats_table,1.5103220245639448,1.0,0.31017698714466774,0.0,0.5,common CBA source league/pathway; high usage proxy,23,20.47826086956522,13.5,0.4511111111111111,0.4842180774748924,0.401,0.307,0.385,,,24.0,,,https://www.youtube.com/results?search_query=Trey+Galloway+G+League+basketball+highlights,https://www.google.com/search?tbm=vid&q=Trey+Galloway+G+League+basketball+highlights,Trey Galloway G League basketball highlights,,https://www.google.com/search?q=site%3Abasketball-reference.com+%22Trey+Galloway%22+basketball,https://www.google.com/search?q=%22Trey+Galloway%22+%22G+League%22+official+basketball+stats,366,1.5103220245639448,2025-2026
367,Isaiah Hawthorne,isaiahhawthorne,2025-2026,G League,CLC,pasted_stats_table,1.509153471845012,1.0,0.2746138873800471,0.0,0.5,common CBA source league/pathway,21,10.047619047619047,14.3,0.4179999999999999,0.5565068493150686,0.437,0.4,0.4,,,24.0,,,https://www.youtube.com/results?search_query=Isaiah+Hawthorne+G+League+basketball+highlights,https://www.google.com/search?tbm=vid&q=Isaiah+Hawthorne+G+League+basketball+highlights,Isaiah Hawthorne G League basketball highlights,,https://www.google.com/search?q=site%3Abasketball-reference.com+%22Isaiah+Hawthorne%22+basketball,https://www.google.com/search?q=%22Isaiah+Hawthorne%22+%22G+League%22+official+basketball+stats,367,1.509153471845012,2025-2026
368,Aaron Scott,aaronscott,2025-2026,G League,MNE,pasted_stats_table,1.5088298931739998,1.0,0.3553195726959985,0.0,0.5,common CBA source league/pathway; efficient scoring profile,26,18.423076923076923,14.1,0.352,0.6145397489539748,0.469,0.352,0.647,,,22.0,,,https://www.youtube.com/results?search_query=Aaron+Scott+G+League+basketball+highlights,https://www.google.com/search?tbm=vid&q=Aaron+Scott+G+League+basketball+highlights,Aaron Scott G League basketball highlights,,https://www.google.com/search?q=site%3Abasketball-reference.com+%22Aaron+Scott%22+basketball,https://www.google.com/search?q=%22Aaron+Scott%22+%22G+League%22+official+basketball+stats,368,1.5088298931739998,2025-2026
369,Abou Ousmane,abouousmane,2025-2026,G League,TOT,pasted_stats_table,1.5083422656768666,1.0,0.30814684048524354,0.0,0.5,common CBA source league/pathway,35,18.17142857142857,14.2,0.3892222222222222,0.5674552429667519,0.515,0.0,0.6,,,24.0,,,https://www.youtube.com/results?search_query=Abou+Ousmane+G+League+basketball+highlights,https://www.google.com/search?tbm=vid&q=Abou+Ousmane+G+League+basketball+highlights,Abou Ousmane G League basketball highlights,,https://www.google.com/search?q=site%3Abasketball-reference.com+%22Abou+Ousmane%22+basketball,https://www.google.com/search?q=%22Abou+Ousmane%22+%22G+League%22+official+basketball+stats,369,1.5083422656768666,2025-2026
370,Nick Jourdain,nickjourdain,2025-2026,G League,WES,pasted_stats_table,1.5055493014062407,1.0,0.36741942784718445,0.0,0.5,common CBA source league/pathway; efficient scoring profile,32,20.8125,13.5,0.3747777777777778,0.6085467003245583,0.518,0.278,0.545,,,24.0,,,https://www.youtube.com/results?search_query=Nick+Jourdain+G+League+basketball+highlights,https://www.google.com/search?tbm=vid&q=Nick+Jourdain+G+League+basketball+highlights,Nick Jourdain G League basketball highlights,,https://www.google.com/search?q=site%3Abasketball-reference.com+%22Nick+Jourdain%22+basketball,https://www.google.com/search?q=%22Nick+Jourdain%22+%22G+League%22+official+basketball+stats,370,1.5055493014062407,2025-2026
371,Paul Zilinskas,paulzilinskas,2025-2026,G League,TOT,pasted_stats_table,1.5049078022210152,1.0,0.3855200977729495,0.0,0.5,common CBA source league/pathway; efficient scoring profile,27,22.74074074074074,13.8,0.3301111111111111,0.6225189462287983,0.436,0.391,0.833,,,24.0,,,https://www.youtube.com/results?search_query=Paul+Zilinskas+G+League+basketball+highlights,https://www.google.com/search?tbm=vid&q=Paul+Zilinskas+G+League+basketball+highlights,Paul Zilinskas G League basketball highlights,,https://www.google.com/search?q=site%3Abasketball-reference.com+%22Paul+Zilinskas%22+basketball,https://www.google.com/search?q=%22Paul+Zilinskas%22+%22G+League%22+official+basketball+stats,371,1.5049078022210152,2025-2026
372,Jack Clark,jackclark,2025-2026,G League,SCW,pasted_stats_table,1.5031319104955037,1.0,0.3510831975375701,0.0,0.5,common CBA source league/pathway,35,28.62857142857143,13.3,0.3974444444444444,0.5151843817787419,0.394,0.289,0.9,,,25.0,,,https://www.youtube.com/results?search_query=Jack+Clark+G+League+basketball+highlights,https://www.google.com/search?tbm=vid&q=Jack+Clark+G+League+basketball+highlights,Jack Clark G League basketball highlights,,https://www.google.com/search?q=site%3Abasketball-reference.com+%22Jack+Clark%22+basketball,https://www.google.com/search?q=%22Jack+Clark%22+%22G+League%22+official+basketball+stats,372,1.5031319104955037,2025-2026
373,Cameron Tyson,camerontyson,2025-2026,G League,RIP,pasted_stats_table,1.5031088312511316,1.0,0.2738353250045265,0.0,0.444,common CBA source league/pathway; data warning: low_performance_stat_coverage,6,15.666666666666666,14.2,0.425,0.5,0.378,0.346,,,,,,,https://www.youtube.com/results?search_query=Cameron+Tyson+G+League+basketball+highlights,https://www.google.com/search?tbm=vid&q=Cameron+Tyson+G+League+basketball+highlights,Cameron Tyson G League basketball highlights,low_performance_stat_coverage,https://www.google.com/search?q=site%3Abasketball-reference.com+%22Cameron+Tyson%22+basketball,https://www.google.com/search?q=%22Cameron+Tyson%22+%22G+League%22+official+basketball+stats,373,1.5031088312511316,2025-2026
374,Ahmad Caver,ahmadcaver,2025-2026,G League,MXC,pasted_stats_table,1.5026052643490857,1.0,0.37775439072967587,0.0,0.5,common CBA source league/pathway,29,29.41379310344828,13.1,0.3846666666666666,0.5575417092271026,0.404,0.374,0.854,,,29.0,,,https://www.youtube.com/results?search_query=Ahmad+Caver+G+League+basketball+highlights,https://www.google.com/search?tbm=vid&q=Ahmad+Caver+G+League+basketball+highlights,Ahmad Caver G League basketball highlights,,https://www.google.com/search?q=site%3Abasketball-reference.com+%22Ahmad+Caver%22+basketball,https://www.google.com/search?q=%22Ahmad+Caver%22+%22G+League%22+official+basketball+stats,374,1.5026052643490857,2025-2026
375,Josiah Allick,josiahallick,2025-2026,G League,GBO,pasted_stats_table,1.5025329153841511,1.0,0.39802055042549334,0.0,0.5,common CBA source league/pathway; efficient scoring profile,28,17.178571428571427,13.9,0.3001111111111111,0.7312710437710437,0.686,0.3,0.5,,,24.0,,,https://www.youtube.com/results?search_query=Josiah+Allick+G+League+basketball+highlights,https://www.google.com/search?tbm=vid&q=Josiah+Allick+G+League+basketball+highlights,Josiah Allick G League basketball highlights,,https://www.google.com/search?q=site%3Abasketball-reference.com+%22Josiah+Allick%22+basketball,https://www.google.com/search?q=%22Josiah+Allick%22+%22G+League%22+official+basketball+stats,375,1.5025329153841511,2025-2026
376,Christopher Mantis,christophermantis,2025-2026,G League,CCG,pasted_stats_table,1.501462784416682,1.0,0.38362891544450484,0.0,0.5,common CBA source league/pathway; efficient scoring profile,35,22.142857142857142,13.6,0.3342222222222222,0.6277695716395865,0.457,0.428,0.571,,,26.0,,,https://www.youtube.com/results?search_query=Christopher+Mantis+G+League+basketball+highlights,https://www.google.com/search?tbm=vid&q=Christopher+Mantis+G+League+basketball+highlights,Christopher Mantis G League basketball highlights,,https://www.google.com/search?q=site%3Abasketball-reference.com+%22Christopher+Mantis%22+basketball,https://www.google.com/search?q=%22Christopher+Mantis%22+%22G+League%22+official+basketball+stats,376,1.501462784416682,2025-2026
377,Aminu Mohammed,aminumohammed,2025-2026,G League,DEL,pasted_stats_table,1.4969005220592675,1.0,0.3110465326815137,0.0,0.5,common CBA source league/pathway; efficient scoring profile,27,16.88888888888889,13.7,0.3805555555555555,0.5905172413793104,0.511,0.176,0.656,,,,,,https://www.youtube.com/results?search_query=Aminu+Mohammed+G+League+basketball+highlights,https://www.google.com/search?tbm=vid&q=Aminu+Mohammed+G+League+basketball+highlights,Aminu Mohammed G League basketball highlights,,https://www.google.com/search?q=site%3Abasketball-reference.com+%22Aminu+Mohammed%22+basketball,https://www.google.com/search?q=%22Aminu+Mohammed%22+%22G+League%22+official+basketball+stats,377,1.4969005220592675,2025-2026
378,Hayden Gray,haydengray,2025-2026,G League,MNE,pasted_stats_table,1.4960103808316736,1.0,0.36415263443780554,0.0,0.5,common CBA source league/pathway,35,29.742857142857144,12.7,0.4038888888888888,0.5145867098865478,0.411,0.329,0.759,,,22.0,,,https://www.youtube.com/results?search_query=Hayden+Gray+G+League+basketball+highlights,https://www.google.com/search?tbm=vid&q=Hayden+Gray+G+League+basketball+highlights,Hayden Gray G League basketball highlights,,https://www.google.com/search?q=site%3Abasketball-reference.com+%22Hayden+Gray%22+basketball,https://www.google.com/search?q=%22Hayden+Gray%22+%22G+League%22+official+basketball+stats,378,1.4960103808316736,2025-2026
379,Matthew Murrell,matthewmurrell,2025-2026,G League,SLC,pasted_stats_table,1.4959805434848212,1.0,0.34014439616150643,0.0,0.5,common CBA source league/pathway,31,28.387096774193548,13.1,0.3957777777777778,0.5058696323756565,0.368,0.283,0.69,,,24.0,,,https://www.youtube.com/results?search_query=Matthew+Murrell+G+League+basketball+highlights,https://www.google.com/search?tbm=vid&q=Matthew+Murrell+G+League+basketball+highlights,Matthew Murrell G League basketball highlights,,https://www.google.com/search?q=site%3Abasketball-reference.com+%22Matthew+Murrell%22+basketball,https://www.google.com/search?q=%22Matthew+Murrell%22+%22G+League%22+official+basketball+stats,379,1.4959805434848212,2025-2026
380,Christian Koloko,christiankoloko,2025-2026,G League,AUS,pasted_stats_table,1.494544390126139,1.0,0.43439978272677887,0.0,0.5,common CBA source league/pathway; efficient scoring profile,3,20.666666666666668,12.8,0.3197777777777777,0.7988017973040439,0.583,0.0,1.0,,,25.0,,,https://www.youtube.com/results?search_query=Christian+Koloko+G+League+basketball+highlights,https://www.google.com/search?tbm=vid&q=Christian+Koloko+G+League+basketball+highlights,Christian Koloko G League basketball highlights,,https://www.google.com/search?q=site%3Abasketball-reference.com+%22Christian+Koloko%22+basketball,https://www.google.com/search?q=%22Christian+Koloko%22+%22G+League%22+official+basketball+stats,380,1.494544390126139,2025-2026
381,Nolan Hickman,nolanhickman,2025-2026,G League,CCG,pasted_stats_table,1.4939676202546925,1.0,0.3960927032409922,0.0,0.5,common CBA source league/pathway,33,30.545454545454547,12.8,0.3557777777777777,0.5761613251710479,0.43,0.395,0.714,,,22.0,,,https://www.youtube.com/results?search_query=Nolan+Hickman+G+League+basketball+highlights,https://www.google.com/search?tbm=vid&q=Nolan+Hickman+G+League+basketball+highlights,Nolan Hickman G League basketball highlights,,https://www.google.com/search?q=site%3Abasketball-reference.com+%22Nolan+Hickman%22+basketball,https://www.google.com/search?q=%22Nolan+Hickman%22+%22G+League%22+official+basketball+stats,381,1.4939676202546925,2025-2026
382,Taylor Funk,taylorfunk,2025-2026,G League,SDC,pasted_stats_table,1.492799331583077,1.0,0.3249751041100851,0.0,0.5,common CBA source league/pathway,27,25.814814814814813,13.5,0.3662222222222222,0.5450581395348837,0.394,0.339,0.773,,,28.0,,,https://www.youtube.com/results?search_query=Taylor+Funk+G+League+basketball+highlights,https://www.google.com/search?tbm=vid&q=Taylor+Funk+G+League+basketball+highlights,Taylor Funk G League basketball highlights,,https://www.google.com/search?q=site%3Abasketball-reference.com+%22Taylor+Funk%22+basketball,https://www.google.com/search?q=%22Taylor+Funk%22+%22G+League%22+official+basketball+stats,382,1.492799331583077,2025-2026
383,Johnell Davis,johnelldavis,2025-2026,G League,OSC,pasted_stats_table,1.4923116588206893,1.0,0.25980219083831246,0.0,0.5,common CBA source league/pathway,24,13.583333333333334,13.3,0.4454444444444445,0.4912825059101655,0.339,0.27,0.765,,,24.0,,,https://www.youtube.com/results?search_query=Johnell+Davis+G+League+basketball+highlights,https://www.google.com/search?tbm=vid&q=Johnell+Davis+G+League+basketball+highlights,Johnell Davis G League basketball highlights,,https://www.google.com/search?q=site%3Abasketball-reference.com+%22Johnell+Davis%22+basketball,https://www.google.com/search?q=%22Johnell+Davis%22+%22G+League%22+official+basketball+stats,383,1.4923116588206893,2025-2026
384,Makhi Mitchell,makhimitchell,2025-2026,G League,TOT,pasted_stats_table,1.4912502338704812,1.0,0.3785564910374796,0.0,0.5,common CBA source league/pathway; efficient scoring profile,19,12.263157894736842,13.6,0.2984444444444444,0.8248423095584667,0.739,1.0,0.765,,,,,,https://www.youtube.com/results?search_query=Makhi+Mitchell+G+League+basketball+highlights,https://www.google.com/search?tbm=vid&q=Makhi+Mitchell+G+League+basketball+highlights,Makhi Mitchell G League basketball highlights,,https://www.google.com/search?q=site%3Abasketball-reference.com+%22Makhi+Mitchell%22+basketball,https://www.google.com/search?q=%22Makhi+Mitchell%22+%22G+League%22+official+basketball+stats,384,1.4912502338704812,2025-2026
385,Warith Alatishe,warithalatishe,2025-2026,G League,CLC,pasted_stats_table,1.488864324944173,1.0,0.36967952199891363,0.0,0.5,common CBA source league/pathway; efficient scoring profile,29,17.103448275862068,13.2,0.3297777777777778,0.6685575364667747,0.656,0.0,0.5,,,26.0,,,https://www.youtube.com/results?search_query=Warith+Alatishe+G+League+basketball+highlights,https://www.google.com/search?tbm=vid&q=Warith+Alatishe+G+League+basketball+highlights,Warith Alatishe G League basketball highlights,,https://www.google.com/search?q=site%3Abasketball-reference.com+%22Warith+Alatishe%22+basketball,https://www.google.com/search?q=%22Warith+Alatishe%22+%22G+League%22+official+basketball+stats,385,1.488864324944173,2025-2026
386,Igor Miličić Jr.,igormilicic,2025-2026,G League,DEL,pasted_stats_table,1.4885699197296156,1.0,0.27483523447401775,0.0,0.5,common CBA source league/pathway,32,18.34375,13.7,0.3834444444444445,0.5478246960972488,0.425,0.252,0.692,,,23.0,,,https://www.youtube.com/results?search_query=Igor+Mili%C4%8Di%C4%87+Jr.+G+League+basketball+highlights,https://www.google.com/search?tbm=vid&q=Igor+Mili%C4%8Di%C4%87+Jr.+G+League+basketball+highlights,Igor Miličić Jr. G League basketball highlights,,https://www.google.com/search?q=site%3Abasketball-reference.com+%22Igor+Mili%C4%8Di%C4%87+Jr.%22+basketball,https://www.google.com/search?q=%22Igor+Mili%C4%8Di%C4%87+Jr.%22+%22G+League%22+official+basketball+stats,386,1.4885699197296156,2025-2026
387,Nathan Mensah,nathanmensah,2025-2026,G League,SDC,pasted_stats_table,1.4880278215341904,1.0,0.35228906391453924,0.0,0.444,common CBA source league/pathway; efficient scoring profile; data warning: low_performance_stat_coverage,1,18.0,14.0,0.3022222222222222,0.6433823529411764,0.6,,1.0,,,27.0,,,https://www.youtube.com/results?search_query=Nathan+Mensah+G+League+basketball+highlights,https://www.google.com/search?tbm=vid&q=Nathan+Mensah+G+League+basketball+highlights,Nathan Mensah G League basketball highlights,low_performance_stat_coverage,https://www.google.com/search?q=site%3Abasketball-reference.com+%22Nathan+Mensah%22+basketball,https://www.google.com/search?q=%22Nathan+Mensah%22+%22G+League%22+official+basketball+stats,387,1.4880278215341904,2025-2026
388,Vance Jackson Jr.,vancejackson,2025-2026,G League,SDC,pasted_stats_table,1.482702033918764,1.0,0.3502525801195003,0.0,0.5,common CBA source league/pathway; efficient scoring profile,11,8.818181818181818,13.4,0.3085555555555556,0.7276281494352737,0.458,0.588,1.0,,,28.0,,,https://www.youtube.com/results?search_query=Vance+Jackson+Jr.+G+League+basketball+highlights,https://www.google.com/search?tbm=vid&q=Vance+Jackson+Jr.+G+League+basketball+highlights,Vance Jackson Jr. G League basketball highlights,,https://www.google.com/search?q=site%3Abasketball-reference.com+%22Vance+Jackson+Jr.%22+basketball,https://www.google.com/search?q=%22Vance+Jackson+Jr.%22+%22G+League%22+official+basketball+stats,388,1.482702033918764,2025-2026
389,Mohamed Diawara,mohameddiawara,2025-2026,G League,WES,pasted_stats_table,1.4799045491580662,1.0,0.2840181966322651,0.0,0.444,common CBA source league/pathway; data warning: low_performance_stat_coverage,1,20.0,12.6,0.4499999999999999,0.4375,0.375,0.2,,,,20.0,,,https://www.youtube.com/results?search_query=Mohamed+Diawara+G+League+basketball+highlights,https://www.google.com/search?tbm=vid&q=Mohamed+Diawara+G+League+basketball+highlights,Mohamed Diawara G League basketball highlights,low_performance_stat_coverage,https://www.google.com/search?q=site%3Abasketball-reference.com+%22Mohamed+Diawara%22+basketball,https://www.google.com/search?q=%22Mohamed+Diawara%22+%22G+League%22+official+basketball+stats,389,1.4799045491580662,2025-2026
390,Ray Spalding,rayspalding,2025-2026,G League,NOB,pasted_stats_table,1.4795036589413966,1.0,0.2911257468766974,0.0,0.5,common CBA source league/pathway; high usage proxy,4,12.0,10.5,0.5868888888888889,0.2788400254939452,0.304,0.0,0.0,,,28.0,,,https://www.youtube.com/results?search_query=Ray+Spalding+G+League+basketball+highlights,https://www.google.com/search?tbm=vid&q=Ray+Spalding+G+League+basketball+highlights,Ray Spalding G League basketball highlights,,https://www.google.com/search?q=site%3Abasketball-reference.com+%22Ray+Spalding%22+basketball,https://www.google.com/search?q=%22Ray+Spalding%22+%22G+League%22+official+basketball+stats,390,1.4795036589413966,2025-2026
391,Kaleb Johnson,kalebjohnson,2025-2026,G League,VAL,pasted_stats_table,1.4792821383306176,1.0,0.38346188665580305,0.0,0.5,common CBA source league/pathway; efficient scoring profile,28,20.75,12.9,0.3016666666666666,0.6677018633540373,0.644,0.583,0.36,,,,,,https://www.youtube.com/results?search_query=Kaleb+Johnson+G+League+basketball+highlights,https://www.google.com/search?tbm=vid&q=Kaleb+Johnson+G+League+basketball+highlights,Kaleb Johnson G League basketball highlights,,https://www.google.com/search?q=site%3Abasketball-reference.com+%22Kaleb+Johnson%22+basketball,https://www.google.com/search?q=%22Kaleb+Johnson%22+%22G+League%22+official+basketball+stats,391,1.4792821383306176,2025-2026
392,Reece Beekman,reecebeekman,2025-2026,G League,OSC,pasted_stats_table,1.4787251191985031,1.0,0.427011587905124,0.0,0.5,common CBA source league/pathway; efficient scoring profile,34,32.47058823529412,11.7,0.3518888888888888,0.5868780096308186,0.451,0.315,0.742,,,,,,https://www.youtube.com/results?search_query=Reece+Beekman+G+League+basketball+highlights,https://www.google.com/search?tbm=vid&q=Reece+Beekman+G+League+basketball+highlights,Reece Beekman G League basketball highlights,,https://www.google.com/search?q=site%3Abasketball-reference.com+%22Reece+Beekman%22+basketball,https://www.google.com/search?q=%22Reece+Beekman%22+%22G+League%22+official+basketball+stats,392,1.4787251191985031,2025-2026
393,D'Moi Hodge,dmoihodge,2025-2026,G League,TEX,pasted_stats_table,1.4767266431287345,1.0,0.32190657251493754,0.0,0.5,common CBA source league/pathway,33,25.272727272727277,12.8,0.361,0.5567153792623522,0.385,0.344,0.818,,,27.0,,,https://www.youtube.com/results?search_query=D%27Moi+Hodge+G+League+basketball+highlights,https://www.google.com/search?tbm=vid&q=D%27Moi+Hodge+G+League+basketball+highlights,D'Moi Hodge G League basketball highlights,,https://www.google.com/search?q=site%3Abasketball-reference.com+%22D%27Moi+Hodge%22+basketball,https://www.google.com/search?q=%22D%27Moi+Hodge%22+%22G+League%22+official+basketball+stats,393,1.4767266431287345,2025-2026
394,Desmond Cambridge,desmondcambridge,2025-2026,G League,TOT,pasted_stats_table,1.4766449846098137,1.0,0.2629132717725874,0.0,0.5,common CBA source league/pathway,30,18.0,12.9,0.4116666666666667,0.5070754716981132,0.404,0.297,0.625,,,27.0,,,https://www.youtube.com/results?search_query=Desmond+Cambridge+G+League+basketball+highlights,https://www.google.com/search?tbm=vid&q=Desmond+Cambridge+G+League+basketball+highlights,Desmond Cambridge G League basketball highlights,,https://www.google.com/search?q=site%3Abasketball-reference.com+%22Desmond+Cambridge%22+basketball,https://www.google.com/search?q=%22Desmond+Cambridge%22+%22G+League%22+official+basketball+stats,394,1.4766449846098137,2025-2026
395,John Butler,johnbutler,2025-2026,G League,WIS,pasted_stats_table,1.476409401593337,1.0,0.4559709397066811,0.0,0.5,common CBA source league/pathway; efficient scoring profile,35,29.17142857142857,12.1,0.2816666666666667,0.6843891402714932,0.508,0.405,0.862,,,23.0,,,https://www.youtube.com/results?search_query=John+Butler+G+League+basketball+highlights,https://www.google.com/search?tbm=vid&q=John+Butler+G+League+basketball+highlights,John Butler G League basketball highlights,,https://www.google.com/search?q=site%3Abasketball-reference.com+%22John+Butler%22+basketball,https://www.google.com/search?q=%22John+Butler%22+%22G+League%22+official+basketball+stats,395,1.476409401593337,2025-2026
396,Olivier-Maxence Prosper,oliviermaxenceprosper,2025-2026,G League,MHU,pasted_stats_table,1.4762544269418794,1.0,0.2930843744341843,0.0,0.389,common CBA source league/pathway; data warning: low_performance_stat_coverage,1,22.0,13.1,0.4083333333333333,0.5,0.5,,,,,,,,https://www.youtube.com/results?search_query=Olivier-Maxence+Prosper+G+League+basketball+highlights,https://www.google.com/search?tbm=vid&q=Olivier-Maxence+Prosper+G+League+basketball+highlights,Olivier-Maxence Prosper G League basketball highlights,low_performance_stat_coverage,https://www.google.com/search?q=site%3Abasketball-reference.com+%22Olivier-Maxence+Prosper%22+basketball,https://www.google.com/search?q=%22Olivier-Maxence+Prosper%22+%22G+League%22+official+basketball+stats,396,1.4762544269418794,2025-2026
397,Kendall Munson,kendallmunson,2025-2026,G League,OKL,pasted_stats_table,1.475223119983101,1.0,0.3331147021546261,0.0,0.5,common CBA source league/pathway,28,22.857142857142858,12.2,0.3917777777777778,0.5752546208977743,0.54,0.0,0.552,,,24.0,,,https://www.youtube.com/results?search_query=Kendall+Munson+G+League+basketball+highlights,https://www.google.com/search?tbm=vid&q=Kendall+Munson+G+League+basketball+highlights,Kendall Munson G League basketball highlights,,https://www.google.com/search?q=site%3Abasketball-reference.com+%22Kendall+Munson%22+basketball,https://www.google.com/search?q=%22Kendall+Munson%22+%22G+League%22+official+basketball+stats,397,1.475223119983101,2025-2026
398,Lawson Lovering,lawsonlovering,2025-2026,G League,MHU,pasted_stats_table,1.4745852420182268,1.0,0.4078965236284628,0.0,0.5,common CBA source league/pathway; efficient scoring profile,19,26.42105263157895,12.1,0.3224444444444445,0.6430697278911565,0.598,0.5,0.455,,,22.0,,,https://www.youtube.com/results?search_query=Lawson+Lovering+G+League+basketball+highlights,https://www.google.com/search?tbm=vid&q=Lawson+Lovering+G+League+basketball+highlights,Lawson Lovering G League basketball highlights,,https://www.google.com/search?q=site%3Abasketball-reference.com+%22Lawson+Lovering%22+basketball,https://www.google.com/search?q=%22Lawson+Lovering%22+%22G+League%22+official+basketball+stats,398,1.4745852420182268,2025-2026
399,Hank Morgan,hankmorgan,2025-2026,G League,TOT,pasted_stats_table,1.4744241882431046,1.0,0.32325230852797393,0.0,0.5,common CBA source league/pathway; efficient scoring profile,24,17.291666666666668,13.1,0.3264444444444444,0.6207354056103108,0.475,0.414,0.667,,,23.0,,,https://www.youtube.com/results?search_query=Hank+Morgan+G+League+basketball+highlights,https://www.google.com/search?tbm=vid&q=Hank+Morgan+G+League+basketball+highlights,Hank Morgan G League basketball highlights,,https://www.google.com/search?q=site%3Abasketball-reference.com+%22Hank+Morgan%22+basketball,https://www.google.com/search?q=%22Hank+Morgan%22+%22G+League%22+official+basketball+stats,399,1.4744241882431046,2025-2026
400,Gabe Madsen,gabemadsen,2025-2026,G League,SXF,pasted_stats_table,1.4730637259339732,1.0,0.3706993481803368,0.0,0.5,common CBA source league/pathway; efficient scoring profile,36,28.38888888888889,12.4,0.3295555555555555,0.5925076452599389,0.45,0.374,0.667,,,24.0,,,https://www.youtube.com/results?search_query=Gabe+Madsen+G+League+basketball+highlights,https://www.google.com/search?tbm=vid&q=Gabe+Madsen+G+League+basketball+highlights,Gabe Madsen G League basketball highlights,,https://www.google.com/search?q=site%3Abasketball-reference.com+%22Gabe+Madsen%22+basketball,https://www.google.com/search?q=%22Gabe+Madsen%22+%22G+League%22+official+basketball+stats,400,1.4730637259339732,2025-2026
401,Justin Minaya,justinminaya,2025-2026,G League,OSC,pasted_stats_table,1.4642116980505764,1.0,0.36829123664674995,0.0,0.5,common CBA source league/pathway,34,29.705882352941178,11.9,0.3365555555555555,0.5767739433889105,0.44,0.305,0.667,,,26.0,,,https://www.youtube.com/results?search_query=Justin+Minaya+G+League+basketball+highlights,https://www.google.com/search?tbm=vid&q=Justin+Minaya+G+League+basketball+highlights,Justin Minaya G League basketball highlights,,https://www.google.com/search?q=site%3Abasketball-reference.com+%22Justin+Minaya%22+basketball,https://www.google.com/search?q=%22Justin+Minaya%22+%22G+League%22+official+basketball+stats,401,1.4642116980505764,2025-2026
402,Paul Watson,paulwatson,2025-2026,G League,MHU,pasted_stats_table,1.4634498913633895,1.0,0.3204662321202245,0.0,0.5,common CBA source league/pathway,27,27.37037037037037,12.3,0.3493333333333333,0.550286327845383,0.413,0.371,0.667,,,31.0,,,https://www.youtube.com/results?search_query=Paul+Watson+G+League+basketball+highlights,https://www.google.com/search?tbm=vid&q=Paul+Watson+G+League+basketball+highlights,Paul Watson G League basketball highlights,,https://www.google.com/search?q=site%3Abasketball-reference.com+%22Paul+Watson%22+basketball,https://www.google.com/search?q=%22Paul+Watson%22+%22G+League%22+official+basketball+stats,402,1.4634498913633895,2025-2026
403,Cam Young,camyoung,2025-2026,G League,TOT,pasted_stats_table,1.4617942392419578,1.0,0.3282880680789426,0.0,0.5,common CBA source league/pathway; efficient scoring profile,11,16.363636363636363,12.6,0.3108888888888889,0.6433823529411765,0.533,0.5,0.778,,,25.0,,,https://www.youtube.com/results?search_query=Cam+Young+G+League+basketball+highlights,https://www.google.com/search?tbm=vid&q=Cam+Young+G+League+basketball+highlights,Cam Young G League basketball highlights,,https://www.google.com/search?q=site%3Abasketball-reference.com+%22Cam+Young%22+basketball,https://www.google.com/search?q=%22Cam+Young%22+%22G+League%22+official+basketball+stats,403,1.4617942392419578,2025-2026
404,Parker Van Dyke,parkervandyke,2025-2026,G League,SLC,pasted_stats_table,1.4607903675538656,1.0,0.38022813688212925,0.0,0.444,common CBA source league/pathway; efficient scoring profile; data warning: low_performance_stat_coverage,1,15.0,14.4,0.1333333333333333,1.5,1.0,1.0,,,,,,,https://www.youtube.com/results?search_query=Parker+Van+Dyke+G+League+basketball+highlights,https://www.google.com/search?tbm=vid&q=Parker+Van+Dyke+G+League+basketball+highlights,Parker Van Dyke G League basketball highlights,low_performance_stat_coverage,https://www.google.com/search?q=site%3Abasketball-reference.com+%22Parker+Van+Dyke%22+basketball,https://www.google.com/search?q=%22Parker+Van+Dyke%22+%22G+League%22+official+basketball+stats,404,1.4607903675538656,2025-2026
405,Cheikh Mbacke Diong,cheikhmbackediong,2025-2026,G League,TOT,pasted_stats_table,1.4607273296517593,1.0,0.26046487416259273,0.0,0.5,common CBA source league/pathway; efficient scoring profile,10,5.6,12.9,0.3504444444444444,0.6019036954087347,0.643,0.333,0.167,,,,,,https://www.youtube.com/results?search_query=Cheikh+Mbacke+Diong+G+League+basketball+highlights,https://www.google.com/search?tbm=vid&q=Cheikh+Mbacke+Diong+G+League+basketball+highlights,Cheikh Mbacke Diong G League basketball highlights,,https://www.google.com/search?q=site%3Abasketball-reference.com+%22Cheikh+Mbacke+Diong%22+basketball,https://www.google.com/search?q=%22Cheikh+Mbacke+Diong%22+%22G+League%22+official+basketball+stats,405,1.4607273296517593,2025-2026
406,Kameron Warrens,kameronwarrens,2025-2026,G League,MNE,pasted_stats_table,1.4585819376546563,1.0,0.24554997284084737,0.0,0.5,common CBA source league/pathway,28,19.428571428571427,12.4,0.3967777777777778,0.4966356936879205,0.392,0.291,0.706,,,25.0,,,https://www.youtube.com/results?search_query=Kameron+Warrens+G+League+basketball+highlights,https://www.google.com/search?tbm=vid&q=Kameron+Warrens+G+League+basketball+highlights,Kameron Warrens G League basketball highlights,,https://www.google.com/search?q=site%3Abasketball-reference.com+%22Kameron+Warrens%22+basketball,https://www.google.com/search?q=%22Kameron+Warrens%22+%22G+League%22+official+basketball+stats,406,1.4585819376546563,2025-2026
407,David Muoka,davidmuoka,2025-2026,G League,LIN,pasted_stats_table,1.4578274714828896,1.0,0.32564321926489226,0.0,0.5,common CBA source league/pathway; efficient scoring profile,33,18.696969696969692,12.4,0.3136666666666666,0.6267691063485645,0.609,0.0,0.419,,,25.0,,,https://www.youtube.com/results?search_query=David+Muoka+G+League+basketball+highlights,https://www.google.com/search?tbm=vid&q=David+Muoka+G+League+basketball+highlights,David Muoka G League basketball highlights,,https://www.google.com/search?q=site%3Abasketball-reference.com+%22David+Muoka%22+basketball,https://www.google.com/search?q=%22David+Muoka%22+%22G+League%22+official+basketball+stats,407,1.4578274714828896,2025-2026
408,Jeremiah Tilmon,jeremiahtilmon,2025-2026,G League,WIS,pasted_stats_table,1.45506544601364,1.0,0.38137289516567086,0.0,0.5,common CBA source league/pathway; efficient scoring profile,25,18.8,11.6,0.3108888888888889,0.7080078125,0.615,0.333,0.75,,,27.0,,,https://www.youtube.com/results?search_query=Jeremiah+Tilmon+G+League+basketball+highlights,https://www.google.com/search?tbm=vid&q=Jeremiah+Tilmon+G+League+basketball+highlights,Jeremiah Tilmon G League basketball highlights,,https://www.google.com/search?q=site%3Abasketball-reference.com+%22Jeremiah+Tilmon%22+basketball,https://www.google.com/search?q=%22Jeremiah+Tilmon%22+%22G+League%22+official+basketball+stats,408,1.45506544601364,2025-2026
409,Kylor Kelley,kylorkelley,2025-2026,G League,SBL,pasted_stats_table,1.4539939329470697,1.0,0.4289312873438349,0.0,0.444,common CBA source league/pathway; efficient scoring profile; data warning: low_performance_stat_coverage,19,24.789473684210527,12.0,0.2494444444444444,0.7712082262210797,0.733,,0.577,,,28.0,,,https://www.youtube.com/results?search_query=Kylor+Kelley+G+League+basketball+highlights,https://www.google.com/search?tbm=vid&q=Kylor+Kelley+G+League+basketball+highlights,Kylor Kelley G League basketball highlights,low_performance_stat_coverage,https://www.google.com/search?q=site%3Abasketball-reference.com+%22Kylor+Kelley%22+basketball,https://www.google.com/search?q=%22Kylor+Kelley%22+%22G+League%22+official+basketball+stats,409,1.4539939329470697,2025-2026
410,Gabe Levin,gabelevin,2025-2026,G League,STO,pasted_stats_table,1.4499845494598347,1.0,0.42482708672822744,0.0,0.5,common CBA source league/pathway; efficient scoring profile,33,27.51515151515152,11.1,0.2871111111111111,0.6738708110733365,0.565,0.0,0.796,,,,,,https://www.youtube.com/results?search_query=Gabe+Levin+G+League+basketball+highlights,https://www.google.com/search?tbm=vid&q=Gabe+Levin+G+League+basketball+highlights,Gabe Levin G League basketball highlights,,https://www.google.com/search?q=site%3Abasketball-reference.com+%22Gabe+Levin%22+basketball,https://www.google.com/search?q=%22Gabe+Levin%22+%22G+League%22+official+basketball+stats,410,1.4499845494598347,2025-2026
411,Dennis Smith Jr.,dennissmith,2025-2026,G League,TOT,pasted_stats_table,1.445484602269298,1.0,0.29304952018830344,0.0,0.5,common CBA source league/pathway,26,25.692307692307693,10.8,0.4248888888888889,0.439167208848406,0.368,0.277,0.563,,,28.0,,,https://www.youtube.com/results?search_query=Dennis+Smith+Jr.+G+League+basketball+highlights,https://www.google.com/search?tbm=vid&q=Dennis+Smith+Jr.+G+League+basketball+highlights,Dennis Smith Jr. G League basketball highlights,,https://www.google.com/search?q=site%3Abasketball-reference.com+%22Dennis+Smith+Jr.%22+basketball,https://www.google.com/search?q=%22Dennis+Smith+Jr.%22+%22G+League%22+official+basketball+stats,411,1.445484602269298,2025-2026
412,Caleb Stone-Carrawell,calebstonecarrawell,2025-2026,G League,TOT,pasted_stats_table,1.4445085098678256,1.0,0.2407007061379685,0.0,0.5,common CBA source league/pathway; efficient scoring profile,16,10.4375,12.5,0.3373333333333333,0.587185268695979,0.386,0.258,0.667,,,25.0,,,https://www.youtube.com/results?search_query=Caleb+Stone-Carrawell+G+League+basketball+highlights,https://www.google.com/search?tbm=vid&q=Caleb+Stone-Carrawell+G+League+basketball+highlights,Caleb Stone-Carrawell G League basketball highlights,,https://www.google.com/search?q=site%3Abasketball-reference.com+%22Caleb+Stone-Carrawell%22+basketball,https://www.google.com/search?q=%22Caleb+Stone-Carrawell%22+%22G+League%22+official+basketball+stats,412,1.4445085098678256,2025-2026
413,Donte Ingram,donteingram,2025-2026,G League,IWA,pasted_stats_table,1.4432829455609875,1.0,0.25557622668839397,0.0,0.5,common CBA source league/pathway,29,20.75862068965517,12.2,0.3415555555555556,0.540014164305949,0.448,0.319,0.533,,,29.0,,,https://www.youtube.com/results?search_query=Donte+Ingram+G+League+basketball+highlights,https://www.google.com/search?tbm=vid&q=Donte+Ingram+G+League+basketball+highlights,Donte Ingram G League basketball highlights,,https://www.google.com/search?q=site%3Abasketball-reference.com+%22Donte+Ingram%22+basketball,https://www.google.com/search?q=%22Donte+Ingram%22+%22G+League%22+official+basketball+stats,413,1.4432829455609875,2025-2026
414,Steve Settle,stevesettle,2025-2026,G League,SXF,pasted_stats_table,1.4414013142012192,1.0,0.26938303458265433,0.0,0.5,common CBA source league/pathway,32,21.34375,12.0,0.3362222222222222,0.5553498704183636,0.385,0.347,0.742,,,24.0,,,https://www.youtube.com/results?search_query=Steve+Settle+G+League+basketball+highlights,https://www.google.com/search?tbm=vid&q=Steve+Settle+G+League+basketball+highlights,Steve Settle G League basketball highlights,,https://www.google.com/search?q=site%3Abasketball-reference.com+%22Steve+Settle%22+basketball,https://www.google.com/search?q=%22Steve+Settle%22+%22G+League%22+official+basketball+stats,414,1.4414013142012192,2025-2026
415,Trentyn Flowers,trentynflowers,2025-2026,G League,WCB,pasted_stats_table,1.4411930487657674,1.0,0.392216639507514,0.0,0.5,common CBA source league/pathway; efficient scoring profile,3,27.666666666666668,11.3,0.2685555555555556,0.6443886861313869,0.5,0.6,0.6,,,,,,https://www.youtube.com/results?search_query=Trentyn+Flowers+G+League+basketball+highlights,https://www.google.com/search?tbm=vid&q=Trentyn+Flowers+G+League+basketball+highlights,Trentyn Flowers G League basketball highlights,,https://www.google.com/search?q=site%3Abasketball-reference.com+%22Trentyn+Flowers%22+basketball,https://www.google.com/search?q=%22Trentyn+Flowers%22+%22G+League%22+official+basketball+stats,415,1.4411930487657674,2025-2026
416,Kyle Rose,kylerose,2025-2026,G League,TOT,pasted_stats_table,1.4392336366105378,1.0,0.277934546442151,0.0,0.5,common CBA source league/pathway,29,23.103448275862068,11.8,0.335,0.5534709193245779,0.398,0.374,0.786,,,,,,https://www.youtube.com/results?search_query=Kyle+Rose+G+League+basketball+highlights,https://www.google.com/search?tbm=vid&q=Kyle+Rose+G+League+basketball+highlights,Kyle Rose G League basketball highlights,,https://www.google.com/search?q=site%3Abasketball-reference.com+%22Kyle+Rose%22+basketball,https://www.google.com/search?q=%22Kyle+Rose%22+%22G+League%22+official+basketball+stats,416,1.4392336366105378,2025-2026
417,Matthew Moncrieffe,matthewmoncrieffe,2025-2026,G League,MCC,pasted_stats_table,1.4378136052266282,1.0,0.31714330979540106,0.0,0.5,common CBA source league/pathway; efficient scoring profile,19,15.578947368421051,11.9,0.2821111111111111,0.6570229681978799,0.576,0.0,0.55,,,24.0,,,https://www.youtube.com/results?search_query=Matthew+Moncrieffe+G+League+basketball+highlights,https://www.google.com/search?tbm=vid&q=Matthew+Moncrieffe+G+League+basketball+highlights,Matthew Moncrieffe G League basketball highlights,,https://www.google.com/search?q=site%3Abasketball-reference.com+%22Matthew+Moncrieffe%22+basketball,https://www.google.com/search?q=%22Matthew+Moncrieffe%22+%22G+League%22+official+basketball+stats,417,1.4378136052266282,2025-2026
418,Tony Carr,tonycarr,2025-2026,G League,GRG,pasted_stats_table,1.434738766672702,1.0,0.22239951113525258,0.0,0.5,common CBA source league/pathway; efficient scoring profile,4,8.0,12.4,0.3245555555555555,0.5857898715041573,0.333,0.6,1.0,,,,,,https://www.youtube.com/results?search_query=Tony+Carr+G+League+basketball+highlights,https://www.google.com/search?tbm=vid&q=Tony+Carr+G+League+basketball+highlights,Tony Carr G League basketball highlights,,https://www.google.com/search?q=site%3Abasketball-reference.com+%22Tony+Carr%22+basketball,https://www.google.com/search?q=%22Tony+Carr%22+%22G+League%22+official+basketball+stats,418,1.434738766672702,2025-2026
419,Johnny O'Neil,johnnyoneil,2025-2026,G League,BIR,pasted_stats_table,1.433488872291629,1.0,0.27884437805540463,0.0,0.5,common CBA source league/pathway,35,26.057142857142857,11.4,0.3431111111111111,0.5204528853177502,0.373,0.335,0.619,,,23.0,,,https://www.youtube.com/results?search_query=Johnny+O%27Neil+G+League+basketball+highlights,https://www.google.com/search?tbm=vid&q=Johnny+O%27Neil+G+League+basketball+highlights,Johnny O'Neil G League basketball highlights,,https://www.google.com/search?q=site%3Abasketball-reference.com+%22Johnny+O%27Neil%22+basketball,https://www.google.com/search?q=%22Johnny+O%27Neil%22+%22G+League%22+official+basketball+stats,419,1.433488872291629,2025-2026
420,Ben Coupet,bencoupet,2025-2026,G League,GRG,pasted_stats_table,1.4331069693403344,1.0,0.25465009958355966,0.0,0.5,common CBA source league/pathway,24,20.58333333333333,11.8,0.3337777777777778,0.5557648831951771,0.445,0.278,0.737,,,,,,https://www.youtube.com/results?search_query=Ben+Coupet+G+League+basketball+highlights,https://www.google.com/search?tbm=vid&q=Ben+Coupet+G+League+basketball+highlights,Ben Coupet G League basketball highlights,,https://www.google.com/search?q=site%3Abasketball-reference.com+%22Ben+Coupet%22+basketball,https://www.google.com/search?q=%22Ben+Coupet%22+%22G+League%22+official+basketball+stats,420,1.4331069693403344,2025-2026
421,Ibou Badji,iboubadji,2025-2026,G League,TOT,pasted_stats_table,1.4296394456515178,1.0,0.3590688937171827,0.0,0.444,common CBA source league/pathway; efficient scoring profile; data warning: low_performance_stat_coverage,19,16.157894736842106,12.0,0.2218888888888889,0.823271130625686,0.712,,0.652,,,,,,https://www.youtube.com/results?search_query=Ibou+Badji+G+League+basketball+highlights,https://www.google.com/search?tbm=vid&q=Ibou+Badji+G+League+basketball+highlights,Ibou Badji G League basketball highlights,low_performance_stat_coverage,https://www.google.com/search?q=site%3Abasketball-reference.com+%22Ibou+Badji%22+basketball,https://www.google.com/search?q=%22Ibou+Badji%22+%22G+League%22+official+basketball+stats,421,1.4296394456515178,2025-2026
422,Rahsool Diggins,rahsooldiggins,2025-2026,G League,TOT,pasted_stats_table,1.428036483795039,1.0,0.2348126018468224,0.0,0.5,common CBA source league/pathway; high usage proxy,14,10.857142857142858,9.7,0.5013333333333334,0.3452448747152619,0.268,0.138,0.857,,,23.0,,,https://www.youtube.com/results?search_query=Rahsool+Diggins+G+League+basketball+highlights,https://www.google.com/search?tbm=vid&q=Rahsool+Diggins+G+League+basketball+highlights,Rahsool Diggins G League basketball highlights,,https://www.google.com/search?q=site%3Abasketball-reference.com+%22Rahsool+Diggins%22+basketball,https://www.google.com/search?q=%22Rahsool+Diggins%22+%22G+League%22+official+basketball+stats,422,1.428036483795039,2025-2026
423,KJ Jones II,kjjones,2025-2026,G League,STO,pasted_stats_table,1.4278907296759007,1.0,0.32922958537026975,0.0,0.5,common CBA source league/pathway; efficient scoring profile,30,20.4,11.1,0.2943333333333333,0.6382244710211592,0.369,0.333,0.754,,,,,,https://www.youtube.com/results?search_query=KJ+Jones+II+G+League+basketball+highlights,https://www.google.com/search?tbm=vid&q=KJ+Jones+II+G+League+basketball+highlights,KJ Jones II G League basketball highlights,,https://www.google.com/search?q=site%3Abasketball-reference.com+%22KJ+Jones+II%22+basketball,https://www.google.com/search?q=%22KJ+Jones+II%22+%22G+League%22+official+basketball+stats,423,1.4278907296759007,2025-2026
424,Cameron Martin,cameronmartin,2025-2026,G League,WIS,pasted_stats_table,1.4275449333091919,1.0,0.31873528879232305,0.0,0.5,common CBA source league/pathway; efficient scoring profile,12,20.33333333333333,10.9,0.3194444444444444,0.6193181818181818,0.462,0.429,0.647,,,,,,https://www.youtube.com/results?search_query=Cameron+Martin+G+League+basketball+highlights,https://www.google.com/search?tbm=vid&q=Cameron+Martin+G+League+basketball+highlights,Cameron Martin G League basketball highlights,,https://www.google.com/search?q=site%3Abasketball-reference.com+%22Cameron+Martin%22+basketball,https://www.google.com/search?q=%22Cameron+Martin%22+%22G+League%22+official+basketball+stats,424,1.4275449333091919,2025-2026
425,Esteban Roacho,estebanroacho,2025-2026,G League,MXC,pasted_stats_table,1.4258398138089203,1.0,0.17091481079123663,0.0,0.5,common CBA source league/pathway,24,3.75,11.6,0.4044444444444444,0.4769736842105262,0.385,0.125,0.8,,,24.0,,,https://www.youtube.com/results?search_query=Esteban+Roacho+G+League+basketball+highlights,https://www.google.com/search?tbm=vid&q=Esteban+Roacho+G+League+basketball+highlights,Esteban Roacho G League basketball highlights,,https://www.google.com/search?q=site%3Abasketball-reference.com+%22Esteban+Roacho%22+basketball,https://www.google.com/search?q=%22Esteban+Roacho%22+%22G+League%22+official+basketball+stats,425,1.4258398138089203,2025-2026
426,Max Klesmit,maxklesmit,2025-2026,G League,SLC,pasted_stats_table,1.4248995488562979,1.0,0.29570930653630273,0.0,0.5,common CBA source league/pathway; efficient scoring profile,26,16.115384615384617,11.4,0.2918888888888888,0.6327708703374779,0.436,0.403,0.875,,,23.0,,,https://www.youtube.com/results?search_query=Max+Klesmit+G+League+basketball+highlights,https://www.google.com/search?tbm=vid&q=Max+Klesmit+G+League+basketball+highlights,Max Klesmit G League basketball highlights,,https://www.google.com/search?q=site%3Abasketball-reference.com+%22Max+Klesmit%22+basketball,https://www.google.com/search?q=%22Max+Klesmit%22+%22G+League%22+official+basketball+stats,426,1.4248995488562979,2025-2026
427,Trevon Duval,trevonduval,2025-2026,G League,GBO,pasted_stats_table,1.424279405818094,1.0,0.2072954010501539,0.0,0.389,common CBA source league/pathway; data warning: low_performance_stat_coverage,2,9.5,11.4,0.4222222222222222,0.5,0.5,,,,,27.0,,,https://www.youtube.com/results?search_query=Trevon+Duval+G+League+basketball+highlights,https://www.google.com/search?tbm=vid&q=Trevon+Duval+G+League+basketball+highlights,Trevon Duval G League basketball highlights,low_performance_stat_coverage,https://www.google.com/search?q=site%3Abasketball-reference.com+%22Trevon+Duval%22+basketball,https://www.google.com/search?q=%22Trevon+Duval%22+%22G+League%22+official+basketball+stats,427,1.424279405818094,2025-2026
428,Yuri Collins,yuricollins,2025-2026,G League,LIN,pasted_stats_table,1.42391807592492,1.0,0.31751674814412456,0.0,0.444,common CBA source league/pathway; high usage proxy; data warning: low_performance_stat_coverage,2,26.0,9.0,0.4805555555555555,0.3813559322033898,0.294,0.3,,,,24.0,,,https://www.youtube.com/results?search_query=Yuri+Collins+G+League+basketball+highlights,https://www.google.com/search?tbm=vid&q=Yuri+Collins+G+League+basketball+highlights,Yuri Collins G League basketball highlights,low_performance_stat_coverage,https://www.google.com/search?q=site%3Abasketball-reference.com+%22Yuri+Collins%22+basketball,https://www.google.com/search?q=%22Yuri+Collins%22+%22G+League%22+official+basketball+stats,428,1.42391807592492,2025-2026
429,Tyler Polley,tylerpolley,2025-2026,G League,CPS,pasted_stats_table,1.4235991082744885,1.0,0.31806309976462066,0.0,0.5,common CBA source league/pathway; efficient scoring profile,29,20.17241379310345,11.4,0.2643333333333333,0.639300134589502,0.489,0.324,0.783,,,,,,https://www.youtube.com/results?search_query=Tyler+Polley+G+League+basketball+highlights,https://www.google.com/search?tbm=vid&q=Tyler+Polley+G+League+basketball+highlights,Tyler Polley G League basketball highlights,,https://www.google.com/search?q=site%3Abasketball-reference.com+%22Tyler+Polley%22+basketball,https://www.google.com/search?q=%22Tyler+Polley%22+%22G+League%22+official+basketball+stats,429,1.4235991082744885,2025-2026
430,Jermaine Couisnard,jermainecouisnard,2025-2026,G League,TOT,pasted_stats_table,1.423190551632567,1.0,0.21865109541915626,0.0,0.5,common CBA source league/pathway; high usage proxy,9,13.0,10.2,0.458111111111111,0.3401814300960512,0.217,0.174,0.833,,,27.0,,,https://www.youtube.com/results?search_query=Jermaine+Couisnard+G+League+basketball+highlights,https://www.google.com/search?tbm=vid&q=Jermaine+Couisnard+G+League+basketball+highlights,Jermaine Couisnard G League basketball highlights,,https://www.google.com/search?q=site%3Abasketball-reference.com+%22Jermaine+Couisnard%22+basketball,https://www.google.com/search?q=%22Jermaine+Couisnard%22+%22G+League%22+official+basketball+stats,430,1.423190551632567,2025-2026
431,Dylan Cardwell,dylancardwell,2025-2026,G League,STO,pasted_stats_table,1.4205643671917436,1.0,0.4495908021003078,0.0,0.5,common CBA source league/pathway; efficient scoring profile,3,29.33333333333333,9.4,0.2806666666666666,0.7339163023110556,0.714,0.0,0.5,,,24.0,,,https://www.youtube.com/results?search_query=Dylan+Cardwell+G+League+basketball+highlights,https://www.google.com/search?tbm=vid&q=Dylan+Cardwell+G+League+basketball+highlights,Dylan Cardwell G League basketball highlights,,https://www.google.com/search?q=site%3Abasketball-reference.com+%22Dylan+Cardwell%22+basketball,https://www.google.com/search?q=%22Dylan+Cardwell%22+%22G+League%22+official+basketball+stats,431,1.4205643671917436,2025-2026
432,Coleman Hawkins,colemanhawkins,2025-2026,G League,GRG,pasted_stats_table,1.420192188725934,1.0,0.356879866014847,0.0,0.5,common CBA source league/pathway,35,31.114285714285717,10.1,0.3158888888888888,0.5756953944368446,0.498,0.232,0.6,,,24.0,,,https://www.youtube.com/results?search_query=Coleman+Hawkins+G+League+basketball+highlights,https://www.google.com/search?tbm=vid&q=Coleman+Hawkins+G+League+basketball+highlights,Coleman Hawkins G League basketball highlights,,https://www.google.com/search?q=site%3Abasketball-reference.com+%22Coleman+Hawkins%22+basketball,https://www.google.com/search?q=%22Coleman+Hawkins%22+%22G+League%22+official+basketball+stats,432,1.420192188725934,2025-2026
433,Leaky Black,leakyblack,2025-2026,G League,CCG,pasted_stats_table,1.4187467484458929,1.0,0.41920921600579397,0.0,0.5,common CBA source league/pathway; efficient scoring profile,24,35.666666666666664,10.0,0.2557777777777777,0.601829561868079,0.471,0.434,0.588,,,26.0,,,https://www.youtube.com/results?search_query=Leaky+Black+G+League+basketball+highlights,https://www.google.com/search?tbm=vid&q=Leaky+Black+G+League+basketball+highlights,Leaky Black G League basketball highlights,,https://www.google.com/search?q=site%3Abasketball-reference.com+%22Leaky+Black%22+basketball,https://www.google.com/search?q=%22Leaky+Black%22+%22G+League%22+official+basketball+stats,433,1.4187467484458929,2025-2026
434,Trey Jemison,treyjemison,2025-2026,G League,WES,pasted_stats_table,1.4174961071881225,1.0,0.3819844287524896,0.0,0.5,common CBA source league/pathway; efficient scoring profile,21,27.952380952380956,10.2,0.272,0.6381381381381381,0.59,0.5,0.533,,,26.0,,,https://www.youtube.com/results?search_query=Trey+Jemison+G+League+basketball+highlights,https://www.google.com/search?tbm=vid&q=Trey+Jemison+G+League+basketball+highlights,Trey Jemison G League basketball highlights,,https://www.google.com/search?q=site%3Abasketball-reference.com+%22Trey+Jemison%22+basketball,https://www.google.com/search?q=%22Trey+Jemison%22+%22G+League%22+official+basketball+stats,434,1.4174961071881225,2025-2026
435,Eli Cain,elicain,2025-2026,G League,TOT,pasted_stats_table,1.4165145075140324,1.0,0.19905803005612893,0.0,0.5,common CBA source league/pathway,7,12.428571428571429,12.0,0.307,0.5632745024408561,0.44,0.385,0.5,,,,,,https://www.youtube.com/results?search_query=Eli+Cain+G+League+basketball+highlights,https://www.google.com/search?tbm=vid&q=Eli+Cain+G+League+basketball+highlights,Eli Cain G League basketball highlights,,https://www.google.com/search?q=site%3Abasketball-reference.com+%22Eli+Cain%22+basketball,https://www.google.com/search?q=%22Eli+Cain%22+%22G+League%22+official+basketball+stats,435,1.4165145075140324,2025-2026
436,Osayi Osifo,osayiosifo,2025-2026,G League,AUS,pasted_stats_table,1.416235626772889,1.0,0.31923139598044536,0.0,0.444,common CBA source league/pathway; efficient scoring profile; data warning: low_performance_stat_coverage,20,18.8,10.6,0.320111111111111,0.6291547958214625,0.551,,0.636,,,,,,https://www.youtube.com/results?search_query=Osayi+Osifo+G+League+basketball+highlights,https://www.google.com/search?tbm=vid&q=Osayi+Osifo+G+League+basketball+highlights,Osayi Osifo G League basketball highlights,low_performance_stat_coverage,https://www.google.com/search?q=site%3Abasketball-reference.com+%22Osayi+Osifo%22+basketball,https://www.google.com/search?q=%22Osayi+Osifo%22+%22G+League%22+official+basketball+stats,436,1.416235626772889,2025-2026
437,Romeo Weems,romeoweems,2025-2026,G League,RIP,pasted_stats_table,1.415800870601726,1.0,0.23698126018468224,0.0,0.5,common CBA source league/pathway,28,22.285714285714285,10.8,0.3622222222222222,0.4804270462633452,0.38,0.267,0.588,,,24.0,,,https://www.youtube.com/results?search_query=Romeo+Weems+G+League+basketball+highlights,https://www.google.com/search?tbm=vid&q=Romeo+Weems+G+League+basketball+highlights,Romeo Weems G League basketball highlights,,https://www.google.com/search?q=site%3Abasketball-reference.com+%22Romeo+Weems%22+basketball,https://www.google.com/search?q=%22Romeo+Weems%22+%22G+League%22+official+basketball+stats,437,1.415800870601726,2025-2026
438,Lahat Thioune,lahatthioune,2025-2026,G League,TOT,pasted_stats_table,1.414953640835295,1.0,0.21425900778562373,0.0,0.5,common CBA source league/pathway,17,14.411764705882351,11.3,0.3415555555555555,0.5596275752773376,0.5,0.4,0.833,,,26.0,,,https://www.youtube.com/results?search_query=Lahat+Thioune+G+League+basketball+highlights,https://www.google.com/search?tbm=vid&q=Lahat+Thioune+G+League+basketball+highlights,Lahat Thioune G League basketball highlights,,https://www.google.com/search?q=site%3Abasketball-reference.com+%22Lahat+Thioune%22+basketball,https://www.google.com/search?q=%22Lahat+Thioune%22+%22G+League%22+official+basketball+stats,438,1.414953640835295,2025-2026
439,Stevie Mitchell,steviemitchell,2025-2026,G League,RGV,pasted_stats_table,1.4149142072545116,1.0,0.2625457179069346,0.0,0.5,common CBA source league/pathway; efficient scoring profile,22,20.63636363636364,11.2,0.301111111111111,0.5809128630705395,0.457,0.328,0.692,,,23.0,,,https://www.youtube.com/results?search_query=Stevie+Mitchell+G+League+basketball+highlights,https://www.google.com/search?tbm=vid&q=Stevie+Mitchell+G+League+basketball+highlights,Stevie Mitchell G League basketball highlights,,https://www.google.com/search?q=site%3Abasketball-reference.com+%22Stevie+Mitchell%22+basketball,https://www.google.com/search?q=%22Stevie+Mitchell%22+%22G+League%22+official+basketball+stats,439,1.4149142072545116,2025-2026
440,Elfrid Payton,elfridpayton,2025-2026,G League,AUS,pasted_stats_table,1.4121232044782424,1.0,0.25793726235741443,0.0,0.5,common CBA source league/pathway,29,22.310344827586206,10.3,0.3665555555555556,0.5257247856267864,0.473,0.24,0.625,,,30.0,,,https://www.youtube.com/results?search_query=Elfrid+Payton+G+League+basketball+highlights,https://www.google.com/search?tbm=vid&q=Elfrid+Payton+G+League+basketball+highlights,Elfrid Payton G League basketball highlights,,https://www.google.com/search?q=site%3Abasketball-reference.com+%22Elfrid+Payton%22+basketball,https://www.google.com/search?q=%22Elfrid+Payton%22+%22G+League%22+official+basketball+stats,440,1.4121232044782424,2025-2026
441,Charles Bediako,charlesbediako,2025-2026,G League,MCC,pasted_stats_table,1.406862016416199,1.0,0.3083369545536846,0.0,0.5,common CBA source league/pathway; efficient scoring profile,6,15.666666666666666,10.0,0.3191111111111111,0.6503642039542143,0.588,0.0,0.429,,,23.0,,,https://www.youtube.com/results?search_query=Charles+Bediako+G+League+basketball+highlights,https://www.google.com/search?tbm=vid&q=Charles+Bediako+G+League+basketball+highlights,Charles Bediako G League basketball highlights,,https://www.google.com/search?q=site%3Abasketball-reference.com+%22Charles+Bediako%22+basketball,https://www.google.com/search?q=%22Charles+Bediako%22+%22G+League%22+official+basketball+stats,441,1.406862016416199,2025-2026
442,Kalib Boone,kalibboone,2025-2026,G League,TOT,pasted_stats_table,1.4038086034160178,1.0,0.29978996921962703,0.0,0.5,common CBA source league/pathway; efficient scoring profile,30,15.5,10.5,0.2754444444444444,0.6549401197604791,0.589,0.214,0.722,,,25.0,,,https://www.youtube.com/results?search_query=Kalib+Boone+G+League+basketball+highlights,https://www.google.com/search?tbm=vid&q=Kalib+Boone+G+League+basketball+highlights,Kalib Boone G League basketball highlights,,https://www.google.com/search?q=site%3Abasketball-reference.com+%22Kalib+Boone%22+basketball,https://www.google.com/search?q=%22Kalib+Boone%22+%22G+League%22+official+basketball+stats,442,1.4038086034160178,2025-2026
443,Jamarion Sharp,jamarionsharp,2025-2026,G League,TEX,pasted_stats_table,1.3997032093065362,1.0,0.3908795038928119,0.0,0.444,common CBA source league/pathway; efficient scoring profile; data warning: low_performance_stat_coverage,25,24.92,10.1,0.2223333333333333,0.710867117117117,0.712,,0.37,,,,,,https://www.youtube.com/results?search_query=Jamarion+Sharp+G+League+basketball+highlights,https://www.google.com/search?tbm=vid&q=Jamarion+Sharp+G+League+basketball+highlights,Jamarion Sharp G League basketball highlights,low_performance_stat_coverage,https://www.google.com/search?q=site%3Abasketball-reference.com+%22Jamarion+Sharp%22+basketball,https://www.google.com/search?q=%22Jamarion+Sharp%22+%22G+League%22+official+basketball+stats,443,1.3997032093065362,2025-2026
444,James Reese,jamesreese,2025-2026,G League,SBL,pasted_stats_table,1.399070666606313,1.0,0.23850488864747418,0.0,0.5,common CBA source league/pathway,2,18.0,10.0,0.3577777777777778,0.563063063063063,0.25,0.4,1.0,,,27.0,,,https://www.youtube.com/results?search_query=James+Reese+G+League+basketball+highlights,https://www.google.com/search?tbm=vid&q=James+Reese+G+League+basketball+highlights,James Reese G League basketball highlights,,https://www.google.com/search?q=site%3Abasketball-reference.com+%22James+Reese%22+basketball,https://www.google.com/search?q=%22James+Reese%22+%22G+League%22+official+basketball+stats,444,1.399070666606313,2025-2026
445,Justin Jackson,justinjackson,2025-2026,G League,WCB,pasted_stats_table,1.3983537479630637,1.0,0.17974832518558753,0.0,0.5,common CBA source league/pathway,22,14.772727272727272,11.1,0.3256666666666666,0.522402108433735,0.386,0.278,0.579,,,28.0,,,https://www.youtube.com/results?search_query=Justin+Jackson+G+League+basketball+highlights,https://www.google.com/search?tbm=vid&q=Justin+Jackson+G+League+basketball+highlights,Justin Jackson G League basketball highlights,,https://www.google.com/search?q=site%3Abasketball-reference.com+%22Justin+Jackson%22+basketball,https://www.google.com/search?q=%22Justin+Jackson%22+%22G+League%22+official+basketball+stats,445,1.3983537479630637,2025-2026
446,Toby Okani,tobyokani,2025-2026,G League,WES,pasted_stats_table,1.3934881405033497,1.0,0.19728589534673185,0.0,0.5,common CBA source league/pathway,34,19.705882352941178,10.2,0.3606666666666667,0.4601226993865031,0.359,0.279,0.476,,,24.0,,,https://www.youtube.com/results?search_query=Toby+Okani+G+League+basketball+highlights,https://www.google.com/search?tbm=vid&q=Toby+Okani+G+League+basketball+highlights,Toby Okani G League basketball highlights,,https://www.google.com/search?q=site%3Abasketball-reference.com+%22Toby+Okani%22+basketball,https://www.google.com/search?q=%22Toby+Okani%22+%22G+League%22+official+basketball+stats,446,1.3934881405033497,2025-2026
447,T.J. Weeks,tjweeks,2025-2026,G League,OKL,pasted_stats_table,1.3926659952320597,1.0,0.36355286981712837,0.0,0.5,common CBA source league/pathway; efficient scoring profile,2,33.5,9.7,0.2311111111111111,0.5829326923076923,0.4,0.308,1.0,,,25.0,,,https://www.youtube.com/results?search_query=T.J.+Weeks+G+League+basketball+highlights,https://www.google.com/search?tbm=vid&q=T.J.+Weeks+G+League+basketball+highlights,T.J. Weeks G League basketball highlights,,https://www.google.com/search?q=site%3Abasketball-reference.com+%22T.J.+Weeks%22+basketball,https://www.google.com/search?q=%22T.J.+Weeks%22+%22G+League%22+official+basketball+stats,447,1.3926659952320597,2025-2026
448,Marcus Burk,marcusburk,2025-2026,G League,VAL,pasted_stats_table,1.3925070613796848,1.0,0.3130282455187398,0.0,0.5,common CBA source league/pathway; efficient scoring profile,35,23.571428571428573,10.1,0.249,0.6185693287604116,0.456,0.387,0.786,,,,,,https://www.youtube.com/results?search_query=Marcus+Burk+G+League+basketball+highlights,https://www.google.com/search?tbm=vid&q=Marcus+Burk+G+League+basketball+highlights,Marcus Burk G League basketball highlights,,https://www.google.com/search?q=site%3Abasketball-reference.com+%22Marcus+Burk%22+basketball,https://www.google.com/search?q=%22Marcus+Burk%22+%22G+League%22+official+basketball+stats,448,1.3925070613796848,2025-2026
449,Derrin Boyd,derrinboyd,2025-2026,G League,TOT,pasted_stats_table,1.3919405139115215,1.0,0.19087316675719718,0.0,0.5,common CBA source league/pathway,8,19.125,10.4,0.3448888888888889,0.4720406681190995,0.318,0.292,0.833,,,25.0,,,https://www.youtube.com/results?search_query=Derrin+Boyd+G+League+basketball+highlights,https://www.google.com/search?tbm=vid&q=Derrin+Boyd+G+League+basketball+highlights,Derrin Boyd G League basketball highlights,,https://www.google.com/search?q=site%3Abasketball-reference.com+%22Derrin+Boyd%22+basketball,https://www.google.com/search?q=%22Derrin+Boyd%22+%22G+League%22+official+basketball+stats,449,1.3919405139115215,2025-2026
450,Kalil Thomas,kalilthomas,2025-2026,G League,TOT,pasted_stats_table,1.3899321307864083,1.0,0.21157296759007785,0.0,0.444,common CBA source league/pathway; data warning: low_performance_stat_coverage,5,20.6,10.5,0.3305555555555555,0.5,0.367,0.32,,,,,,,https://www.youtube.com/results?search_query=Kalil+Thomas+G+League+basketball+highlights,https://www.google.com/search?tbm=vid&q=Kalil+Thomas+G+League+basketball+highlights,Kalil Thomas G League basketball highlights,low_performance_stat_coverage,https://www.google.com/search?q=site%3Abasketball-reference.com+%22Kalil+Thomas%22+basketball,https://www.google.com/search?q=%22Kalil+Thomas%22+%22G+League%22+official+basketball+stats,450,1.3899321307864083,2025-2026
451,Lucas Williamson,lucaswilliamson,2025-2026,G League,TOT,pasted_stats_table,1.3892756880318666,1.0,0.24176941879413363,0.0,0.5,common CBA source league/pathway,34,25.58823529411765,10.0,0.3153333333333333,0.5180273518441774,0.364,0.32,0.65,,,,,,https://www.youtube.com/results?search_query=Lucas+Williamson+G+League+basketball+highlights,https://www.google.com/search?tbm=vid&q=Lucas+Williamson+G+League+basketball+highlights,Lucas Williamson G League basketball highlights,,https://www.google.com/search?q=site%3Abasketball-reference.com+%22Lucas+Williamson%22+basketball,https://www.google.com/search?q=%22Lucas+Williamson%22+%22G+League%22+official+basketball+stats,451,1.3892756880318666,2025-2026
452,Luke Goode,lukegoode,2025-2026,G League,SBL,pasted_stats_table,1.3869926443961615,1.0,0.17997057758464602,0.0,0.5,common CBA source league/pathway,31,16.93548387096774,10.6,0.32,0.5038022813688212,0.373,0.336,0.429,,,23.0,,,https://www.youtube.com/results?search_query=Luke+Goode+G+League+basketball+highlights,https://www.google.com/search?tbm=vid&q=Luke+Goode+G+League+basketball+highlights,Luke Goode G League basketball highlights,,https://www.google.com/search?q=site%3Abasketball-reference.com+%22Luke+Goode%22+basketball,https://www.google.com/search?q=%22Luke+Goode%22+%22G+League%22+official+basketball+stats,452,1.3869926443961615,2025-2026
453,Pierre Crockrell II,pierrecrockrell,2025-2026,G League,TOT,pasted_stats_table,1.3838239860583017,1.0,0.2212959442332066,0.0,0.5,common CBA source league/pathway,18,22.05555555555556,9.3,0.37,0.4783950617283951,0.467,1.0,0.6,,,,,,https://www.youtube.com/results?search_query=Pierre+Crockrell+II+G+League+basketball+highlights,https://www.google.com/search?tbm=vid&q=Pierre+Crockrell+II+G+League+basketball+highlights,Pierre Crockrell II G League basketball highlights,,https://www.google.com/search?q=site%3Abasketball-reference.com+%22Pierre+Crockrell+II%22+basketball,https://www.google.com/search?q=%22Pierre+Crockrell+II%22+%22G+League%22+official+basketball+stats,453,1.3838239860583017,2025-2026
454,Tomas Chapero,tomaschapero,2025-2026,G League,MXC,pasted_stats_table,1.3819581749049428,1.0,0.37783269961977184,0.0,0.5,common CBA source league/pathway; efficient scoring profile,36,22.666666666666668,9.0,0.2299999999999999,0.7525083612040134,0.655,0.429,0.63,,,24.0,,,https://www.youtube.com/results?search_query=Tomas+Chapero+G+League+basketball+highlights,https://www.google.com/search?tbm=vid&q=Tomas+Chapero+G+League+basketball+highlights,Tomas Chapero G League basketball highlights,,https://www.google.com/search?q=site%3Abasketball-reference.com+%22Tomas+Chapero%22+basketball,https://www.google.com/search?q=%22Tomas+Chapero%22+%22G+League%22+official+basketball+stats,454,1.3819581749049428,2025-2026
455,Joey Calcaterra,joeycalcaterra,2025-2026,G League,MHU,pasted_stats_table,1.3818959110386868,1.0,0.23120586637696905,0.0,0.444,common CBA source league/pathway; efficient scoring profile; data warning: low_performance_stat_coverage,3,15.333333333333334,10.2,0.3027777777777777,0.5930232558139534,0.455,0.333,,,,27.0,,,https://www.youtube.com/results?search_query=Joey+Calcaterra+G+League+basketball+highlights,https://www.google.com/search?tbm=vid&q=Joey+Calcaterra+G+League+basketball+highlights,Joey Calcaterra G League basketball highlights,low_performance_stat_coverage,https://www.google.com/search?q=site%3Abasketball-reference.com+%22Joey+Calcaterra%22+basketball,https://www.google.com/search?q=%22Joey+Calcaterra%22+%22G+League%22+official+basketball+stats,455,1.3818959110386868,2025-2026
456,Matt Cross,mattcross,2025-2026,G League,TEX,pasted_stats_table,1.3803237144667753,1.0,0.2966281912004346,0.0,0.5,common CBA source league/pathway; efficient scoring profile,36,22.47222222222222,9.7,0.2486666666666666,0.6176770249617931,0.5,0.414,0.588,,,24.0,,,https://www.youtube.com/results?search_query=Matt+Cross+G+League+basketball+highlights,https://www.google.com/search?tbm=vid&q=Matt+Cross+G+League+basketball+highlights,Matt Cross G League basketball highlights,,https://www.google.com/search?q=site%3Abasketball-reference.com+%22Matt+Cross%22+basketball,https://www.google.com/search?q=%22Matt+Cross%22+%22G+League%22+official+basketball+stats,456,1.3803237144667753,2025-2026
457,Jamiya Neal,jamiyaneal,2025-2026,G League,RIP,pasted_stats_table,1.3790528019192467,1.0,0.22054454101032048,0.0,0.5,common CBA source league/pathway; efficient scoring profile,5,6.8,9.5,0.3356666666666666,0.6024860476915271,0.571,0.5,0.0,,,,,,https://www.youtube.com/results?search_query=Jamiya+Neal+G+League+basketball+highlights,https://www.google.com/search?tbm=vid&q=Jamiya+Neal+G+League+basketball+highlights,Jamiya Neal G League basketball highlights,,https://www.google.com/search?q=site%3Abasketball-reference.com+%22Jamiya+Neal%22+basketball,https://www.google.com/search?q=%22Jamiya+Neal%22+%22G+League%22+official+basketball+stats,457,1.3790528019192467,2025-2026
458,John Knight III,johnknight,2025-2026,G League,RGV,pasted_stats_table,1.3773310549821955,1.0,0.3095464421510049,0.0,0.5,common CBA source league/pathway,34,31.294117647058822,9.1,0.2717777777777778,0.5559628543499511,0.487,0.357,0.656,,,26.0,,,https://www.youtube.com/results?search_query=John+Knight+III+G+League+basketball+highlights,https://www.google.com/search?tbm=vid&q=John+Knight+III+G+League+basketball+highlights,John Knight III G League basketball highlights,,https://www.google.com/search?q=site%3Abasketball-reference.com+%22John+Knight+III%22+basketball,https://www.google.com/search?q=%22John+Knight+III%22+%22G+League%22+official+basketball+stats,458,1.3773310549821955,2025-2026
459,Lacey James,laceyjames,2025-2026,G League,WIS,pasted_stats_table,1.3763178224394956,1.0,0.17304906753575955,0.0,0.5,common CBA source league/pathway,16,18.1875,9.9,0.3402222222222222,0.469283276450512,0.456,0.2,0.286,,,,,,https://www.youtube.com/results?search_query=Lacey+James+G+League+basketball+highlights,https://www.google.com/search?tbm=vid&q=Lacey+James+G+League+basketball+highlights,Lacey James G League basketball highlights,,https://www.google.com/search?q=site%3Abasketball-reference.com+%22Lacey+James%22+basketball,https://www.google.com/search?q=%22Lacey+James%22+%22G+League%22+official+basketball+stats,459,1.3763178224394956,2025-2026
460,Steven Crowl,stevencrowl,2025-2026,G League,SLC,pasted_stats_table,1.3747568199649949,1.0,0.38591616874886836,0.0,0.5,common CBA source league/pathway; efficient scoring profile,31,24.483870967741936,8.9,0.2011111111111111,0.7619863013698629,0.699,0.222,0.773,,,24.0,,,https://www.youtube.com/results?search_query=Steven+Crowl+G+League+basketball+highlights,https://www.google.com/search?tbm=vid&q=Steven+Crowl+G+League+basketball+highlights,Steven Crowl G League basketball highlights,,https://www.google.com/search?q=site%3Abasketball-reference.com+%22Steven+Crowl%22+basketball,https://www.google.com/search?q=%22Steven+Crowl%22+%22G+League%22+official+basketball+stats,460,1.3747568199649949,2025-2026
461,Ryan Woolridge,ryanwoolridge,2025-2026,G League,WCB,pasted_stats_table,1.371275710664494,1.0,0.2457695093246424,0.0,0.5,common CBA source league/pathway,26,28.23076923076923,8.9,0.3273333333333333,0.4742114236999147,0.44,0.238,0.5,,,,,,https://www.youtube.com/results?search_query=Ryan+Woolridge+G+League+basketball+highlights,https://www.google.com/search?tbm=vid&q=Ryan+Woolridge+G+League+basketball+highlights,Ryan Woolridge G League basketball highlights,,https://www.google.com/search?q=site%3Abasketball-reference.com+%22Ryan+Woolridge%22+basketball,https://www.google.com/search?q=%22Ryan+Woolridge%22+%22G+League%22+official+basketball+stats,461,1.371275710664494,2025-2026
462,Jarron Cumberland,jarroncumberland,2025-2026,G League,TOT,pasted_stats_table,1.3712469445953286,1.0,0.18332111171464782,0.0,0.5,common CBA source league/pathway,34,18.705882352941178,10.1,0.2936666666666666,0.5275804429586294,0.377,0.312,0.783,,,28.0,,,https://www.youtube.com/results?search_query=Jarron+Cumberland+G+League+basketball+highlights,https://www.google.com/search?tbm=vid&q=Jarron+Cumberland+G+League+basketball+highlights,Jarron Cumberland G League basketball highlights,,https://www.google.com/search?q=site%3Abasketball-reference.com+%22Jarron+Cumberland%22+basketball,https://www.google.com/search?q=%22Jarron+Cumberland%22+%22G+League%22+official+basketball+stats,462,1.3712469445953286,2025-2026
463,Riley Grigsby,rileygrigsby,2025-2026,G League,TOT,pasted_stats_table,1.3681560972297664,1.0,0.15862438891906572,0.0,0.5,common CBA source league/pathway,14,12.642857142857142,10.4,0.282,0.5443886097152429,0.422,0.261,1.0,,,26.0,,,https://www.youtube.com/results?search_query=Riley+Grigsby+G+League+basketball+highlights,https://www.google.com/search?tbm=vid&q=Riley+Grigsby+G+League+basketball+highlights,Riley Grigsby G League basketball highlights,,https://www.google.com/search?q=site%3Abasketball-reference.com+%22Riley+Grigsby%22+basketball,https://www.google.com/search?q=%22Riley+Grigsby%22+%22G+League%22+official+basketball+stats,463,1.3681560972297664,2025-2026
464,Garrison Brooks,garrisonbrooks,2025-2026,G League,BIR,pasted_stats_table,1.3669448895527792,1.0,0.23477955821111712,0.0,0.5,common CBA source league/pathway; efficient scoring profile,14,18.928571428571427,9.6,0.2649999999999999,0.5970149253731344,0.429,0.385,1.0,,,,,,https://www.youtube.com/results?search_query=Garrison+Brooks+G+League+basketball+highlights,https://www.google.com/search?tbm=vid&q=Garrison+Brooks+G+League+basketball+highlights,Garrison Brooks G League basketball highlights,,https://www.google.com/search?q=site%3Abasketball-reference.com+%22Garrison+Brooks%22+basketball,https://www.google.com/search?q=%22Garrison+Brooks%22+%22G+League%22+official+basketball+stats,464,1.3669448895527792,2025-2026
465,Ibrahima Diallo,ibrahimadiallo,2025-2026,G League,WES,pasted_stats_table,1.3642478197235801,1.0,0.17243572333876517,0.0,0.5,common CBA source league/pathway,20,13.45,9.9,0.2925555555555555,0.5604619565217392,0.509,0.0,0.476,,,,,,https://www.youtube.com/results?search_query=Ibrahima+Diallo+G+League+basketball+highlights,https://www.google.com/search?tbm=vid&q=Ibrahima+Diallo+G+League+basketball+highlights,Ibrahima Diallo G League basketball highlights,,https://www.google.com/search?q=site%3Abasketball-reference.com+%22Ibrahima+Diallo%22+basketball,https://www.google.com/search?q=%22Ibrahima+Diallo%22+%22G+League%22+official+basketball+stats,465,1.3642478197235801,2025-2026
466,Drew Cisse,drewcisse,2025-2026,G League,DEL,pasted_stats_table,1.3627947960045868,1.0,0.27569029512945864,0.0,0.444,common CBA source league/pathway; efficient scoring profile; data warning: low_performance_stat_coverage,35,21.542857142857144,9.3,0.2538888888888889,0.6086387434554974,0.627,,0.238,,,,,,https://www.youtube.com/results?search_query=Drew+Cisse+G+League+basketball+highlights,https://www.google.com/search?tbm=vid&q=Drew+Cisse+G+League+basketball+highlights,Drew Cisse G League basketball highlights,low_performance_stat_coverage,https://www.google.com/search?q=site%3Abasketball-reference.com+%22Drew+Cisse%22+basketball,https://www.google.com/search?q=%22Drew+Cisse%22+%22G+League%22+official+basketball+stats,466,1.3627947960045868,2025-2026
467,Daniel Batcho,danielbatcho,2025-2026,G League,TOT,pasted_stats_table,1.3621980339791175,1.0,0.1667476914720261,0.0,0.444,common CBA source league/pathway; data warning: low_performance_stat_coverage,21,10.142857142857142,10.3,0.2804444444444444,0.5661829375549693,0.444,,0.65,,,24.0,,,https://www.youtube.com/results?search_query=Daniel+Batcho+G+League+basketball+highlights,https://www.google.com/search?tbm=vid&q=Daniel+Batcho+G+League+basketball+highlights,Daniel Batcho G League basketball highlights,low_performance_stat_coverage,https://www.google.com/search?q=site%3Abasketball-reference.com+%22Daniel+Batcho%22+basketball,https://www.google.com/search?q=%22Daniel+Batcho%22+%22G+League%22+official+basketball+stats,467,1.3621980339791175,2025-2026
468,Jahlil White,jahlilwhite,2025-2026,G League,TOT,pasted_stats_table,1.359972689963184,1.0,0.19211298207495925,0.0,0.5,common CBA source league/pathway,13,20.23076923076923,9.2,0.3117777777777777,0.5272810637322328,0.509,0.3,0.333,,,24.0,,,https://www.youtube.com/results?search_query=Jahlil+White+G+League+basketball+highlights,https://www.google.com/search?tbm=vid&q=Jahlil+White+G+League+basketball+highlights,Jahlil White G League basketball highlights,,https://www.google.com/search?q=site%3Abasketball-reference.com+%22Jahlil+White%22+basketball,https://www.google.com/search?q=%22Jahlil+White%22+%22G+League%22+official+basketball+stats,468,1.359972689963184,2025-2026
469,James Banks III,jamesbanks,2025-2026,G League,AUS,pasted_stats_table,1.3595035140925824,1.0,0.20619183414810793,0.0,0.444,common CBA source league/pathway; data warning: low_performance_stat_coverage,35,19.0,9.6,0.2862222222222222,0.5644402634054563,0.483,,0.7,,,28.0,,,https://www.youtube.com/results?search_query=James+Banks+III+G+League+basketball+highlights,https://www.google.com/search?tbm=vid&q=James+Banks+III+G+League+basketball+highlights,James Banks III G League basketball highlights,low_performance_stat_coverage,https://www.google.com/search?q=site%3Abasketball-reference.com+%22James+Banks+III%22+basketball,https://www.google.com/search?q=%22James+Banks+III%22+%22G+League%22+official+basketball+stats,469,1.3595035140925824,2025-2026
470,Jaden Seymour,jadenseymour,2025-2026,G League,GRG,pasted_stats_table,1.3591905365441488,1.0,0.1432065906210393,0.0,0.5,common CBA source league/pathway,9,4.333333333333333,10.2,0.2775555555555555,0.5609326880774307,0.444,0.333,0.5,,,,,,https://www.youtube.com/results?search_query=Jaden+Seymour+G+League+basketball+highlights,https://www.google.com/search?tbm=vid&q=Jaden+Seymour+G+League+basketball+highlights,Jaden Seymour G League basketball highlights,,https://www.google.com/search?q=site%3Abasketball-reference.com+%22Jaden+Seymour%22+basketball,https://www.google.com/search?q=%22Jaden+Seymour%22+%22G+League%22+official+basketball+stats,470,1.3591905365441488,2025-2026
471,Jaykwon Walton,jaykwonwalton,2025-2026,G League,TOT,pasted_stats_table,1.357826332307321,1.0,0.1654164403403947,0.0,0.5,common CBA source league/pathway,6,11.333333333333334,7.9,0.4338888888888889,0.3180354267310789,0.304,0.091,0.0,,,,,,https://www.youtube.com/results?search_query=Jaykwon+Walton+G+League+basketball+highlights,https://www.google.com/search?tbm=vid&q=Jaykwon+Walton+G+League+basketball+highlights,Jaykwon Walton G League basketball highlights,,https://www.google.com/search?q=site%3Abasketball-reference.com+%22Jaykwon+Walton%22+basketball,https://www.google.com/search?q=%22Jaykwon+Walton%22+%22G+League%22+official+basketball+stats,471,1.357826332307321,2025-2026
472,O'Mar Stanley,omarstanley,2025-2026,G League,MCC,pasted_stats_table,1.3564180019916714,1.0,0.13100534130001812,0.0,0.5,common CBA source league/pathway,21,12.047619047619047,9.8,0.3106666666666667,0.4957507082152975,0.424,0.154,0.75,,,24.0,,,https://www.youtube.com/results?search_query=O%27Mar+Stanley+G+League+basketball+highlights,https://www.google.com/search?tbm=vid&q=O%27Mar+Stanley+G+League+basketball+highlights,O'Mar Stanley G League basketball highlights,,https://www.google.com/search?q=site%3Abasketball-reference.com+%22O%27Mar+Stanley%22+basketball,https://www.google.com/search?q=%22O%27Mar+Stanley%22+%22G+League%22+official+basketball+stats,472,1.3564180019916714,2025-2026
473,Fernandus Brown,fernandusbrown,2025-2026,G League,IWA,pasted_stats_table,1.3517833076830224,1.0,0.1395776751765345,0.0,0.5,common CBA source league/pathway,30,13.333333333333334,9.5,0.3075555555555555,0.5122950819672132,0.526,0.071,0.071,,,,,,https://www.youtube.com/results?search_query=Fernandus+Brown+G+League+basketball+highlights,https://www.google.com/search?tbm=vid&q=Fernandus+Brown+G+League+basketball+highlights,Fernandus Brown G League basketball highlights,,https://www.google.com/search?q=site%3Abasketball-reference.com+%22Fernandus+Brown%22+basketball,https://www.google.com/search?q=%22Fernandus+Brown%22+%22G+League%22+official+basketball+stats,473,1.3517833076830224,2025-2026
474,CJ Fulton,cjfulton,2025-2026,G League,IWA,pasted_stats_table,1.3476847350473775,1.0,0.28396116241173275,0.0,0.5,common CBA source league/pathway; efficient scoring profile,18,9.333333333333334,8.6,0.2187777777777777,0.7444598337950138,0.5,0.6,1.0,,,23.0,,,https://www.youtube.com/results?search_query=CJ+Fulton+G+League+basketball+highlights,https://www.google.com/search?tbm=vid&q=CJ+Fulton+G+League+basketball+highlights,CJ Fulton G League basketball highlights,,https://www.google.com/search?q=site%3Abasketball-reference.com+%22CJ+Fulton%22+basketball,https://www.google.com/search?q=%22CJ+Fulton%22+%22G+League%22+official+basketball+stats,474,1.3476847350473775,2025-2026
475,Jack Gohlke,jackgohlke,2025-2026,G League,TEX,pasted_stats_table,1.3445714361156376,1.0,0.14617463335143943,0.0,0.5,common CBA source league/pathway,9,17.22222222222222,8.6,0.344111111111111,0.3678986995208761,0.24,0.261,1.0,,,26.0,,,https://www.youtube.com/results?search_query=Jack+Gohlke+G+League+basketball+highlights,https://www.google.com/search?tbm=vid&q=Jack+Gohlke+G+League+basketball+highlights,Jack Gohlke G League basketball highlights,,https://www.google.com/search?q=site%3Abasketball-reference.com+%22Jack+Gohlke%22+basketball,https://www.google.com/search?q=%22Jack+Gohlke%22+%22G+League%22+official+basketball+stats,475,1.3445714361156376,2025-2026
476,Trey Townsend,treytownsend,2025-2026,G League,TOT,pasted_stats_table,1.3411653992395438,1.0,0.2126615969581749,0.0,0.5,common CBA source league/pathway; efficient scoring profile,24,18.75,8.9,0.24,0.5901856763925729,0.461,0.31,0.75,,,23.0,,,https://www.youtube.com/results?search_query=Trey+Townsend+G+League+basketball+highlights,https://www.google.com/search?tbm=vid&q=Trey+Townsend+G+League+basketball+highlights,Trey Townsend G League basketball highlights,,https://www.google.com/search?q=site%3Abasketball-reference.com+%22Trey+Townsend%22+basketball,https://www.google.com/search?q=%22Trey+Townsend%22+%22G+League%22+official+basketball+stats,476,1.3411653992395438,2025-2026
477,Cameron Brown,cameronbrown,2025-2026,G League,OKL,pasted_stats_table,1.3410848723519826,1.0,0.12033948940793047,0.0,0.5,common CBA source league/pathway,1,11.0,9.8,0.26,0.5235042735042735,0.5,0.0,0.5,,,,,,https://www.youtube.com/results?search_query=Cameron+Brown+G+League+basketball+highlights,https://www.google.com/search?tbm=vid&q=Cameron+Brown+G+League+basketball+highlights,Cameron Brown G League basketball highlights,,https://www.google.com/search?q=site%3Abasketball-reference.com+%22Cameron+Brown%22+basketball,https://www.google.com/search?q=%22Cameron+Brown%22+%22G+League%22+official+basketball+stats,477,1.3410848723519826,2025-2026
478,William Hickey,williamhickey,2025-2026,G League,SBL,pasted_stats_table,1.3355455504254934,1.0,0.19458220170197357,0.0,0.444,common CBA source league/pathway; efficient scoring profile; data warning: low_performance_stat_coverage,3,12.0,8.0,0.3299999999999999,0.5813953488372093,0.5,,0.5,,,,,,https://www.youtube.com/results?search_query=William+Hickey+G+League+basketball+highlights,https://www.google.com/search?tbm=vid&q=William+Hickey+G+League+basketball+highlights,William Hickey G League basketball highlights,low_performance_stat_coverage,https://www.google.com/search?q=site%3Abasketball-reference.com+%22William+Hickey%22+basketball,https://www.google.com/search?q=%22William+Hickey%22+%22G+League%22+official+basketball+stats,478,1.3355455504254934,2025-2026
479,Jaire Grayer,jairegrayer,2025-2026,G League,GBO,pasted_stats_table,1.3318841571609632,1.0,0.27993662864385294,0.0,0.444,common CBA source league/pathway; efficient scoring profile; data warning: low_performance_stat_coverage,5,4.0,9.0,0.15,0.8333333333333333,0.667,0.5,,,,29.0,,,https://www.youtube.com/results?search_query=Jaire+Grayer+G+League+basketball+highlights,https://www.google.com/search?tbm=vid&q=Jaire+Grayer+G+League+basketball+highlights,Jaire Grayer G League basketball highlights,low_performance_stat_coverage,https://www.google.com/search?q=site%3Abasketball-reference.com+%22Jaire+Grayer%22+basketball,https://www.google.com/search?q=%22Jaire+Grayer%22+%22G+League%22+official+basketball+stats,479,1.3318841571609632,2025-2026
480,Jean-Jacques Boissy,jeanjacquesboissy,2025-2026,G League,WCB,pasted_stats_table,1.3307290633110025,1.0,0.1725384754662321,0.0,0.444,common CBA source league/pathway; high usage proxy; data warning: low_performance_stat_coverage,2,11.0,6.5,0.4527777777777778,0.2210884353741496,0.222,0.0,,,,26.0,,,https://www.youtube.com/results?search_query=Jean-Jacques+Boissy+G+League+basketball+highlights,https://www.google.com/search?tbm=vid&q=Jean-Jacques+Boissy+G+League+basketball+highlights,Jean-Jacques Boissy G League basketball highlights,low_performance_stat_coverage,https://www.google.com/search?q=site%3Abasketball-reference.com+%22Jean-Jacques+Boissy%22+basketball,https://www.google.com/search?q=%22Jean-Jacques+Boissy%22+%22G+League%22+official+basketball+stats,480,1.3307290633110025,2025-2026
481,Blaise Threatt,blaisethreatt,2025-2026,G League,TOT,pasted_stats_table,1.329703075019615,1.0,0.1459234111895709,0.0,0.5,common CBA source league/pathway,8,7.375,6.7,0.4368888888888889,0.2214436805922792,0.208,0.0,0.5,,,25.0,,,https://www.youtube.com/results?search_query=Blaise+Threatt+G+League+basketball+highlights,https://www.google.com/search?tbm=vid&q=Blaise+Threatt+G+League+basketball+highlights,Blaise Threatt G League basketball highlights,,https://www.google.com/search?q=site%3Abasketball-reference.com+%22Blaise+Threatt%22+basketball,https://www.google.com/search?q=%22Blaise+Threatt%22+%22G+League%22+official+basketball+stats,481,1.329703075019615,2025-2026
482,Tommy Bruner,tommybruner,2025-2026,G League,MHU,pasted_stats_table,1.3288998732572876,1.0,0.16359949302915083,0.0,0.5,common CBA source league/pathway,7,16.714285714285715,8.0,0.312,0.5310674455655868,0.417,0.364,1.0,,,,,,https://www.youtube.com/results?search_query=Tommy+Bruner+G+League+basketball+highlights,https://www.google.com/search?tbm=vid&q=Tommy+Bruner+G+League+basketball+highlights,Tommy Bruner G League basketball highlights,,https://www.google.com/search?q=site%3Abasketball-reference.com+%22Tommy+Bruner%22+basketball,https://www.google.com/search?q=%22Tommy+Bruner%22+%22G+League%22+official+basketball+stats,482,1.3288998732572876,2025-2026
483,Alex Antetokounmpo,alexantetokounmpo,2025-2026,G League,WIS,pasted_stats_table,1.3265418250950571,1.0,0.14550063371356148,0.0,0.5,common CBA source league/pathway,33,18.24242424242424,8.4,0.2886666666666667,0.4945831370701837,0.344,0.269,0.567,,,24.0,,,https://www.youtube.com/results?search_query=Alex+Antetokounmpo+G+League+basketball+highlights,https://www.google.com/search?tbm=vid&q=Alex+Antetokounmpo+G+League+basketball+highlights,Alex Antetokounmpo G League basketball highlights,,https://www.google.com/search?q=site%3Abasketball-reference.com+%22Alex+Antetokounmpo%22+basketball,https://www.google.com/search?q=%22Alex+Antetokounmpo%22+%22G+League%22+official+basketball+stats,483,1.3265418250950571,2025-2026
484,Micah Parrish,micahparrish,2025-2026,G League,TOT,pasted_stats_table,1.3233170755627979,1.0,0.09771274669563643,0.0,0.5,common CBA source league/pathway,23,10.91304347826087,8.7,0.2995555555555556,0.4586672290172922,0.302,0.189,1.0,,,24.0,,,https://www.youtube.com/results?search_query=Micah+Parrish+G+League+basketball+highlights,https://www.google.com/search?tbm=vid&q=Micah+Parrish+G+League+basketball+highlights,Micah Parrish G League basketball highlights,,https://www.google.com/search?q=site%3Abasketball-reference.com+%22Micah+Parrish%22+basketball,https://www.google.com/search?q=%22Micah+Parrish%22+%22G+League%22+official+basketball+stats,484,1.3233170755627979,2025-2026
485,Seth Maxwell,sethmaxwell,2025-2026,G League,TOT,pasted_stats_table,1.3221841918643247,1.0,0.102958989679522,0.0,0.5,common CBA source league/pathway,22,10.545454545454543,8.7,0.2897777777777777,0.4925271739130435,0.429,0.267,1.0,,,,,,https://www.youtube.com/results?search_query=Seth+Maxwell+G+League+basketball+highlights,https://www.google.com/search?tbm=vid&q=Seth+Maxwell+G+League+basketball+highlights,Seth Maxwell G League basketball highlights,,https://www.google.com/search?q=site%3Abasketball-reference.com+%22Seth+Maxwell%22+basketball,https://www.google.com/search?q=%22Seth+Maxwell%22+%22G+League%22+official+basketball+stats,485,1.3221841918643247,2025-2026
486,Obadiah Noel,obadiahnoel,2025-2026,G League,WES,pasted_stats_table,1.321901510350655,1.0,0.17182826362484155,0.0,0.5,common CBA source league/pathway,4,12.25,5.9,0.4437777777777777,0.2403062886933855,0.2,0.0,0.25,,,26.0,,,https://www.youtube.com/results?search_query=Obadiah+Noel+G+League+basketball+highlights,https://www.google.com/search?tbm=vid&q=Obadiah+Noel+G+League+basketball+highlights,Obadiah Noel G League basketball highlights,,https://www.google.com/search?q=site%3Abasketball-reference.com+%22Obadiah+Noel%22+basketball,https://www.google.com/search?q=%22Obadiah+Noel%22+%22G+League%22+official+basketball+stats,486,1.321901510350655,2025-2026
487,Giddy Potts,giddypotts,2025-2026,G League,WCB,pasted_stats_table,1.3217954764922444,1.0,0.16307079485786707,0.0,0.5,common CBA source league/pathway,12,21.58333333333333,8.1,0.2761111111111111,0.4742388758782201,0.345,0.295,0.714,,,30.0,,,https://www.youtube.com/results?search_query=Giddy+Potts+G+League+basketball+highlights,https://www.google.com/search?tbm=vid&q=Giddy+Potts+G+League+basketball+highlights,Giddy Potts G League basketball highlights,,https://www.google.com/search?q=site%3Abasketball-reference.com+%22Giddy+Potts%22+basketball,https://www.google.com/search?q=%22Giddy+Potts%22+%22G+League%22+official+basketball+stats,487,1.3217954764922444,2025-2026
488,Bez Mbeng,bezmbeng,2025-2026,G League,SXF,pasted_stats_table,1.3217837301587305,1.0,0.25702380952380954,0.0,0.5,common CBA source league/pathway,30,29.03333333333333,7.4,0.238111111111111,0.5545563549160673,0.459,0.254,0.531,,,22.0,,,https://www.youtube.com/results?search_query=Bez+Mbeng+G+League+basketball+highlights,https://www.google.com/search?tbm=vid&q=Bez+Mbeng+G+League+basketball+highlights,Bez Mbeng G League basketball highlights,,https://www.google.com/search?q=site%3Abasketball-reference.com+%22Bez+Mbeng%22+basketball,https://www.google.com/search?q=%22Bez+Mbeng%22+%22G+League%22+official+basketball+stats,488,1.3217837301587305,2025-2026
489,Isaiah Todd,isaiahtodd,2025-2026,G League,RGV,pasted_stats_table,1.3191575909831614,1.0,0.12763036393264532,0.0,0.5,common CBA source league/pathway,3,14.666666666666666,7.4,0.357,0.3070029870560903,0.308,0.0,0.25,,,24.0,,,https://www.youtube.com/results?search_query=Isaiah+Todd+G+League+basketball+highlights,https://www.google.com/search?tbm=vid&q=Isaiah+Todd+G+League+basketball+highlights,Isaiah Todd G League basketball highlights,,https://www.google.com/search?q=site%3Abasketball-reference.com+%22Isaiah+Todd%22+basketball,https://www.google.com/search?q=%22Isaiah+Todd%22+%22G+League%22+official+basketball+stats,489,1.3191575909831614,2025-2026
490,Matt Allocco,mattallocco,2025-2026,G League,SDC,pasted_stats_table,1.3183822122638664,1.0,0.28997329349990947,0.0,0.5,common CBA source league/pathway; efficient scoring profile,32,24.9375,7.4,0.1915555555555555,0.6170780520346899,0.452,0.343,0.762,,,25.0,,,https://www.youtube.com/results?search_query=Matt+Allocco+G+League+basketball+highlights,https://www.google.com/search?tbm=vid&q=Matt+Allocco+G+League+basketball+highlights,Matt Allocco G League basketball highlights,,https://www.google.com/search?q=site%3Abasketball-reference.com+%22Matt+Allocco%22+basketball,https://www.google.com/search?q=%22Matt+Allocco%22+%22G+League%22+official+basketball+stats,490,1.3183822122638664,2025-2026
491,Ace Baldwin,acebaldwin,2025-2026,G League,OSC,pasted_stats_table,1.3108101424346672,1.0,0.14846279196089082,0.0,0.5,common CBA source league/pathway,19,8.263157894736842,7.6,0.2867777777777778,0.573671497584541,0.44,0.308,0.556,,,24.0,,,https://www.youtube.com/results?search_query=Ace+Baldwin+G+League+basketball+highlights,https://www.google.com/search?tbm=vid&q=Ace+Baldwin+G+League+basketball+highlights,Ace Baldwin G League basketball highlights,,https://www.google.com/search?q=site%3Abasketball-reference.com+%22Ace+Baldwin%22+basketball,https://www.google.com/search?q=%22Ace+Baldwin%22+%22G+League%22+official+basketball+stats,491,1.3108101424346672,2025-2026
492,Zach Hicks,zachhicks,2025-2026,G League,SBL,pasted_stats_table,1.3006178616693826,1.0,0.12653811334419698,0.0,0.444,common CBA source league/pathway; data warning: low_performance_stat_coverage,15,12.666666666666666,8.0,0.2583333333333333,0.5405405405405405,0.385,0.353,,,,22.0,,,https://www.youtube.com/results?search_query=Zach+Hicks+G+League+basketball+highlights,https://www.google.com/search?tbm=vid&q=Zach+Hicks+G+League+basketball+highlights,Zach Hicks G League basketball highlights,low_performance_stat_coverage,https://www.google.com/search?q=site%3Abasketball-reference.com+%22Zach+Hicks%22+basketball,https://www.google.com/search?q=%22Zach+Hicks%22+%22G+League%22+official+basketball+stats,492,1.3006178616693826,2025-2026
493,Nana Appiah,nanaappiah,2025-2026,G League,TOT,pasted_stats_table,1.298827832096083,1.0,0.07560021727322107,0.0,0.444,common CBA source league/pathway; data warning: low_performance_stat_coverage,4,8.75,8.2,0.2861111111111111,0.3980582524271844,0.4,0.0,,,,,,,https://www.youtube.com/results?search_query=Nana+Appiah+G+League+basketball+highlights,https://www.google.com/search?tbm=vid&q=Nana+Appiah+G+League+basketball+highlights,Nana Appiah G League basketball highlights,low_performance_stat_coverage,https://www.google.com/search?q=site%3Abasketball-reference.com+%22Nana+Appiah%22+basketball,https://www.google.com/search?q=%22Nana+Appiah%22+%22G+League%22+official+basketball+stats,493,1.298827832096083,2025-2026
494,Steven Richardson,stevenrichardson,2025-2026,G League,TOT,pasted_stats_table,1.2987622442513127,1.0,0.14571564367191742,0.0,0.5,common CBA source league/pathway,18,21.22222222222222,7.4,0.2573333333333333,0.4477250726040659,0.353,0.261,0.5,,,,,,https://www.youtube.com/results?search_query=Steven+Richardson+G+League+basketball+highlights,https://www.google.com/search?tbm=vid&q=Steven+Richardson+G+League+basketball+highlights,Steven Richardson G League basketball highlights,,https://www.google.com/search?q=site%3Abasketball-reference.com+%22Steven+Richardson%22+basketball,https://www.google.com/search?q=%22Steven+Richardson%22+%22G+League%22+official+basketball+stats,494,1.2987622442513127,2025-2026
495,Symir Torrence,symirtorrence,2025-2026,G League,MCC,pasted_stats_table,1.2932063341179314,1.0,0.2369364475828354,0.0,0.5,common CBA source league/pathway; efficient scoring profile,18,21.05555555555556,6.6,0.2078888888888889,0.6017505470459519,0.547,0.25,0.417,,,24.0,,,https://www.youtube.com/results?search_query=Symir+Torrence+G+League+basketball+highlights,https://www.google.com/search?tbm=vid&q=Symir+Torrence+G+League+basketball+highlights,Symir Torrence G League basketball highlights,,https://www.google.com/search?q=site%3Abasketball-reference.com+%22Symir+Torrence%22+basketball,https://www.google.com/search?q=%22Symir+Torrence%22+%22G+League%22+official+basketball+stats,495,1.2932063341179314,2025-2026
496,Nathan Mariano,nathanmariano,2025-2026,G League,VAL,pasted_stats_table,1.2903380469551573,1.0,0.08652996559840666,0.0,0.444,common CBA source league/pathway; data warning: low_performance_stat_coverage,11,11.363636363636363,7.5,0.2972222222222222,0.3947368421052631,0.303,0.24,,,,22.0,,,https://www.youtube.com/results?search_query=Nathan+Mariano+G+League+basketball+highlights,https://www.google.com/search?tbm=vid&q=Nathan+Mariano+G+League+basketball+highlights,Nathan Mariano G League basketball highlights,low_performance_stat_coverage,https://www.google.com/search?q=site%3Abasketball-reference.com+%22Nathan+Mariano%22+basketball,https://www.google.com/search?q=%22Nathan+Mariano%22+%22G+League%22+official+basketball+stats,496,1.2903380469551573,2025-2026
497,Tylor Perry,tylorperry,2025-2026,G League,RAP,pasted_stats_table,1.2903288822499852,1.0,0.10220441788882854,0.0,0.5,common CBA source league/pathway,9,9.0,6.2,0.3631111111111111,0.3272804054054054,0.2,0.067,1.0,,,,,,https://www.youtube.com/results?search_query=Tylor+Perry+G+League+basketball+highlights,https://www.google.com/search?tbm=vid&q=Tylor+Perry+G+League+basketball+highlights,Tylor Perry G League basketball highlights,,https://www.google.com/search?q=site%3Abasketball-reference.com+%22Tylor+Perry%22+basketball,https://www.google.com/search?q=%22Tylor+Perry%22+%22G+League%22+official+basketball+stats,497,1.2903288822499852,2025-2026
498,Onno Steger,onnosteger,2025-2026,G League,WIS,pasted_stats_table,1.2889055012372503,1.0,0.0860664493934456,0.0,0.5,common CBA source league/pathway,11,7.090909090909091,6.9,0.3175555555555556,0.4461976202793585,0.214,0.333,1.0,,,,,,https://www.youtube.com/results?search_query=Onno+Steger+G+League+basketball+highlights,https://www.google.com/search?tbm=vid&q=Onno+Steger+G+League+basketball+highlights,Onno Steger G League basketball highlights,,https://www.google.com/search?q=site%3Abasketball-reference.com+%22Onno+Steger%22+basketball,https://www.google.com/search?q=%22Onno+Steger%22+%22G+League%22+official+basketball+stats,498,1.2889055012372503,2025-2026
499,Justin Johnson,justinjohnson,2025-2026,G League,RGV,pasted_stats_table,1.2876297981169655,1.0,0.11051919246786168,0.0,0.5,common CBA source league/pathway,1,12.0,6.0,0.36,0.3012048192771084,0.0,0.0,0.333,,,,,,https://www.youtube.com/results?search_query=Justin+Johnson+G+League+basketball+highlights,https://www.google.com/search?tbm=vid&q=Justin+Johnson+G+League+basketball+highlights,Justin Johnson G League basketball highlights,,https://www.google.com/search?q=site%3Abasketball-reference.com+%22Justin+Johnson%22+basketball,https://www.google.com/search?q=%22Justin+Johnson%22+%22G+League%22+official+basketball+stats,499,1.2876297981169655,2025-2026
500,Nathan Missia-Dio,nathanmissiadio,2025-2026,G League,TOT,pasted_stats_table,1.2846970456877302,1.0,0.12263262719536483,0.0,0.444,common CBA source league/pathway; data warning: low_performance_stat_coverage,6,2.333333333333333,5.1,0.4305555555555556,0.1976744186046511,0.2,0.0,,,,21.0,,,https://www.youtube.com/results?search_query=Nathan+Missia-Dio+G+League+basketball+highlights,https://www.google.com/search?tbm=vid&q=Nathan+Missia-Dio+G+League+basketball+highlights,Nathan Missia-Dio G League basketball highlights,low_performance_stat_coverage,https://www.google.com/search?q=site%3Abasketball-reference.com+%22Nathan+Missia-Dio%22+basketball,https://www.google.com/search?q=%22Nathan+Missia-Dio%22+%22G+League%22+official+basketball+stats,500,1.2846970456877302,2025-2026
501,Trae Hannibal,traehannibal,2025-2026,G League,TOT,pasted_stats_table,1.2838975873619412,1.0,0.10625701611443056,0.0,0.5,common CBA source league/pathway,13,14.846153846153848,6.5,0.3093333333333333,0.3994591937069813,0.333,0.5,0.6,,,,,,https://www.youtube.com/results?search_query=Trae+Hannibal+G+League+basketball+highlights,https://www.google.com/search?tbm=vid&q=Trae+Hannibal+G+League+basketball+highlights,Trae Hannibal G League basketball highlights,,https://www.google.com/search?q=site%3Abasketball-reference.com+%22Trae+Hannibal%22+basketball,https://www.google.com/search?q=%22Trae+Hannibal%22+%22G+League%22+official+basketball+stats,501,1.2838975873619412,2025-2026
502,Trhae Mitchell,trhaemitchell,2025-2026,G League,BIR,pasted_stats_table,1.2834291297000424,1.0,0.15549429657794678,0.0,0.5,common CBA source league/pathway,34,21.205882352941178,6.9,0.2262222222222222,0.5040911747516074,0.365,0.312,0.667,,,,,,https://www.youtube.com/results?search_query=Trhae+Mitchell+G+League+basketball+highlights,https://www.google.com/search?tbm=vid&q=Trhae+Mitchell+G+League+basketball+highlights,Trhae Mitchell G League basketball highlights,,https://www.google.com/search?q=site%3Abasketball-reference.com+%22Trhae+Mitchell%22+basketball,https://www.google.com/search?q=%22Trhae+Mitchell%22+%22G+League%22+official+basketball+stats,502,1.2834291297000424,2025-2026
503,Ethan Taylor,ethantaylor,2025-2026,G League,TOT,pasted_stats_table,1.2735032123242198,1.0,0.07896840485243528,0.0,0.444,common CBA source league/pathway; data warning: low_performance_stat_coverage,10,5.6,7.1,0.2694444444444444,0.5,0.364,0.429,,,,24.0,,,https://www.youtube.com/results?search_query=Ethan+Taylor+G+League+basketball+highlights,https://www.google.com/search?tbm=vid&q=Ethan+Taylor+G+League+basketball+highlights,Ethan Taylor G League basketball highlights,low_performance_stat_coverage,https://www.google.com/search?q=site%3Abasketball-reference.com+%22Ethan+Taylor%22+basketball,https://www.google.com/search?q=%22Ethan+Taylor%22+%22G+League%22+official+basketball+stats,503,1.2735032123242198,2025-2026
504,Kenan Blackshear,kenanblackshear,2025-2026,G League,SLC,pasted_stats_table,1.2662854789063915,1.0,0.24287524895889911,0.0,0.389,common CBA source league/pathway; high usage proxy; data warning: low_performance_stat_coverage,1,3.0,0.0,0.6666666666666666,0.0,0.0,,,,,,,,https://www.youtube.com/results?search_query=Kenan+Blackshear+G+League+basketball+highlights,https://www.google.com/search?tbm=vid&q=Kenan+Blackshear+G+League+basketball+highlights,Kenan Blackshear G League basketball highlights,low_performance_stat_coverage,https://www.google.com/search?q=site%3Abasketball-reference.com+%22Kenan+Blackshear%22+basketball,https://www.google.com/search?q=%22Kenan+Blackshear%22+%22G+League%22+official+basketball+stats,504,1.2662854789063915,2025-2026
505,Eric Ayala,ericayala,2025-2026,G League,TOT,pasted_stats_table,1.2648435783692438,1.0,0.06181875792141951,0.0,0.5,common CBA source league/pathway,15,9.733333333333333,6.9,0.2455555555555555,0.4136690647482015,0.313,0.222,0.5,,,27.0,,,https://www.youtube.com/results?search_query=Eric+Ayala+G+League+basketball+highlights,https://www.google.com/search?tbm=vid&q=Eric+Ayala+G+League+basketball+highlights,Eric Ayala G League basketball highlights,,https://www.google.com/search?q=site%3Abasketball-reference.com+%22Eric+Ayala%22+basketball,https://www.google.com/search?q=%22Eric+Ayala%22+%22G+League%22+official+basketball+stats,505,1.2648435783692438,2025-2026
506,Brian Taylor,briantaylor,2025-2026,G League,MCC,pasted_stats_table,1.262077486571308,1.0,0.18108772406300921,0.0,0.5,common CBA source league/pathway; efficient scoring profile,12,14.583333333333334,6.2,0.1712222222222222,0.6003098373353989,0.458,0.5,0.667,,,24.0,,,https://www.youtube.com/results?search_query=Brian+Taylor+G+League+basketball+highlights,https://www.google.com/search?tbm=vid&q=Brian+Taylor+G+League+basketball+highlights,Brian Taylor G League basketball highlights,,https://www.google.com/search?q=site%3Abasketball-reference.com+%22Brian+Taylor%22+basketball,https://www.google.com/search?q=%22Brian+Taylor%22+%22G+League%22+official+basketball+stats,506,1.262077486571308,2025-2026
507,Dwayne Cohill,dwaynecohill,2025-2026,G League,DEL,pasted_stats_table,1.255690535035307,1.0,0.07249547347456092,0.0,0.444,common CBA source league/pathway; data warning: low_performance_stat_coverage,2,9.5,5.7,0.3166666666666666,0.3,0.2,0.5,,,,26.0,,,https://www.youtube.com/results?search_query=Dwayne+Cohill+G+League+basketball+highlights,https://www.google.com/search?tbm=vid&q=Dwayne+Cohill+G+League+basketball+highlights,Dwayne Cohill G League basketball highlights,low_performance_stat_coverage,https://www.google.com/search?q=site%3Abasketball-reference.com+%22Dwayne+Cohill%22+basketball,https://www.google.com/search?q=%22Dwayne+Cohill%22+%22G+League%22+official+basketball+stats,507,1.255690535035307,2025-2026
508,Robert Woodard II,robertwoodard,2025-2026,G League,MNE,pasted_stats_table,1.2488731893898246,1.0,0.07249275755929749,0.0,0.5,common CBA source league/pathway,3,9.666666666666666,5.0,0.323,0.2397391637897966,0.125,0.0,1.0,,,26.0,,,https://www.youtube.com/results?search_query=Robert+Woodard+II+G+League+basketball+highlights,https://www.google.com/search?tbm=vid&q=Robert+Woodard+II+G+League+basketball+highlights,Robert Woodard II G League basketball highlights,,https://www.google.com/search?q=site%3Abasketball-reference.com+%22Robert+Woodard+II%22+basketball,https://www.google.com/search?q=%22Robert+Woodard+II%22+%22G+League%22+official+basketball+stats,508,1.2488731893898246,2025-2026
509,Kellen Tynes,kellentynes,2025-2026,G League,DEL,pasted_stats_table,1.2450807833906692,1.0,0.08654535578489951,0.0,0.5,common CBA source league/pathway,22,15.227272727272728,5.8,0.2297777777777777,0.4623724489795918,0.34,0.154,0.75,,,,,,https://www.youtube.com/results?search_query=Kellen+Tynes+G+League+basketball+highlights,https://www.google.com/search?tbm=vid&q=Kellen+Tynes+G+League+basketball+highlights,Kellen Tynes G League basketball highlights,,https://www.google.com/search?q=site%3Abasketball-reference.com+%22Kellen+Tynes%22+basketball,https://www.google.com/search?q=%22Kellen+Tynes%22+%22G+League%22+official+basketball+stats,509,1.2450807833906692,2025-2026
510,Dajuan Harris Jr.,dajuanharris,2025-2026,G League,TOT,pasted_stats_table,1.244360039833424,1.0,0.08844015933369545,0.0,0.5,common CBA source league/pathway,28,15.964285714285714,5.7,0.2329999999999999,0.439272503082614,0.35,0.239,1.0,,,25.0,,,https://www.youtube.com/results?search_query=Dajuan+Harris+Jr.+G+League+basketball+highlights,https://www.google.com/search?tbm=vid&q=Dajuan+Harris+Jr.+G+League+basketball+highlights,Dajuan Harris Jr. G League basketball highlights,,https://www.google.com/search?q=site%3Abasketball-reference.com+%22Dajuan+Harris+Jr.%22+basketball,https://www.google.com/search?q=%22Dajuan+Harris+Jr.%22+%22G+League%22+official+basketball+stats,510,1.244360039833424,2025-2026
511,Ray Harrison,rayharrison,2025-2026,G League,TOT,pasted_stats_table,1.2430772587361942,1.0,0.0637090349447764,0.0,0.444,common CBA source league/pathway; data warning: low_performance_stat_coverage,10,11.3,5.7,0.275,0.3433734939759036,0.269,0.25,,,,,,,https://www.youtube.com/results?search_query=Ray+Harrison+G+League+basketball+highlights,https://www.google.com/search?tbm=vid&q=Ray+Harrison+G+League+basketball+highlights,Ray Harrison G League basketball highlights,low_performance_stat_coverage,https://www.google.com/search?q=site%3Abasketball-reference.com+%22Ray+Harrison%22+basketball,https://www.google.com/search?q=%22Ray+Harrison%22+%22G+League%22+official+basketball+stats,511,1.2430772587361942,2025-2026
512,Patrick McCaw,patrickmccaw,2025-2026,G League,RAP,pasted_stats_table,1.2391323933248837,1.0,0.11197401774397972,0.0,0.5,common CBA source league/pathway,18,20.22222222222222,5.6,0.1965555555555555,0.4685408299866131,0.39,0.212,0.5,,,30.0,,,https://www.youtube.com/results?search_query=Patrick+McCaw+G+League+basketball+highlights,https://www.google.com/search?tbm=vid&q=Patrick+McCaw+G+League+basketball+highlights,Patrick McCaw G League basketball highlights,,https://www.google.com/search?q=site%3Abasketball-reference.com+%22Patrick+McCaw%22+basketball,https://www.google.com/search?q=%22Patrick+McCaw%22+%22G+League%22+official+basketball+stats,512,1.2391323933248837,2025-2026
513,Jamal Bieniemy,jamalbieniemy,2025-2026,G League,TOT,pasted_stats_table,1.2382655938801375,1.0,0.08439570885388376,0.0,0.5,common CBA source league/pathway,18,16.444444444444443,5.6,0.2206666666666666,0.4214328717639976,0.352,0.333,0.0,,,,,,https://www.youtube.com/results?search_query=Jamal+Bieniemy+G+League+basketball+highlights,https://www.google.com/search?tbm=vid&q=Jamal+Bieniemy+G+League+basketball+highlights,Jamal Bieniemy G League basketball highlights,,https://www.google.com/search?q=site%3Abasketball-reference.com+%22Jamal+Bieniemy%22+basketball,https://www.google.com/search?q=%22Jamal+Bieniemy%22+%22G+League%22+official+basketball+stats,513,1.2382655938801375,2025-2026
514,Ebenezer Dowuona,ebenezerdowuona,2025-2026,G League,TOT,pasted_stats_table,1.2287865501840787,1.0,0.09610175629187037,0.0,0.444,common CBA source league/pathway; data warning: low_performance_stat_coverage,11,13.363636363636363,5.4,0.2094444444444444,0.5252918287937743,0.474,,0.5,,,,,,https://www.youtube.com/results?search_query=Ebenezer+Dowuona+G+League+basketball+highlights,https://www.google.com/search?tbm=vid&q=Ebenezer+Dowuona+G+League+basketball+highlights,Ebenezer Dowuona G League basketball highlights,low_performance_stat_coverage,https://www.google.com/search?q=site%3Abasketball-reference.com+%22Ebenezer+Dowuona%22+basketball,https://www.google.com/search?q=%22Ebenezer+Dowuona%22+%22G+League%22+official+basketball+stats,514,1.2287865501840787,2025-2026
515,Caleb Mills,calebmills,2025-2026,G League,TOT,pasted_stats_table,1.2274350654837347,1.0,0.0446958174904943,0.0,0.389,common CBA source league/pathway; data warning: low_performance_stat_coverage,4,6.5,5.5,0.2694444444444445,0.3313253012048192,0.333,,,,,,,,https://www.youtube.com/results?search_query=Caleb+Mills+G+League+basketball+highlights,https://www.google.com/search?tbm=vid&q=Caleb+Mills+G+League+basketball+highlights,Caleb Mills G League basketball highlights,low_performance_stat_coverage,https://www.google.com/search?q=site%3Abasketball-reference.com+%22Caleb+Mills%22+basketball,https://www.google.com/search?q=%22Caleb+Mills%22+%22G+League%22+official+basketball+stats,515,1.2274350654837347,2025-2026
516,Michael Caicedo,michaelcaicedo,2025-2026,G League,GRG,pasted_stats_table,1.213150589957149,1.0,0.03971347093970668,0.0,0.5,common CBA source league/pathway,7,8.285714285714286,5.0,0.2128888888888889,0.3867574257425742,0.3,0.0,1.0,,,22.0,,,https://www.youtube.com/results?search_query=Michael+Caicedo+G+League+basketball+highlights,https://www.google.com/search?tbm=vid&q=Michael+Caicedo+G+League+basketball+highlights,Michael Caicedo G League basketball highlights,,https://www.google.com/search?q=site%3Abasketball-reference.com+%22Michael+Caicedo%22+basketball,https://www.google.com/search?q=%22Michael+Caicedo%22+%22G+League%22+official+basketball+stats,516,1.213150589957149,2025-2026
517,Jalen Williams,jalenwilliams,2025-2026,G League,RAP,pasted_stats_table,1.2127709034944776,1.0,0.17348361397791054,0.0,0.444,common CBA source league/pathway; high usage proxy; data warning: low_performance_stat_coverage,1,2.0,0.0,0.5,0.0,0.0,0.0,,,,,,,https://www.youtube.com/results?search_query=Jalen+Williams+G+League+basketball+highlights,https://www.google.com/search?tbm=vid&q=Jalen+Williams+G+League+basketball+highlights,Jalen Williams G League basketball highlights,low_performance_stat_coverage,https://www.google.com/search?q=site%3Abasketball-reference.com+%22Jalen+Williams%22+basketball,https://www.google.com/search?q=%22Jalen+Williams%22+%22G+League%22+official+basketball+stats,517,1.2127709034944776,2025-2026
518,DK Thorn,dkthorn,2025-2026,G League,RGV,pasted_stats_table,1.1821797015510895,1.0,0.12334102842657976,0.0,0.444,common CBA source league/pathway; data warning: low_performance_stat_coverage,1,7.0,0.0,0.4277777777777778,0.0,0.0,0.0,,,,,,,https://www.youtube.com/results?search_query=DK+Thorn+G+League+basketball+highlights,https://www.google.com/search?tbm=vid&q=DK+Thorn+G+League+basketball+highlights,DK Thorn G League basketball highlights,low_performance_stat_coverage,https://www.google.com/search?q=site%3Abasketball-reference.com+%22DK+Thorn%22+basketball,https://www.google.com/search?q=%22DK+Thorn%22+%22G+League%22+official+basketball+stats,518,1.1821797015510895,2025-2026
519,Jaden Bediako,jadenbediako,2025-2026,G League,RAP,pasted_stats_table,1.1530105000301767,1.0,0.07866422234292958,0.0,0.389,common CBA source league/pathway; data warning: low_performance_stat_coverage,5,3.2,0.0,0.3777777777777777,0.0,0.0,,,,,25.0,,,https://www.youtube.com/results?search_query=Jaden+Bediako+G+League+basketball+highlights,https://www.google.com/search?tbm=vid&q=Jaden+Bediako+G+League+basketball+highlights,Jaden Bediako G League basketball highlights,low_performance_stat_coverage,https://www.google.com/search?q=site%3Abasketball-reference.com+%22Jaden+Bediako%22+basketball,https://www.google.com/search?q=%22Jaden+Bediako%22+%22G+League%22+official+basketball+stats,519,1.1530105000301767,2025-2026
520,Vinicius da Silva,viniciusdasilva,2025-2026,G League,WES,pasted_stats_table,1.1509405274910978,1.0,0.0939398877421691,0.0,0.389,common CBA source league/pathway; data warning: low_performance_stat_coverage,3,16.333333333333332,2.9,0.1222222222222222,0.5,0.5,,,,,24.0,,,https://www.youtube.com/results?search_query=Vinicius+da+Silva+G+League+basketball+highlights,https://www.google.com/search?tbm=vid&q=Vinicius+da+Silva+G+League+basketball+highlights,Vinicius da Silva G League basketball highlights,low_performance_stat_coverage,https://www.google.com/search?q=site%3Abasketball-reference.com+%22Vinicius+da+Silva%22+basketball,https://www.google.com/search?q=%22Vinicius+da+Silva%22+%22G+League%22+official+basketball+stats,520,1.1509405274910978,2025-2026
521,N'Faly Dante,nfalydante,2025-2026,G League,CPS,pasted_stats_table,1.1509107414448672,1.0,0.09244296577946767,0.0,0.278,common CBA source league/pathway; data warning: low_performance_stat_coverage; low_completeness,1,5.0,0.0,0.4,,,,,,,24.0,,,https://www.youtube.com/results?search_query=N%27Faly+Dante+G+League+basketball+highlights,https://www.google.com/search?tbm=vid&q=N%27Faly+Dante+G+League+basketball+highlights,N'Faly Dante G League basketball highlights,low_performance_stat_coverage; low_completeness,https://www.google.com/search?q=site%3Abasketball-reference.com+%22N%27Faly+Dante%22+basketball,https://www.google.com/search?q=%22N%27Faly+Dante%22+%22G+League%22+official+basketball+stats,521,1.1509107414448672,2025-2026
522,Josh Cohen,joshcohen,2025-2026,G League,SXF,pasted_stats_table,1.1135512689359646,1.0,0.026382853521636787,0.0,0.389,common CBA source league/pathway; data warning: low_performance_stat_coverage,4,2.75,0.0,0.2722222222222222,0.0,0.0,,,,,24.0,,,https://www.youtube.com/results?search_query=Josh+Cohen+G+League+basketball+highlights,https://www.google.com/search?tbm=vid&q=Josh+Cohen+G+League+basketball+highlights,Josh Cohen G League basketball highlights,low_performance_stat_coverage,https://www.google.com/search?q=site%3Abasketball-reference.com+%22Josh+Cohen%22+basketball,https://www.google.com/search?q=%22Josh+Cohen%22+%22G+League%22+official+basketball+stats,522,1.1135512689359646,2025-2026
523,Ray Williams Jr.,raywilliams,2025-2026,G League,MCC,pasted_stats_table,1.094328624238035,1.0,0.06060338584102843,0.0,0.389,common CBA source league/pathway; data warning: low_performance_stat_coverage,3,16.666666666666668,0.0,0.1611111111111111,0.0,0.0,,,,,23.0,,,https://www.youtube.com/results?search_query=Ray+Williams+Jr.+G+League+basketball+highlights,https://www.google.com/search?tbm=vid&q=Ray+Williams+Jr.+G+League+basketball+highlights,Ray Williams Jr. G League basketball highlights,low_performance_stat_coverage,https://www.google.com/search?q=site%3Abasketball-reference.com+%22Ray+Williams+Jr.%22+basketball,https://www.google.com/search?q=%22Ray+Williams+Jr.%22+%22G+League%22+official+basketball+stats,523,1.094328624238035,2025-2026
524,Ileri Ayo-Faleye,ileriayofaleye,2025-2026,G League,SDC,pasted_stats_table,1.0819341375460196,1.0,0.01402543907296759,0.0,0.444,common CBA source league/pathway; data warning: low_performance_stat_coverage,4,5.5,0.0,0.1361111111111111,0.0,0.0,0.0,,,,26.0,,,https://www.youtube.com/results?search_query=Ileri+Ayo-Faleye+G+League+basketball+highlights,https://www.google.com/search?tbm=vid&q=Ileri+Ayo-Faleye+G+League+basketball+highlights,Ileri Ayo-Faleye G League basketball highlights,low_performance_stat_coverage,https://www.google.com/search?q=site%3Abasketball-reference.com+%22Ileri+Ayo-Faleye%22+basketball,https://www.google.com/search?q=%22Ileri+Ayo-Faleye%22+%22G+League%22+official+basketball+stats,524,1.0819341375460196,2025-2026
525,Matt Becht,mattbecht,2025-2026,G League,TEX,pasted_stats_table,1.0782057894260366,1.0,0.010223157704146297,0.0,0.444,common CBA source league/pathway; data warning: low_performance_stat_coverage,2,4.0,0.0,0.125,0.0,0.0,0.0,,,,26.0,,,https://www.youtube.com/results?search_query=Matt+Becht+G+League+basketball+highlights,https://www.google.com/search?tbm=vid&q=Matt+Becht+G+League+basketball+highlights,Matt Becht G League basketball highlights,low_performance_stat_coverage,https://www.google.com/search?q=site%3Abasketball-reference.com+%22Matt+Becht%22+basketball,https://www.google.com/search?q=%22Matt+Becht%22+%22G+League%22+official+basketball+stats,525,1.0782057894260366,2025-2026
526,Noah Starkey,noahstarkey,2025-2026,G League,OKL,pasted_stats_table,1.0504525152393023,1.0,0.02543228317943147,0.0,0.389,common CBA source league/pathway; data warning: low_performance_stat_coverage,2,10.5,0.0,0.0207777777777777,0.0,,,0.0,,,28.0,,,https://www.youtube.com/results?search_query=Noah+Starkey+G+League+basketball+highlights,https://www.google.com/search?tbm=vid&q=Noah+Starkey+G+League+basketball+highlights,Noah Starkey G League basketball highlights,low_performance_stat_coverage,https://www.google.com/search?q=site%3Abasketball-reference.com+%22Noah+Starkey%22+basketball,https://www.google.com/search?q=%22Noah+Starkey%22+%22G+League%22+official+basketball+stats,526,1.0504525152393023,2025-2026
